timestamp,frame_number,fps,inference_ms,detection_count,average_confidence,brightness
2026-07-24T20:12:18,1,1.418,703.66,0,0.0,0.735
2026-07-24T20:12:18,2,7.593,26.143,2,0.6378,134.125
2026-07-24T20:12:18,3,16.316,21.784,1,0.9157,135.088
2026-07-24T20:12:18,4,14.702,23.012,1,0.9177,136.192
2026-07-24T20:12:18,5,14.825,22.978,1,0.9204,137.688
2026-07-24T20:12:18,6,14.547,24.175,2,0.6388,138.77
2026-07-24T20:12:18,7,9.82,52.0,2,0.6385,139.723
2026-07-24T20:12:18,8,11.077,44.579,2,0.6564,141.091
2026-07-24T20:12:19,9,18.821,34.5,2,0.6469,141.834
2026-07-24T20:12:19,10,17.789,24.367,2,0.6441,142.462
2026-07-24T20:12:19,11,14.878,24.098,2,0.6381,143.126
2026-07-24T20:12:19,12,14.762,25.197,2,0.6443,143.658
2026-07-24T20:12:19,13,13.244,32.394,1,0.9177,144.122
2026-07-24T20:12:19,14,15.001,26.041,2,0.6367,144.352
2026-07-24T20:12:19,15,15.156,25.48,1,0.9243,144.131
2026-07-24T20:12:19,16,14.841,26.997,2,0.6525,144.117
2026-07-24T20:12:19,17,15.06,25.079,1,0.9148,144.556
2026-07-24T20:12:19,18,14.303,27.64,2,0.668,144.394
2026-07-24T20:12:19,19,15.607,24.19,2,0.6359,144.368
2026-07-24T20:12:19,20,15.512,24.913,3,0.5855,145.102
2026-07-24T20:12:19,21,14.402,26.942,2,0.6745,145.174
2026-07-24T20:12:19,22,15.439,24.556,2,0.6705,144.6
2026-07-24T20:12:19,23,14.979,24.06,2,0.657,144.757
2026-07-24T20:12:20,24,14.451,25.025,2,0.6487,144.988
2026-07-24T20:12:20,25,15.235,24.577,2,0.6717,144.664
2026-07-24T20:12:20,26,15.218,23.333,2,0.6652,144.812
2026-07-24T20:12:20,27,13.56,27.988,2,0.6674,144.629
2026-07-24T20:12:20,28,14.702,28.464,2,0.6747,144.03
2026-07-24T20:12:20,29,16.429,22.903,3,0.5686,144.0
2026-07-24T20:12:20,30,13.92,27.959,3,0.5992,143.68
2026-07-24T20:12:20,31,13.54,27.113,2,0.6701,142.619
2026-07-24T20:12:20,32,17.675,23.994,2,0.7032,142.356
2026-07-24T20:12:20,33,15.09,26.409,2,0.7264,142.125
2026-07-24T20:12:20,34,14.782,27.127,2,0.7017,141.323
2026-07-24T20:12:20,35,15.403,23.114,2,0.67,141.036
2026-07-24T20:12:20,36,13.443,28.353,2,0.7591,141.097
2026-07-24T20:12:20,37,14.016,27.247,2,0.7166,140.49
2026-07-24T20:12:20,38,16.699,26.406,2,0.7063,140.08
2026-07-24T20:12:21,39,13.519,28.395,2,0.7654,140.298
2026-07-24T20:12:21,40,12.749,28.734,2,0.742,140.083
2026-07-24T20:12:21,41,15.336,23.67,2,0.7681,139.835
2026-07-24T20:12:21,42,22.917,22.71,2,0.7542,140.206
2026-07-24T20:12:21,43,14.465,23.882,2,0.7381,140.333
2026-07-24T20:12:21,44,14.466,26.946,2,0.74,140.336
2026-07-24T20:12:21,45,14.502,25.816,2,0.7064,140.46
2026-07-24T20:12:21,46,15.565,25.854,2,0.7196,140.289
2026-07-24T20:12:21,47,14.619,24.345,2,0.7481,139.69
2026-07-24T20:12:21,48,14.254,28.013,2,0.7122,139.421
2026-07-24T20:12:21,49,14.435,24.26,2,0.7293,139.636
2026-07-24T20:12:21,50,17.702,22.546,2,0.7537,139.233
2026-07-24T20:12:21,51,14.637,23.807,2,0.7319,138.594
2026-07-24T20:12:21,52,12.856,28.616,2,0.7433,139.031
2026-07-24T20:12:21,53,16.562,24.255,2,0.7686,138.806
2026-07-24T20:12:22,54,14.368,27.826,2,0.7177,138.147
2026-07-24T20:12:22,55,15.281,25.085,2,0.7308,138.42
2026-07-24T20:12:22,56,16.425,23.262,2,0.6693,137.588
2026-07-24T20:12:22,57,12.398,29.939,2,0.6798,137.613
2026-07-24T20:12:22,58,15.333,26.039,2,0.7475,137.486
2026-07-24T20:12:22,59,17.261,23.476,2,0.6814,136.507
2026-07-24T20:12:22,60,13.355,28.717,3,0.628,137.064
2026-07-24T20:12:22,61,15.331,25.474,3,0.6211,136.627
2026-07-24T20:12:22,62,16.828,23.593,3,0.6022,135.858
2026-07-24T20:12:22,63,13.637,29.196,2,0.7251,136.347
2026-07-24T20:12:22,64,14.412,26.909,2,0.7491,136.185
2026-07-24T20:12:22,65,16.435,23.307,2,0.7098,135.433
2026-07-24T20:12:22,66,14.227,27.208,2,0.6633,135.44
2026-07-24T20:12:22,67,15.522,23.8,3,0.5662,135.437
2026-07-24T20:12:22,68,14.42,27.456,2,0.6552,134.928
2026-07-24T20:12:23,69,14.584,27.998,2,0.6756,134.632
2026-07-24T20:12:23,70,15.176,24.567,2,0.6967,134.968
2026-07-24T20:12:23,71,16.318,24.008,2,0.709,134.692
2026-07-24T20:12:23,72,13.052,28.867,2,0.7102,134.235
2026-07-24T20:12:23,73,15.482,23.54,2,0.7213,134.511
2026-07-24T20:12:23,74,16.742,23.931,2,0.7035,134.359
2026-07-24T20:12:23,75,13.373,28.933,2,0.7135,133.937
2026-07-24T20:12:23,76,13.566,28.645,2,0.7137,134.201
2026-07-24T20:12:23,77,17.658,22.87,2,0.6748,134.226
2026-07-24T20:12:23,78,15.305,24.032,2,0.6847,134.017
2026-07-24T20:12:23,79,13.698,28.309,2,0.711,134.175
2026-07-24T20:12:23,80,16.389,23.874,2,0.69,134.37
2026-07-24T20:12:23,81,13.966,28.589,2,0.7076,134.31
2026-07-24T20:12:23,82,15.111,24.979,2,0.6942,134.328
2026-07-24T20:12:23,83,16.6,23.524,2,0.738,134.639
2026-07-24T20:12:24,84,13.718,28.347,2,0.7249,134.65
2026-07-24T20:12:24,85,14.43,27.826,2,0.7124,134.576
2026-07-24T20:12:24,86,15.961,24.111,2,0.7152,134.763
2026-07-24T20:12:24,87,14.029,28.421,2,0.7142,134.779
2026-07-24T20:12:24,88,15.21,24.941,2,0.6706,134.681
2026-07-24T20:12:24,89,14.716,27.87,2,0.6852,134.89
2026-07-24T20:12:24,90,15.04,24.675,2,0.6958,134.987
2026-07-24T20:12:24,91,15.618,27.278,2,0.6965,134.908
2026-07-24T20:12:24,92,15.367,25.599,2,0.6784,134.984
2026-07-24T20:12:24,93,14.298,28.311,2,0.6628,135.037
2026-07-24T20:12:24,94,15.509,25.484,2,0.6767,134.92
2026-07-24T20:12:24,95,13.891,28.58,2,0.6895,134.828
2026-07-24T20:12:24,96,15.042,25.485,2,0.7116,134.803
2026-07-24T20:12:24,97,15.918,25.753,2,0.7189,134.627
2026-07-24T20:12:25,98,15.145,25.099,2,0.7063,134.423
2026-07-24T20:12:25,99,14.669,26.551,2,0.6849,134.263
2026-07-24T20:12:25,100,15.142,24.88,2,0.6673,134.125
2026-07-24T20:12:25,101,14.965,24.664,2,0.6639,133.976
2026-07-24T20:12:25,102,14.74,25.137,2,0.6533,133.93
2026-07-24T20:12:25,103,13.632,28.715,2,0.6672,133.908
2026-07-24T20:12:25,104,16.469,23.679,2,0.6895,133.87
2026-07-24T20:12:25,105,13.702,29.517,2,0.6824,133.91
2026-07-24T20:12:25,106,15.561,24.572,2,0.6937,133.942
2026-07-24T20:12:25,107,16.163,24.126,2,0.6861,133.964
2026-07-24T20:12:25,108,14.229,27.137,2,0.6925,134.026
2026-07-24T20:12:25,109,14.308,26.648,2,0.6926,134.067
2026-07-24T20:12:25,110,17.122,21.955,2,0.6923,134.077
2026-07-24T20:12:25,111,13.197,27.613,2,0.6986,134.076
2026-07-24T20:12:25,112,15.678,23.155,2,0.697,134.086
2026-07-24T20:12:26,113,14.224,27.626,2,0.6965,134.068
2026-07-24T20:12:26,114,15.988,23.454,2,0.7004,134.055
2026-07-24T20:12:26,115,14.017,26.835,2,0.6962,134.036
2026-07-24T20:12:26,116,15.959,23.418,2,0.6946,134.01
2026-07-24T20:12:26,117,13.696,29.447,2,0.7001,133.964
2026-07-24T20:12:26,118,16.058,23.735,2,0.7022,133.922
2026-07-24T20:12:26,119,13.953,28.907,2,0.692,133.925
2026-07-24T20:12:26,120,15.845,25.049,2,0.6986,134.003
2026-07-24T20:12:26,121,14.793,28.031,2,0.7118,134.375
2026-07-24T20:12:26,122,15.048,25.282,2,0.7079,135.123
2026-07-24T20:12:26,123,15.648,24.929,2,0.7062,135.567
2026-07-24T20:12:26,124,14.929,24.317,2,0.7181,135.744
2026-07-24T20:12:26,125,14.522,26.352,2,0.7215,135.795
2026-07-24T20:12:26,126,15.168,25.072,2,0.7104,135.763
2026-07-24T20:12:26,127,14.081,28.754,2,0.7018,135.701
2026-07-24T20:12:27,128,13.212,29.137,2,0.6923,135.722
2026-07-24T20:12:27,129,13.232,30.036,2,0.6964,135.754
2026-07-24T20:12:27,130,14.357,25.501,2,0.6993,135.678
2026-07-24T20:12:27,131,22.522,24.367,2,0.6971,135.622
2026-07-24T20:12:27,132,14.51,23.618,2,0.7003,135.529
2026-07-24T20:12:27,133,12.7,24.317,2,0.7066,135.449
2026-07-24T20:12:27,134,16.379,23.053,2,0.7026,135.489
2026-07-24T20:12:27,135,14.312,23.479,2,0.7023,135.681
2026-07-24T20:12:27,136,15.946,23.214,2,0.6911,135.849
2026-07-24T20:12:27,137,14.58,22.494,2,0.7077,136.063
2026-07-24T20:12:27,138,15.355,22.618,2,0.704,136.289
2026-07-24T20:12:27,139,14.283,24.046,2,0.6986,136.534
2026-07-24T20:12:27,140,17.378,22.629,2,0.6859,136.791
2026-07-24T20:12:27,141,12.417,23.726,2,0.6748,136.987
2026-07-24T20:12:27,142,17.37,21.952,2,0.6767,137.011
2026-07-24T20:12:28,143,13.842,23.145,2,0.6659,137.045
2026-07-24T20:12:28,144,15.584,23.051,2,0.6535,137.139
2026-07-24T20:12:28,145,14.447,23.154,2,0.6739,137.24
2026-07-24T20:12:28,146,15.169,23.685,2,0.6873,137.395
2026-07-24T20:12:28,147,16.616,23.453,2,0.6827,137.61
2026-07-24T20:12:28,148,12.663,24.24,2,0.6718,137.665
2026-07-24T20:12:28,149,16.821,22.497,2,0.6851,137.861
2026-07-24T20:12:28,150,14.173,23.108,2,0.6903,138.275
2026-07-24T20:12:28,151,15.349,23.379,2,0.6937,138.538
2026-07-24T20:12:28,152,14.123,24.569,2,0.6977,138.657
2026-07-24T20:12:28,153,15.79,23.523,2,0.7258,138.806
2026-07-24T20:12:28,154,14.863,22.684,2,0.7304,138.701
2026-07-24T20:12:28,155,15.648,23.183,2,0.7162,138.622
2026-07-24T20:12:28,156,13.012,24.66,2,0.7621,138.909
2026-07-24T20:12:28,157,16.016,23.824,2,0.7452,139.135
2026-07-24T20:12:29,158,15.424,23.14,2,0.6845,139.494
2026-07-24T20:12:29,159,15.37,21.631,2,0.6915,140.283
2026-07-24T20:12:29,160,14.264,22.613,2,0.7462,140.296
2026-07-24T20:12:29,161,15.095,22.955,2,0.7477,140.012
2026-07-24T20:12:29,162,14.721,23.441,2,0.7496,140.757
2026-07-24T20:12:29,163,15.494,23.449,2,0.7216,141.239
2026-07-24T20:12:29,164,14.409,23.107,2,0.6841,141.032
2026-07-24T20:12:29,165,15.073,23.725,2,0.7105,141.262
2026-07-24T20:12:29,166,15.298,21.98,2,0.765,141.741
2026-07-24T20:12:29,167,14.219,23.372,2,0.719,141.529
2026-07-24T20:12:29,168,15.956,22.49,2,0.7084,141.567
2026-07-24T20:12:29,169,13.933,23.835,2,0.7336,142.008
2026-07-24T20:12:29,170,17.383,23.357,2,0.7158,141.94
2026-07-24T20:12:29,171,12.911,24.591,2,0.7306,141.831
2026-07-24T20:12:29,172,15.436,23.226,2,0.707,142.187
2026-07-24T20:12:30,173,15.728,22.866,2,0.7018,142.256
2026-07-24T20:12:30,174,14.112,23.08,2,0.7279,142.002
2026-07-24T20:12:30,175,16.093,22.062,2,0.7217,142.161
2026-07-24T20:12:30,176,13.531,24.675,2,0.6934,142.292
2026-07-24T20:12:30,177,16.28,22.773,2,0.7519,142.003
2026-07-24T20:12:30,178,14.843,23.87,2,0.7507,142.022
2026-07-24T20:12:30,179,14.938,23.288,2,0.6549,142.125
2026-07-24T20:12:30,180,14.26,23.572,2,0.6791,141.903
2026-07-24T20:12:30,181,15.513,23.376,2,0.6998,141.808
2026-07-24T20:12:30,182,14.296,24.346,2,0.679,141.876
2026-07-24T20:12:30,183,15.464,23.076,2,0.6929,141.743
2026-07-24T20:12:30,184,14.499,23.42,2,0.7093,141.587
2026-07-24T20:12:30,185,15.687,22.159,2,0.701,141.628
2026-07-24T20:12:30,186,14.515,23.202,2,0.7059,141.556
2026-07-24T20:12:30,187,16.162,23.956,2,0.7151,141.381
2026-07-24T20:12:31,188,12.731,24.232,2,0.7216,141.371
2026-07-24T20:12:31,189,15.799,23.738,2,0.6955,141.339
2026-07-24T20:12:31,190,15.909,22.088,2,0.6855,141.189
2026-07-24T20:12:31,191,14.178,23.912,2,0.7023,141.141
2026-07-24T20:12:31,192,15.848,22.71,2,0.665,141.136
2026-07-24T20:12:31,193,14.725,23.013,2,0.6665,141.028
2026-07-24T20:12:31,194,14.874,23.781,2,0.6684,140.936
2026-07-24T20:12:31,195,14.713,23.496,2,0.6446,140.928
2026-07-24T20:12:31,196,15.138,22.742,2,0.6658,140.846
2026-07-24T20:12:31,197,14.553,23.098,2,0.6804,140.744
2026-07-24T20:12:31,198,15.415,22.871,2,0.7061,140.725
2026-07-24T20:12:31,199,14.246,23.077,2,0.7028,140.653
2026-07-24T20:12:31,200,15.603,22.533,2,0.679,140.543
2026-07-24T20:12:31,201,15.657,23.817,2,0.6718,140.538
2026-07-24T20:12:31,202,12.318,25.127,2,0.674,140.491
2026-07-24T20:12:32,203,17.756,22.837,2,0.645,140.413
2026-07-24T20:12:32,204,14.585,23.095,1,0.9249,140.411
2026-07-24T20:12:32,205,14.806,23.638,1,0.9245,140.399
2026-07-24T20:12:32,206,15.511,22.974,1,0.9235,140.343
2026-07-24T20:12:32,207,15.031,23.189,1,0.9226,140.3
2026-07-24T20:12:32,208,14.33,23.302,1,0.923,140.278
2026-07-24T20:12:32,209,15.892,23.441,1,0.9234,140.234
2026-07-24T20:12:32,210,14.194,23.907,2,0.6586,140.187
2026-07-24T20:12:32,211,15.16,23.177,2,0.6602,140.163
2026-07-24T20:12:32,212,14.553,23.451,2,0.689,140.131
2026-07-24T20:12:32,213,15.704,23.144,2,0.6968,140.085
2026-07-24T20:12:32,214,14.213,23.082,2,0.6979,140.072
2026-07-24T20:12:32,215,14.937,23.339,2,0.7115,140.043
2026-07-24T20:12:32,216,15.584,22.969,2,0.6986,139.999
2026-07-24T20:12:32,217,14.555,23.277,2,0.688,139.975
2026-07-24T20:12:33,218,15.142,22.309,2,0.6717,139.949
2026-07-24T20:12:33,219,14.307,23.791,2,0.6778,139.919
2026-07-24T20:12:33,220,15.177,23.635,2,0.6862,139.896
2026-07-24T20:12:33,221,15.265,22.738,2,0.6819,139.883
2026-07-24T20:12:33,222,14.488,23.065,2,0.6802,139.867
2026-07-24T20:12:33,223,15.427,23.063,2,0.6797,139.853
2026-07-24T20:12:33,224,15.888,24.008,2,0.6803,139.847
2026-07-24T20:12:33,225,12.709,25.123,2,0.6741,139.846
2026-07-24T20:12:33,226,15.491,24.458,3,0.5753,139.915
2026-07-24T20:12:33,227,15.969,22.56,2,0.6838,139.918
2026-07-24T20:12:33,228,14.796,23.234,2,0.6857,139.94
2026-07-24T20:12:33,229,14.664,23.424,2,0.6694,140.053
2026-07-24T20:12:33,230,15.607,22.714,2,0.7426,140.105
2026-07-24T20:12:33,231,15.111,23.569,2,0.7614,140.747
2026-07-24T20:12:33,232,14.453,24.926,2,0.684,141.183
2026-07-24T20:12:34,233,16.735,26.372,1,0.9306,140.8
2026-07-24T20:12:34,234,17.117,19.638,2,0.6928,140.416
2026-07-24T20:12:34,235,13.245,23.298,2,0.6496,140.153
2026-07-24T20:12:34,236,14.992,22.908,2,0.7644,139.473
2026-07-24T20:12:34,237,15.111,22.436,2,0.7641,139.159
2026-07-24T20:12:34,238,14.8,22.181,2,0.7717,139.384
2026-07-24T20:12:34,239,14.819,23.335,2,0.7966,139.139
2026-07-24T20:12:34,240,15.352,21.952,2,0.7854,138.721
2026-07-24T20:12:34,241,14.402,23.41,2,0.7896,138.939
2026-07-24T20:12:34,242,15.269,22.673,2,0.7294,138.869
2026-07-24T20:12:34,243,15.127,22.107,2,0.7553,138.402
2026-07-24T20:12:34,244,14.271,23.585,2,0.7895,138.449
2026-07-24T20:12:34,245,15.24,22.407,2,0.7422,138.623
2026-07-24T20:12:34,246,15.115,21.749,2,0.7679,138.3
2026-07-24T20:12:34,247,14.707,22.841,2,0.7062,138.173
2026-07-24T20:12:35,248,15.211,22.047,2,0.7543,138.497
2026-07-24T20:12:35,249,14.766,22.635,2,0.7493,138.414
2026-07-24T20:12:35,250,14.813,22.701,2,0.7482,138.241
2026-07-24T20:12:35,251,15.316,21.448,2,0.7304,138.522
2026-07-24T20:12:35,252,14.89,22.121,2,0.7266,138.772
2026-07-24T20:12:35,253,14.494,23.034,2,0.7354,138.756
2026-07-24T20:12:35,254,15.051,22.786,2,0.7154,138.946
2026-07-24T20:12:35,255,15.002,22.38,2,0.7175,139.177
2026-07-24T20:12:35,256,14.796,22.467,2,0.7392,138.965
2026-07-24T20:12:35,257,14.978,22.471,2,0.7474,138.741
2026-07-24T20:12:35,258,14.968,22.602,2,0.73,138.748
2026-07-24T20:12:35,259,14.783,22.675,2,0.7377,138.477
2026-07-24T20:12:35,260,14.892,22.986,2,0.7214,138.003
2026-07-24T20:12:35,261,14.792,23.527,2,0.7266,137.741
2026-07-24T20:12:35,262,15.001,22.425,2,0.7434,137.295
2026-07-24T20:12:36,263,15.279,22.245,2,0.7396,136.577
2026-07-24T20:12:36,264,14.595,23.147,2,0.7333,136.056
2026-07-24T20:12:36,265,14.786,23.005,2,0.7479,135.574
2026-07-24T20:12:36,266,14.763,24.097,2,0.7854,134.896
2026-07-24T20:12:36,267,15.272,22.504,2,0.7716,134.305
2026-07-24T20:12:36,268,14.593,23.679,2,0.7414,133.92
2026-07-24T20:12:36,269,15.357,23.07,2,0.7353,133.345
2026-07-24T20:12:36,270,14.77,24.218,2,0.7249,132.847
2026-07-24T20:12:36,271,15.168,23.52,2,0.6754,132.625
2026-07-24T20:12:36,272,15.126,22.893,2,0.693,132.468
2026-07-24T20:12:36,273,13.094,30.78,2,0.7422,132.208
2026-07-24T20:12:36,274,13.138,25.368,2,0.7402,131.965
2026-07-24T20:12:36,275,16.971,23.517,2,0.7031,131.904
2026-07-24T20:12:36,276,15.866,23.873,2,0.7184,131.739
2026-07-24T20:12:37,277,12.863,24.633,2,0.7315,131.598
2026-07-24T20:12:37,278,17.13,24.245,2,0.6825,131.707
2026-07-24T20:12:37,279,13.647,23.311,2,0.711,131.746
2026-07-24T20:12:37,280,16.511,21.877,2,0.7476,131.697
2026-07-24T20:12:37,281,14.351,22.979,2,0.7329,131.866
2026-07-24T20:12:37,282,15.212,23.483,2,0.6866,132.158
2026-07-24T20:12:37,283,14.574,23.743,2,0.7131,132.361
2026-07-24T20:12:37,284,15.476,23.812,2,0.7136,132.695
2026-07-24T20:12:37,285,14.806,22.825,2,0.7257,133.279
2026-07-24T20:12:37,286,15.443,22.519,2,0.7237,133.746
2026-07-24T20:12:37,287,14.093,23.72,2,0.7056,134.219
2026-07-24T20:12:37,288,15.265,23.832,2,0.7106,134.677
2026-07-24T20:12:37,289,14.678,22.815,2,0.6996,134.894
2026-07-24T20:12:37,290,15.754,22.769,2,0.7693,134.998
2026-07-24T20:12:37,291,14.252,23.908,2,0.7668,135.389
2026-07-24T20:12:38,292,15.393,22.881,2,0.7312,135.679
2026-07-24T20:12:38,293,14.599,23.625,2,0.7327,135.557
2026-07-24T20:12:38,294,15.487,22.991,2,0.6993,135.014
2026-07-24T20:12:38,295,15.445,23.873,2,0.7007,134.195
2026-07-24T20:12:38,296,12.613,24.555,2,0.709,132.819
2026-07-24T20:12:38,297,16.53,23.644,2,0.6792,131.58
2026-07-24T20:12:38,298,14.054,24.034,2,0.6831,130.494
2026-07-24T20:12:38,299,16.601,22.389,2,0.6433,128.906
2026-07-24T20:12:38,300,14.238,23.587,3,0.5691,126.882
2026-07-24T20:12:38,301,16.869,23.582,1,0.9252,124.664
2026-07-24T20:12:38,302,12.526,24.803,1,0.9274,122.147
2026-07-24T20:12:38,303,16.671,22.906,1,0.9209,118.756
2026-07-24T20:12:38,304,14.614,23.045,1,0.9321,114.632
2026-07-24T20:12:38,305,15.461,23.221,1,0.9324,110.253
2026-07-24T20:12:38,306,14.508,23.187,1,0.9319,104.792
2026-07-24T20:12:39,307,15.312,23.437,1,0.9114,97.932
2026-07-24T20:12:39,308,14.602,22.613,1,0.9176,90.389
2026-07-24T20:12:39,309,15.854,23.843,1,0.9407,75.821
2026-07-24T20:12:39,310,13.056,24.063,1,0.7544,57.826
2026-07-24T20:12:39,311,17.08,22.572,2,0.6041,51.462
2026-07-24T20:12:39,312,11.152,24.955,1,0.8406,55.553
2026-07-24T20:12:39,313,10.686,25.386,0,0.0,79.304
2026-07-24T20:12:39,314,9.719,27.101,0,0.0,89.539
2026-07-24T20:12:39,315,13.422,25.996,0,0.0,94.513
2026-07-24T20:12:39,316,11.571,25.324,1,0.4289,100.997
2026-07-24T20:12:39,317,11.692,25.592,0,0.0,105.172
2026-07-24T20:12:39,318,11.818,26.671,1,0.3743,107.515
2026-07-24T20:12:39,319,13.06,24.68,0,0.0,109.466
2026-07-24T20:12:40,320,10.964,25.289,1,0.5939,111.387
2026-07-24T20:12:40,321,13.523,24.467,1,0.7391,113.155
2026-07-24T20:12:40,322,13.792,30.006,1,0.6272,113.569
2026-07-24T20:12:40,323,13.65,29.011,1,0.7889,108.4
2026-07-24T20:12:40,324,16.193,23.333,2,0.5859,106.12
2026-07-24T20:12:40,325,13.317,23.956,1,0.6078,102.076
2026-07-24T20:12:40,326,13.917,24.677,1,0.4634,98.079
2026-07-24T20:12:40,327,16.54,23.152,0,0.0,94.585
2026-07-24T20:12:40,328,13.543,23.905,0,0.0,93.891
2026-07-24T20:12:40,329,16.928,24.189,0,0.0,98.591
2026-07-24T20:12:40,330,13.962,23.926,1,0.6755,94.308
2026-07-24T20:12:40,331,14.993,23.756,1,0.8439,102.763
2026-07-24T20:12:40,332,15.42,23.551,2,0.4683,110.051
2026-07-24T20:12:40,333,15.507,22.576,2,0.4491,121.586
2026-07-24T20:12:41,334,13.869,23.933,4,0.4904,127.531
2026-07-24T20:12:41,335,15.445,23.685,2,0.4999,131.006
2026-07-24T20:12:41,336,15.2,22.889,3,0.6013,132.817
2026-07-24T20:12:41,337,15.18,23.513,3,0.5772,134.732
2026-07-24T20:12:41,338,14.199,23.236,3,0.6214,136.638
2026-07-24T20:12:41,339,15.101,24.106,3,0.4893,138.324
2026-07-24T20:12:41,340,15.145,22.607,2,0.5706,140.145
2026-07-24T20:12:41,341,14.44,24.247,3,0.5179,141.583
2026-07-24T20:12:41,342,15.867,22.817,2,0.4881,143.421
2026-07-24T20:12:41,343,14.432,23.274,2,0.4835,146.097
2026-07-24T20:12:41,344,15.671,23.205,2,0.4836,149.561
2026-07-24T20:12:41,345,15.018,23.45,1,0.6105,152.737
2026-07-24T20:12:41,346,14.069,24.13,2,0.4948,154.364
2026-07-24T20:12:41,347,16.027,23.48,1,0.6083,154.882
2026-07-24T20:12:41,348,15.222,22.586,2,0.538,154.201
2026-07-24T20:12:42,349,14.115,23.616,2,0.5488,152.697
2026-07-24T20:12:42,350,15.579,23.295,2,0.519,151.366
2026-07-24T20:12:42,351,15.159,22.863,2,0.5136,150.096
2026-07-24T20:12:42,352,15.463,24.487,1,0.6452,149.003
2026-07-24T20:12:42,353,13.368,24.087,2,0.52,148.035
2026-07-24T20:12:42,354,15.899,23.287,2,0.5128,147.305
2026-07-24T20:12:42,355,15.467,22.766,2,0.5133,146.648
2026-07-24T20:12:42,356,14.442,23.103,2,0.5241,146.057
2026-07-24T20:12:42,357,15.448,24.113,1,0.6493,145.593
2026-07-24T20:12:42,358,14.602,23.45,1,0.6171,145.206
2026-07-24T20:12:42,359,15.417,23.133,2,0.4967,144.871
2026-07-24T20:12:42,360,16.72,23.413,1,0.6144,144.566
2026-07-24T20:12:42,361,12.445,24.643,1,0.6173,144.278
2026-07-24T20:12:42,362,15.94,23.889,1,0.616,144.042
2026-07-24T20:12:42,363,15.996,22.976,1,0.6218,143.836
2026-07-24T20:12:43,364,14.514,23.209,1,0.6075,143.653
2026-07-24T20:12:43,365,15.171,23.362,2,0.4909,143.491
2026-07-24T20:12:43,366,15.123,23.531,2,0.5036,143.346
2026-07-24T20:12:43,367,14.472,23.717,1,0.6548,143.223
2026-07-24T20:12:43,368,15.936,23.079,1,0.6504,143.089
2026-07-24T20:12:43,369,14.851,23.705,1,0.6473,142.986
2026-07-24T20:12:43,370,14.394,23.46,1,0.6472,142.914
2026-07-24T20:12:43,371,15.898,22.42,1,0.6325,142.858
2026-07-24T20:12:43,372,14.649,23.516,1,0.6305,142.81
2026-07-24T20:12:43,373,14.438,23.528,1,0.6314,142.771
2026-07-24T20:12:43,374,15.698,22.827,1,0.6284,142.738
2026-07-24T20:12:43,375,14.661,25.401,1,0.6447,142.708
2026-07-24T20:12:43,376,18.304,25.073,2,0.5116,142.669
2026-07-24T20:12:43,377,13.676,26.836,1,0.6465,142.649
2026-07-24T20:12:43,378,16.548,24.248,1,0.6414,142.626
2026-07-24T20:12:44,379,14.568,22.371,2,0.5002,142.603
2026-07-24T20:12:44,380,14.344,24.859,2,0.5213,142.588
2026-07-24T20:12:44,381,15.414,22.901,2,0.5212,142.576
2026-07-24T20:12:44,382,15.252,21.937,2,0.5153,142.561
2026-07-24T20:12:44,383,14.329,23.677,2,0.5271,142.553
2026-07-24T20:12:44,384,15.271,23.505,2,0.5469,142.549
2026-07-24T20:12:44,385,14.975,23.274,2,0.5576,142.538
2026-07-24T20:12:44,386,15.443,21.786,2,0.5438,142.52
2026-07-24T20:12:44,387,14.872,22.315,2,0.5169,142.513
2026-07-24T20:12:44,388,15.019,22.343,1,0.668,142.511
2026-07-24T20:12:44,389,14.991,22.433,1,0.6719,142.505
2026-07-24T20:12:44,390,15.148,21.96,1,0.6767,142.5
2026-07-24T20:12:44,391,14.916,21.909,1,0.6678,142.493
2026-07-24T20:12:44,392,14.935,22.327,1,0.6639,142.482
2026-07-24T20:12:44,393,12.79,28.806,1,0.6611,142.47
2026-07-24T20:12:45,394,15.683,24.168,1,0.6517,142.462
2026-07-24T20:12:45,395,14.717,23.918,1,0.6441,142.451
2026-07-24T20:12:45,396,16.315,22.856,1,0.6312,142.436
2026-07-24T20:12:45,397,13.4,23.247,1,0.6189,142.433
2026-07-24T20:12:45,398,16.367,23.302,1,0.6159,142.434
2026-07-24T20:12:45,399,15.441,22.133,1,0.6305,142.433
2026-07-24T20:12:45,400,13.43,24.137,1,0.6183,142.429
2026-07-24T20:12:45,401,16.535,22.428,1,0.6254,142.427
2026-07-24T20:12:45,402,15.09,22.513,1,0.6315,142.425
2026-07-24T20:12:45,403,24.344,21.94,1,0.6377,142.423
2026-07-24T20:12:45,404,17.052,21.485,1,0.6362,142.426
2026-07-24T20:12:45,405,13.931,23.041,1,0.6419,142.433
2026-07-24T20:12:45,406,15.857,23.227,1,0.6457,142.436
2026-07-24T20:12:45,407,15.487,22.819,1,0.6453,142.433
2026-07-24T20:12:45,408,13.635,23.596,1,0.6605,142.434
2026-07-24T20:12:45,409,16.41,22.378,1,0.665,142.439
2026-07-24T20:12:46,410,14.026,23.836,1,0.6752,142.444
2026-07-24T20:12:46,411,16.315,22.722,1,0.667,142.448
2026-07-24T20:12:46,412,14.129,23.058,1,0.6615,142.452
2026-07-24T20:12:46,413,15.053,23.254,1,0.6563,142.45
2026-07-24T20:12:46,414,15.206,23.562,1,0.6602,142.452
2026-07-24T20:12:46,415,15.028,23.261,1,0.6604,142.451
2026-07-24T20:12:46,416,14.688,22.842,1,0.6611,142.446
2026-07-24T20:12:46,417,15.333,22.929,1,0.657,142.441
2026-07-24T20:12:46,418,14.789,23.383,1,0.6549,142.439
2026-07-24T20:12:46,419,14.836,23.631,1,0.6543,142.433
2026-07-24T20:12:46,420,15.422,23.938,1,0.6442,142.426
2026-07-24T20:12:46,421,14.509,23.641,1,0.6432,142.423
2026-07-24T20:12:46,422,17.097,22.991,1,0.6502,142.423
2026-07-24T20:12:46,423,12.372,25.402,1,0.6423,142.422
2026-07-24T20:12:46,424,17.808,22.947,1,0.6408,142.426
2026-07-24T20:12:47,425,13.562,23.819,1,0.6296,142.43
2026-07-24T20:12:47,426,16.459,22.824,1,0.6329,142.43
2026-07-24T20:12:47,427,14.912,22.218,1,0.6288,142.426
2026-07-24T20:12:47,428,14.589,23.288,1,0.6255,142.427
2026-07-24T20:12:47,429,15.524,22.24,1,0.6256,142.429
2026-07-24T20:12:47,430,15.225,23.78,1,0.6378,142.428
2026-07-24T20:12:47,431,13.299,24.133,1,0.6394,142.426
2026-07-24T20:12:47,432,16.875,23.176,1,0.6403,142.425
2026-07-24T20:12:47,433,14.671,22.657,1,0.642,142.43
2026-07-24T20:12:47,434,14.665,22.654,1,0.6414,142.432
2026-07-24T20:12:47,435,15.78,22.432,2,0.5101,142.434
2026-07-24T20:12:47,436,14.455,23.324,2,0.5254,142.436
2026-07-24T20:12:47,437,14.693,23.444,2,0.5336,142.436
2026-07-24T20:12:47,438,16.073,22.296,2,0.5202,142.434
2026-07-24T20:12:47,439,14.277,24.002,2,0.5118,142.435
2026-07-24T20:12:48,440,15.52,23.183,2,0.5106,142.432
2026-07-24T20:12:48,441,14.205,23.219,2,0.4975,142.433
2026-07-24T20:12:48,442,16.024,22.828,2,0.5007,142.433
2026-07-24T20:12:48,443,14.32,23.461,2,0.4949,142.431
2026-07-24T20:12:48,444,15.272,22.758,2,0.4897,142.434
2026-07-24T20:12:48,445,15.173,23.508,2,0.4889,142.434
2026-07-24T20:12:48,446,14.897,23.263,2,0.4915,142.435
2026-07-24T20:12:48,447,14.693,22.386,2,0.4963,142.438
2026-07-24T20:12:48,448,15.044,24.111,2,0.5114,142.44
2026-07-24T20:12:48,449,15.083,23.227,1,0.6321,142.442
2026-07-24T20:12:48,450,14.922,23.1,1,0.6229,142.443
2026-07-24T20:12:48,451,15.227,23.507,1,0.6273,142.443
2026-07-24T20:12:48,452,14.339,23.828,1,0.6347,142.441
2026-07-24T20:12:48,453,17.811,22.835,1,0.6464,142.44
2026-07-24T20:12:48,454,13.141,24.069,1,0.6588,142.44
2026-07-24T20:12:49,455,15.714,23.137,1,0.6578,142.434
2026-07-24T20:12:49,456,14.091,23.37,1,0.6554,142.426
2026-07-24T20:12:49,457,18.413,24.372,1,0.6433,142.421
2026-07-24T20:12:49,458,12.127,24.086,1,0.6431,142.418
2026-07-24T20:12:49,459,16.837,23.15,1,0.6511,142.42
2026-07-24T20:12:49,460,14.774,23.689,1,0.6498,142.42
2026-07-24T20:12:49,461,15.944,22.897,1,0.6458,142.415
2026-07-24T20:12:49,462,13.468,23.816,1,0.6431,142.411
2026-07-24T20:12:49,463,16.378,23.115,1,0.6528,142.407
2026-07-24T20:12:49,464,14.261,23.772,1,0.6504,142.402
2026-07-24T20:12:49,465,15.3,23.688,1,0.6569,142.399
2026-07-24T20:12:49,466,15.011,23.648,1,0.6497,142.395
2026-07-24T20:12:49,467,15.034,22.549,1,0.6397,142.396
2026-07-24T20:12:49,468,14.561,24.085,1,0.6367,142.392
2026-07-24T20:12:49,469,16.202,22.849,2,0.4902,142.391
2026-07-24T20:12:50,470,13.688,24.402,2,0.4963,142.39
2026-07-24T20:12:50,471,16.237,22.497,2,0.5084,142.394
2026-07-24T20:12:50,472,14.736,22.598,2,0.5151,142.394
2026-07-24T20:12:50,473,14.933,22.66,1,0.6592,142.4
2026-07-24T20:12:50,474,14.544,23.894,1,0.6558,142.406
2026-07-24T20:12:50,475,15.955,23.09,1,0.6537,142.408
2026-07-24T20:12:50,476,14.436,23.128,2,0.5069,142.41
2026-07-24T20:12:50,477,15.484,23.385,1,0.6605,142.415
2026-07-24T20:12:50,478,14.66,23.709,2,0.506,142.42
2026-07-24T20:12:50,479,14.594,23.883,1,0.6573,142.426
2026-07-24T20:12:50,480,15.864,22.818,1,0.6557,142.429
2026-07-24T20:12:50,481,15.058,24.347,1,0.6542,142.429
2026-07-24T20:12:50,482,13.39,24.488,1,0.6606,142.43
2026-07-24T20:12:50,483,15.694,22.978,1,0.6598,142.433
2026-07-24T20:12:50,484,18.101,22.67,1,0.6561,142.437
2026-07-24T20:12:51,485,12.156,25.01,1,0.6533,142.44
2026-07-24T20:12:51,486,16.206,23.736,1,0.651,142.445
2026-07-24T20:12:51,487,14.887,23.265,1,0.6539,142.449
2026-07-24T20:12:51,488,16.059,23.245,1,0.6538,142.454
2026-07-24T20:12:51,489,14.249,23.708,1,0.6583,142.453
2026-07-24T20:12:51,490,16.147,22.276,1,0.6566,142.45
2026-07-24T20:12:51,491,14.031,23.495,1,0.6576,142.442
2026-07-24T20:12:51,492,16.895,23.278,1,0.6543,142.436
2026-07-24T20:12:51,493,13.59,23.617,1,0.6511,142.424
2026-07-24T20:12:51,494,15.794,22.951,1,0.6439,142.418
2026-07-24T20:12:51,495,13.801,23.737,1,0.644,142.418
2026-07-24T20:12:51,496,16.154,23.789,1,0.6499,142.426
2026-07-24T20:12:51,497,14.37,23.301,1,0.663,142.429
2026-07-24T20:12:51,498,15.33,22.568,1,0.6655,142.437
2026-07-24T20:12:51,499,15.359,23.499,1,0.6631,142.44
2026-07-24T20:12:52,500,15.122,22.641,1,0.6652,142.443
2026-07-24T20:12:52,501,14.1,23.981,1,0.653,142.44
2026-07-24T20:12:52,502,16.158,22.725,1,0.6519,142.441
2026-07-24T20:12:52,503,14.164,23.247,1,0.6482,142.443
2026-07-24T20:12:52,504,15.301,23.467,1,0.6436,142.446
2026-07-24T20:12:52,505,14.838,23.891,1,0.6386,142.449
2026-07-24T20:12:52,506,15.073,23.901,1,0.6334,142.449
2026-07-24T20:12:52,507,15.044,23.899,1,0.6305,142.451
2026-07-24T20:12:52,508,15.244,23.119,1,0.6364,142.452
2026-07-24T20:12:52,509,14.408,23.359,1,0.6275,142.455
2026-07-24T20:12:52,510,15.277,23.488,1,0.6271,142.458
2026-07-24T20:12:52,511,15.295,23.369,1,0.6337,142.461
2026-07-24T20:12:52,512,14.566,23.314,1,0.6308,142.465
2026-07-24T20:12:52,513,15.036,23.874,1,0.6395,142.47
2026-07-24T20:12:52,514,15.386,23.628,1,0.6483,142.477
2026-07-24T20:12:53,515,15.955,23.82,1,0.639,142.478
2026-07-24T20:12:53,516,13.001,23.973,1,0.6424,142.471
2026-07-24T20:12:53,517,15.655,23.241,1,0.6428,142.463
2026-07-24T20:12:53,518,15.677,22.939,1,0.6473,142.456
2026-07-24T20:12:53,519,14.546,23.264,1,0.6468,142.448
2026-07-24T20:12:53,520,16.232,22.595,1,0.6498,142.441
2026-07-24T20:12:53,521,13.807,23.638,1,0.6509,142.438
2026-07-24T20:12:53,522,16.075,22.795,1,0.6489,142.435
2026-07-24T20:12:53,523,15.63,23.109,1,0.643,142.437
2026-07-24T20:12:53,524,13.31,23.39,1,0.6406,142.441
2026-07-24T20:12:53,525,16.281,23.354,1,0.6443,142.443
2026-07-24T20:12:53,526,18.894,21.539,1,0.6351,142.445
2026-07-24T20:12:53,527,11.403,24.54,1,0.6346,142.441
2026-07-24T20:12:53,528,17.055,22.73,1,0.6394,142.434
2026-07-24T20:12:53,529,14.272,24.471,1,0.6449,142.429
2026-07-24T20:12:54,530,15.9,23.668,1,0.6463,142.427
2026-07-24T20:12:54,531,14.033,23.892,1,0.6437,142.428
2026-07-24T20:12:54,532,15.919,23.421,1,0.6474,142.429
2026-07-24T20:12:54,533,14.322,24.434,1,0.6557,142.433
2026-07-24T20:12:54,534,15.748,22.985,1,0.6586,142.437
2026-07-24T20:12:54,535,14.181,23.74,1,0.6524,142.441
2026-07-24T20:12:54,536,15.855,22.992,1,0.6483,142.448
2026-07-24T20:12:54,537,14.623,22.453,1,0.6387,142.453
2026-07-24T20:12:54,538,15.652,23.319,1,0.6388,142.456
2026-07-24T20:12:54,539,14.193,23.381,1,0.6388,142.46
2026-07-24T20:12:54,540,15.257,22.785,1,0.6383,142.462
2026-07-24T20:12:54,541,15.651,24.223,1,0.6378,142.459
2026-07-24T20:12:54,542,13.077,26.261,1,0.6492,142.456
2026-07-24T20:12:54,543,16.788,22.63,1,0.6484,142.46
2026-07-24T20:12:54,544,15.14,22.653,1,0.6486,142.46
2026-07-24T20:12:55,545,14.575,23.449,1,0.6406,142.46
2026-07-24T20:12:55,546,17.059,23.661,1,0.6492,142.46
2026-07-24T20:12:55,547,12.883,23.262,1,0.651,142.461
2026-07-24T20:12:55,548,15.97,23.073,1,0.6515,142.459
2026-07-24T20:12:55,549,14.526,23.672,1,0.6533,142.46
2026-07-24T20:12:55,550,16.293,22.567,1,0.6531,142.461
2026-07-24T20:12:55,551,14.132,22.593,1,0.6468,142.457
2026-07-24T20:12:55,552,15.22,22.89,1,0.6463,142.451
2026-07-24T20:12:55,553,14.882,23.922,1,0.6508,142.446
2026-07-24T20:12:55,554,15.754,24.122,1,0.6511,142.445
2026-07-24T20:12:55,555,13.5,23.702,1,0.6376,142.447
2026-07-24T20:12:55,556,18.063,22.51,1,0.6455,142.451
2026-07-24T20:12:55,557,12.474,24.51,1,0.645,142.453
2026-07-24T20:12:55,558,17.046,23.222,1,0.6411,142.452
2026-07-24T20:12:55,559,14.817,22.991,1,0.6459,142.449
2026-07-24T20:12:56,560,14.767,22.897,1,0.6481,142.449
2026-07-24T20:12:56,561,15.045,23.613,1,0.6557,142.447
2026-07-24T20:12:56,562,16.023,22.243,1,0.6672,142.443
2026-07-24T20:12:56,563,13.376,23.872,1,0.6642,142.442
2026-07-24T20:12:56,564,16.744,22.12,1,0.6646,142.44
2026-07-24T20:12:56,565,14.487,22.993,1,0.6587,142.439
2026-07-24T20:12:56,566,14.961,23.635,1,0.6531,142.439
2026-07-24T20:12:56,567,14.948,23.228,1,0.6508,142.44
2026-07-24T20:12:56,568,15.046,23.857,1,0.6396,142.442
2026-07-24T20:12:56,569,15.116,23.478,1,0.6418,142.44
2026-07-24T20:12:56,570,15.408,23.602,1,0.6436,142.44
2026-07-24T20:12:56,571,14.083,24.043,1,0.6352,142.445
2026-07-24T20:12:56,572,15.24,23.277,1,0.6284,142.451
2026-07-24T20:12:56,573,14.955,22.989,1,0.6288,142.453
2026-07-24T20:12:56,574,15.842,22.681,1,0.6236,142.458
2026-07-24T20:12:57,575,15.322,23.308,1,0.6239,142.461
2026-07-24T20:12:57,576,13.333,23.936,1,0.6129,142.464
2026-07-24T20:12:57,577,18.787,23.296,1,0.6297,142.464
2026-07-24T20:12:57,578,11.412,27.272,1,0.63,142.457
2026-07-24T20:12:57,579,16.315,24.066,1,0.6369,142.453
2026-07-24T20:12:57,580,17.454,22.431,1,0.6474,142.454
2026-07-24T20:12:57,581,13.979,23.28,1,0.6481,142.454
2026-07-24T20:12:57,582,15.841,22.036,1,0.6592,142.449
2026-07-24T20:12:57,583,14.82,23.121,2,0.509,142.445
2026-07-24T20:12:57,584,14.937,23.178,1,0.6614,142.437
2026-07-24T20:12:57,585,15.851,23.619,1,0.6596,142.431
2026-07-24T20:12:57,586,13.312,23.165,1,0.6597,142.424
2026-07-24T20:12:57,587,16.343,23.158,1,0.6669,142.418
2026-07-24T20:12:57,588,14.348,23.59,1,0.6728,142.415
2026-07-24T20:12:57,589,16.313,22.096,1,0.6781,142.416
2026-07-24T20:12:58,590,13.796,23.79,1,0.6841,142.416
2026-07-24T20:12:58,591,15.678,23.164,1,0.6814,142.416
2026-07-24T20:12:58,592,15.084,22.9,1,0.6804,142.417
2026-07-24T20:12:58,593,15.245,24.051,1,0.6772,142.417
2026-07-24T20:12:58,594,13.704,24.379,1,0.6734,142.419
2026-07-24T20:12:58,595,16.97,22.694,1,0.6672,142.417
2026-07-24T20:12:58,596,13.449,24.709,1,0.6653,142.416
2026-07-24T20:12:58,597,16.176,22.523,1,0.6598,142.413
2026-07-24T20:12:58,598,14.97,23.007,1,0.6464,142.405
2026-07-24T20:12:58,599,15.007,23.296,2,0.5109,142.398
2026-07-24T20:12:58,600,14.745,24.082,2,0.5116,142.392
2026-07-24T20:12:58,601,16.493,22.715,2,0.5016,142.389
2026-07-24T20:12:58,602,13.277,25.183,1,0.6484,142.385
2026-07-24T20:12:58,603,15.406,24.647,1,0.6467,142.385
2026-07-24T20:12:59,604,14.614,24.038,1,0.6576,142.383
2026-07-24T20:12:59,605,15.435,22.906,1,0.6665,142.381
2026-07-24T20:12:59,606,15.989,22.538,1,0.6694,142.379
2026-07-24T20:12:59,607,14.211,23.388,1,0.6707,142.378
2026-07-24T20:12:59,608,17.43,22.916,1,0.6674,142.377
2026-07-24T20:12:59,609,11.955,25.199,1,0.6644,142.381
2026-07-24T20:12:59,610,17.855,23.399,1,0.663,142.386
2026-07-24T20:12:59,611,14.503,22.791,1,0.6656,142.391
2026-07-24T20:12:59,612,15.215,23.0,2,0.5214,142.397
2026-07-24T20:12:59,613,14.771,23.878,2,0.5202,142.401
2026-07-24T20:12:59,614,15.572,22.431,2,0.5146,142.406
2026-07-24T20:12:59,615,14.217,24.018,2,0.5069,142.407
2026-07-24T20:12:59,616,17.093,25.252,1,0.6378,142.404
2026-07-24T20:12:59,617,12.146,25.267,1,0.6295,142.4
2026-07-24T20:12:59,618,17.254,23.16,1,0.6381,142.396
2026-07-24T20:12:59,619,15.227,23.118,1,0.6359,142.39
2026-07-24T20:13:00,620,15.16,24.418,1,0.6304,142.38
2026-07-24T20:13:00,621,14.315,23.838,1,0.6282,142.373
2026-07-24T20:13:00,622,15.284,22.75,1,0.6334,142.368
2026-07-24T20:13:00,623,16.046,22.456,1,0.6342,142.362
2026-07-24T20:13:00,624,14.018,24.204,1,0.6461,142.359
2026-07-24T20:13:00,625,15.437,23.883,1,0.6661,142.36
2026-07-24T20:13:00,626,14.37,24.434,1,0.668,142.36
2026-07-24T20:13:00,627,15.583,23.431,2,0.5139,142.363
2026-07-24T20:13:00,628,14.96,22.731,2,0.5249,142.365
2026-07-24T20:13:00,629,14.76,23.259,2,0.5231,142.369
2026-07-24T20:13:00,630,15.036,22.77,2,0.5196,142.37
2026-07-24T20:13:00,631,16.172,23.248,2,0.505,142.375
2026-07-24T20:13:00,632,14.07,24.211,2,0.5178,142.38
2026-07-24T20:13:00,633,15.024,23.706,2,0.5159,142.379
2026-07-24T20:13:00,634,15.272,22.906,2,0.5149,142.378
2026-07-24T20:13:01,635,14.38,24.507,1,0.6538,142.375
2026-07-24T20:13:01,636,15.454,23.612,1,0.6451,142.373
2026-07-24T20:13:01,637,15.001,23.37,1,0.6511,142.371
2026-07-24T20:13:01,638,15.025,23.16,1,0.6465,142.364
2026-07-24T20:13:01,639,16.449,23.46,1,0.648,142.359
2026-07-24T20:13:01,640,13.01,24.324,1,0.6523,142.359
2026-07-24T20:13:01,641,15.905,22.687,1,0.6455,142.357
2026-07-24T20:13:01,642,14.733,23.704,1,0.6452,142.357
2026-07-24T20:13:01,643,15.959,22.725,1,0.6405,142.352
2026-07-24T20:13:01,644,13.964,23.835,1,0.6286,142.35
2026-07-24T20:13:01,645,15.544,23.427,1,0.6286,142.346
2026-07-24T20:13:01,646,15.418,22.581,1,0.6325,142.339
2026-07-24T20:13:01,647,15.63,22.867,1,0.6284,142.33
2026-07-24T20:13:01,648,13.052,23.88,1,0.6295,142.319
2026-07-24T20:13:01,649,17.026,22.519,1,0.6345,142.31
2026-07-24T20:13:02,650,14.296,23.479,1,0.6408,142.305
2026-07-24T20:13:02,651,15.053,23.483,1,0.6441,142.297
2026-07-24T20:13:02,652,15.387,23.59,1,0.6478,142.296
2026-07-24T20:13:02,653,14.641,22.639,1,0.6442,142.294
2026-07-24T20:13:02,654,15.063,23.568,1,0.6476,142.291
2026-07-24T20:13:02,655,15.731,23.109,1,0.6508,142.292
2026-07-24T20:13:02,656,13.903,23.589,1,0.642,142.292
2026-07-24T20:13:02,657,15.64,23.137,1,0.6364,142.284
2026-07-24T20:13:02,658,14.652,23.884,1,0.6341,142.272
2026-07-24T20:13:02,659,15.091,23.571,2,0.504,142.257
2026-07-24T20:13:02,660,15.161,22.655,2,0.5022,142.237
2026-07-24T20:13:02,661,15.148,22.532,2,0.5107,142.21
2026-07-24T20:13:02,662,15.142,24.44,2,0.5217,142.191
2026-07-24T20:13:02,663,14.199,24.514,2,0.5274,142.176
2026-07-24T20:13:02,664,16.034,23.491,2,0.5218,142.157
2026-07-24T20:13:03,665,14.214,23.787,2,0.5072,142.136
2026-07-24T20:13:03,666,16.102,23.075,1,0.6488,142.119
2026-07-24T20:13:03,667,14.517,23.458,1,0.6586,142.101
2026-07-24T20:13:03,668,14.778,23.684,1,0.6638,142.08
2026-07-24T20:13:03,669,14.879,23.221,1,0.6617,142.061
2026-07-24T20:13:03,670,16.292,23.858,1,0.6609,142.042
2026-07-24T20:13:03,671,12.47,25.501,1,0.6591,142.022
2026-07-24T20:13:03,672,17.537,23.032,1,0.6449,142.007
2026-07-24T20:13:03,673,14.867,22.757,1,0.6305,141.985
2026-07-24T20:13:03,674,15.001,23.517,1,0.6377,141.962
2026-07-24T20:13:03,675,14.941,23.637,1,0.6371,141.94
2026-07-24T20:13:03,676,15.292,23.159,1,0.6313,141.913
2026-07-24T20:13:03,677,14.642,22.676,1,0.6205,141.885
2026-07-24T20:13:03,678,15.874,23.784,1,0.6289,141.856
2026-07-24T20:13:04,679,14.232,23.752,1,0.6391,141.834
2026-07-24T20:13:04,680,15.437,22.789,1,0.6407,141.814
2026-07-24T20:13:04,681,14.445,23.563,1,0.6457,141.796
2026-07-24T20:13:04,682,15.83,22.283,1,0.6377,141.768
2026-07-24T20:13:04,683,13.991,23.407,1,0.6297,141.731
2026-07-24T20:13:04,684,15.655,22.7,1,0.6306,141.7
2026-07-24T20:13:04,685,14.783,23.59,1,0.6256,141.668
2026-07-24T20:13:04,686,15.913,22.844,1,0.6245,141.644
2026-07-24T20:13:04,687,13.705,23.984,1,0.6378,141.625
2026-07-24T20:13:04,688,16.013,23.743,1,0.6356,141.639
2026-07-24T20:13:04,689,14.416,23.377,1,0.6318,141.754
2026-07-24T20:13:04,690,15.482,22.783,1,0.6295,142.007
2026-07-24T20:13:04,691,15.0,23.028,1,0.608,142.25
2026-07-24T20:13:04,692,14.852,23.727,1,0.6222,142.109
2026-07-24T20:13:04,693,15.625,24.191,1,0.6176,140.64
2026-07-24T20:13:05,694,13.94,24.097,1,0.62,139.206
2026-07-24T20:13:05,695,16.334,22.745,1,0.6307,137.935
2026-07-24T20:13:05,696,13.605,23.884,1,0.6551,137.312
2026-07-24T20:13:05,697,16.504,22.909,1,0.632,136.504
2026-07-24T20:13:05,698,14.427,22.826,1,0.6372,135.848
2026-07-24T20:13:05,699,15.487,22.965,2,0.5104,135.69
2026-07-24T20:13:05,700,14.447,23.222,1,0.6657,135.638
2026-07-24T20:13:05,701,16.424,23.723,1,0.665,135.991
2026-07-24T20:13:05,702,12.485,24.783,1,0.6091,136.821
2026-07-24T20:13:05,703,17.394,24.15,2,0.4842,137.503
2026-07-24T20:13:05,704,14.784,22.852,2,0.4898,138.185
2026-07-24T20:13:05,705,15.226,22.959,2,0.496,138.974
2026-07-24T20:13:05,706,15.372,21.928,1,0.5916,139.722
2026-07-24T20:13:05,707,13.88,23.794,2,0.4947,140.409
2026-07-24T20:13:05,708,15.754,22.689,1,0.6256,140.943
2026-07-24T20:13:05,709,15.742,23.41,1,0.6313,141.073
2026-07-24T20:13:06,710,13.172,24.916,1,0.6303,140.923
2026-07-24T20:13:06,711,16.973,23.216,1,0.6342,140.652
2026-07-24T20:13:06,712,14.886,23.257,1,0.6241,140.288
2026-07-24T20:13:06,713,15.571,22.349,1,0.6027,139.585
2026-07-24T20:13:06,714,13.213,24.061,2,0.5038,138.037
2026-07-24T20:13:06,715,16.78,22.743,3,0.4937,135.754
2026-07-24T20:13:06,716,14.342,24.002,3,0.6126,132.978
2026-07-24T20:13:06,717,15.542,23.548,3,0.6517,130.278
2026-07-24T20:13:06,718,14.863,23.593,2,0.7809,127.994
2026-07-24T20:13:06,719,14.671,23.544,2,0.7033,125.77
2026-07-24T20:13:06,720,15.174,23.411,2,0.7851,124.008
2026-07-24T20:13:06,721,15.182,23.144,2,0.7898,122.539
2026-07-24T20:13:06,722,14.095,25.352,2,0.7413,121.315
2026-07-24T20:13:06,723,15.774,23.382,3,0.6151,120.566
2026-07-24T20:13:06,724,15.512,23.503,3,0.6071,120.536
2026-07-24T20:13:07,725,14.04,23.953,3,0.607,120.582
2026-07-24T20:13:07,726,15.662,24.819,3,0.5821,120.328
2026-07-24T20:13:07,727,13.821,24.266,2,0.6689,120.738
2026-07-24T20:13:07,728,16.576,22.789,1,0.938,121.271
2026-07-24T20:13:07,729,14.183,23.313,3,0.5755,122.091
2026-07-24T20:13:07,730,15.706,23.152,3,0.5954,122.75
2026-07-24T20:13:07,731,14.327,23.451,1,0.9378,123.141
2026-07-24T20:13:07,732,16.089,24.203,1,0.9393,123.253
2026-07-24T20:13:07,733,12.768,25.061,2,0.6705,123.558
2026-07-24T20:13:07,734,16.146,24.092,2,0.653,124.047
2026-07-24T20:13:07,735,14.22,24.078,4,0.5335,124.68
2026-07-24T20:13:07,736,18.549,22.302,3,0.616,125.238
2026-07-24T20:13:07,737,12.003,25.246,3,0.6529,125.594
2026-07-24T20:13:07,738,17.273,23.203,3,0.6752,125.948
2026-07-24T20:13:08,739,15.24,23.097,3,0.6355,126.157
2026-07-24T20:13:08,740,15.025,24.042,2,0.7746,126.414
2026-07-24T20:13:08,741,13.504,25.312,2,0.6393,126.775
2026-07-24T20:13:08,742,16.847,21.726,3,0.5545,126.955
2026-07-24T20:13:08,743,13.996,23.791,3,0.6458,126.895
2026-07-24T20:13:08,744,15.514,23.306,4,0.5573,126.752
2026-07-24T20:13:08,745,14.598,23.566,3,0.662,125.923
2026-07-24T20:13:08,746,15.033,23.935,3,0.6287,125.35
2026-07-24T20:13:08,747,14.994,23.436,3,0.5812,124.76
2026-07-24T20:13:08,748,17.964,21.22,2,0.7094,124.317
2026-07-24T20:13:08,749,16.218,20.989,2,0.7655,124.608
2026-07-24T20:13:08,750,25.713,20.602,2,0.7005,124.464
2026-07-24T20:13:08,751,27.65,20.884,2,0.6395,123.849
2026-07-24T20:13:08,752,12.532,22.306,2,0.6208,122.25
2026-07-24T20:13:08,753,16.565,22.655,1,0.8748,121.918
2026-07-24T20:13:08,754,13.981,23.47,1,0.9333,121.305
2026-07-24T20:13:09,755,15.853,23.036,2,0.6745,120.511
2026-07-24T20:13:09,756,15.686,22.87,2,0.6955,119.73
2026-07-24T20:13:09,757,13.548,24.077,1,0.9281,118.872
2026-07-24T20:13:09,758,15.69,23.1,2,0.7328,118.131
2026-07-24T20:13:09,759,14.213,23.755,2,0.6816,117.328
2026-07-24T20:13:09,760,15.392,22.616,2,0.6842,116.216
2026-07-24T20:13:09,761,14.859,23.034,2,0.6993,115.354
2026-07-24T20:13:09,762,14.741,22.722,3,0.5689,114.854
2026-07-24T20:13:09,763,14.708,23.306,3,0.5862,114.498
2026-07-24T20:13:09,764,17.025,23.366,2,0.6914,113.852
2026-07-24T20:13:09,765,12.627,23.896,1,0.9573,113.429
2026-07-24T20:13:09,766,17.569,22.292,1,0.9678,112.836
2026-07-24T20:13:09,767,13.89,23.994,1,0.966,111.812
2026-07-24T20:13:09,768,14.731,23.373,1,0.9654,110.964
2026-07-24T20:13:09,769,14.757,23.387,1,0.9641,110.479
2026-07-24T20:13:10,770,16.111,22.243,1,0.9396,109.109
2026-07-24T20:13:10,771,13.961,22.857,1,0.9304,106.916
2026-07-24T20:13:10,772,15.268,23.976,1,0.9278,104.238
2026-07-24T20:13:10,773,15.166,23.31,2,0.6462,101.144
2026-07-24T20:13:10,774,14.566,23.39,1,0.9094,98.369
2026-07-24T20:13:10,775,15.126,23.179,2,0.6265,96.437
2026-07-24T20:13:10,776,15.0,23.414,2,0.6396,94.459
2026-07-24T20:13:10,777,14.337,23.543,2,0.6314,92.907
2026-07-24T20:13:10,778,15.491,22.734,1,0.9198,91.911
2026-07-24T20:13:10,779,15.999,23.051,1,0.876,91.744
2026-07-24T20:13:10,780,12.819,24.671,2,0.5103,92.334
2026-07-24T20:13:10,781,16.292,23.499,1,0.8088,92.773
2026-07-24T20:13:10,782,15.538,22.45,1,0.8027,89.127
2026-07-24T20:13:10,783,14.096,23.15,1,0.3706,80.004
2026-07-24T20:13:10,784,15.254,23.253,2,0.4154,73.643
2026-07-24T20:13:11,785,15.446,22.716,0,0.0,70.108
2026-07-24T20:13:11,786,14.928,22.941,0,0.0,66.227
2026-07-24T20:13:11,787,16.744,23.157,0,0.0,66.781
2026-07-24T20:13:11,788,16.064,24.242,0,0.0,68.277
2026-07-24T20:13:11,789,12.391,29.813,0,0.0,67.928
2026-07-24T20:13:11,790,15.043,26.627,0,0.0,64.594
2026-07-24T20:13:11,791,14.962,23.412,0,0.0,61.588
2026-07-24T20:13:11,792,13.43,24.882,0,0.0,60.681
2026-07-24T20:13:11,793,16.336,22.633,0,0.0,64.053
2026-07-24T20:13:11,794,10.909,25.526,0,0.0,66.282
2026-07-24T20:13:11,795,12.248,24.363,0,0.0,74.527
2026-07-24T20:13:11,796,11.647,24.757,0,0.0,73.884
2026-07-24T20:13:11,797,11.866,24.592,0,0.0,73.684
2026-07-24T20:13:11,798,12.056,24.5,0,0.0,73.382
2026-07-24T20:13:12,799,11.971,24.269,0,0.0,65.135
2026-07-24T20:13:12,800,11.687,25.922,0,0.0,71.797
2026-07-24T20:13:12,801,12.921,23.951,0,0.0,66.317
2026-07-24T20:13:12,802,10.778,25.865,0,0.0,63.873
2026-07-24T20:13:12,803,13.528,24.554,0,0.0,59.381
2026-07-24T20:13:12,804,14.743,25.333,0,0.0,61.493
2026-07-24T20:13:12,805,22.208,23.97,0,0.0,62.749
2026-07-24T20:13:12,806,25.471,22.24,0,0.0,62.33
2026-07-24T20:13:12,807,27.163,21.289,0,0.0,61.426
2026-07-24T20:13:12,808,24.898,20.829,0,0.0,60.054
2026-07-24T20:13:12,809,19.764,21.223,0,0.0,59.472
2026-07-24T20:13:12,810,26.812,20.141,0,0.0,59.384
2026-07-24T20:13:12,811,24.423,20.056,0,0.0,58.108
2026-07-24T20:13:12,812,21.778,21.371,0,0.0,56.76
2026-07-24T20:13:12,813,24.207,20.45,0,0.0,55.776
2026-07-24T20:13:12,814,23.357,20.258,0,0.0,54.863
2026-07-24T20:13:12,815,24.478,20.403,0,0.0,55.3
2026-07-24T20:13:12,816,23.228,20.044,0,0.0,58.231
2026-07-24T20:13:13,817,24.172,20.903,0,0.0,61.79
2026-07-24T20:13:13,818,23.531,21.698,0,0.0,65.789
2026-07-24T20:13:13,819,12.435,25.157,0,0.0,70.594
2026-07-24T20:13:13,820,20.227,24.173,0,0.0,71.864
2026-07-24T20:13:13,821,26.13,22.313,0,0.0,72.489
2026-07-24T20:13:13,822,25.794,21.938,0,0.0,72.202
2026-07-24T20:13:13,823,25.806,21.669,0,0.0,71.76
2026-07-24T20:13:13,824,22.218,20.461,0,0.0,71.478
2026-07-24T20:13:13,825,22.818,20.412,0,0.0,71.084
2026-07-24T20:13:13,826,24.38,20.558,0,0.0,70.455
2026-07-24T20:13:13,827,24.067,20.77,0,0.0,69.942
2026-07-24T20:13:13,828,23.936,19.916,0,0.0,69.486
2026-07-24T20:13:13,829,22.928,20.623,0,0.0,69.119
2026-07-24T20:13:13,830,24.366,21.335,0,0.0,69.292
2026-07-24T20:13:13,831,24.336,20.292,0,0.0,70.22
2026-07-24T20:13:13,832,23.352,20.371,0,0.0,70.714
2026-07-24T20:13:13,833,27.285,21.213,0,0.0,70.291
2026-07-24T20:13:13,834,25.821,20.464,0,0.0,68.755
2026-07-24T20:13:13,835,23.052,19.939,0,0.0,66.915
2026-07-24T20:13:13,836,24.77,20.168,0,0.0,66.238
2026-07-24T20:13:13,837,24.528,19.584,0,0.0,67.199
2026-07-24T20:13:13,838,23.852,19.923,0,0.0,68.365
2026-07-24T20:13:13,839,23.646,20.066,0,0.0,68.45
2026-07-24T20:13:14,840,24.307,19.372,0,0.0,68.297
2026-07-24T20:13:14,841,18.272,21.063,0,0.0,68.069
2026-07-24T20:13:14,842,26.134,20.647,0,0.0,67.846
2026-07-24T20:13:14,843,23.987,21.418,0,0.0,67.621
2026-07-24T20:13:14,844,23.786,20.961,0,0.0,67.324
2026-07-24T20:13:14,845,24.879,20.989,0,0.0,67.065
2026-07-24T20:13:14,846,22.945,22.044,0,0.0,66.91
2026-07-24T20:13:14,847,23.046,21.827,0,0.0,66.762
2026-07-24T20:13:14,848,25.015,21.311,0,0.0,66.592
2026-07-24T20:13:14,849,23.556,20.43,0,0.0,66.494
2026-07-24T20:13:14,850,23.498,21.537,0,0.0,66.415
2026-07-24T20:13:14,851,24.155,21.387,0,0.0,66.289
2026-07-24T20:13:14,852,24.316,21.166,0,0.0,66.199
2026-07-24T20:13:14,853,23.831,21.212,0,0.0,66.179
2026-07-24T20:13:14,854,23.592,21.323,0,0.0,66.185
2026-07-24T20:13:14,855,24.686,20.628,0,0.0,66.229
2026-07-24T20:13:14,856,22.837,20.362,0,0.0,66.199
2026-07-24T20:13:14,857,23.944,21.155,0,0.0,66.147
2026-07-24T20:13:14,858,25.517,21.042,0,0.0,66.075
2026-07-24T20:13:14,859,22.607,21.043,0,0.0,65.988
2026-07-24T20:13:14,860,23.928,21.038,0,0.0,65.926
2026-07-24T20:13:14,861,23.505,21.446,0,0.0,65.914
2026-07-24T20:13:14,862,24.698,21.32,0,0.0,65.908
2026-07-24T20:13:14,863,24.617,21.425,0,0.0,65.9
2026-07-24T20:13:15,864,26.501,21.868,0,0.0,65.902
2026-07-24T20:13:15,865,20.247,22.224,0,0.0,65.914
2026-07-24T20:13:15,866,24.916,21.507,0,0.0,65.924
2026-07-24T20:13:15,867,24.398,21.534,0,0.0,65.909
2026-07-24T20:13:15,868,23.21,21.791,0,0.0,65.876
2026-07-24T20:13:15,869,25.206,21.047,0,0.0,65.852
2026-07-24T20:13:15,870,26.665,21.951,0,0.0,65.826
2026-07-24T20:13:15,871,24.42,21.778,0,0.0,65.814
2026-07-24T20:13:15,872,19.762,21.18,0,0.0,65.822
2026-07-24T20:13:15,873,25.271,21.433,0,0.0,65.831
2026-07-24T20:13:15,874,23.667,21.857,0,0.0,65.845
2026-07-24T20:13:15,875,24.966,21.124,0,0.0,65.852
2026-07-24T20:13:15,876,22.74,21.034,0,0.0,65.852
2026-07-24T20:13:15,877,24.332,21.347,0,0.0,65.844
2026-07-24T20:13:15,878,24.12,21.362,0,0.0,65.834
2026-07-24T20:13:15,879,24.048,21.154,0,0.0,65.821
2026-07-24T20:13:15,880,23.655,21.255,0,0.0,65.807
2026-07-24T20:13:15,881,23.228,21.429,0,0.0,65.795
2026-07-24T20:13:15,882,25.168,22.672,0,0.0,65.797
2026-07-24T20:13:15,883,24.325,21.783,0,0.0,65.793
2026-07-24T20:13:15,884,22.637,21.468,0,0.0,65.789
2026-07-24T20:13:15,885,23.839,21.669,0,0.0,65.775
2026-07-24T20:13:15,886,24.19,21.424,0,0.0,65.766
2026-07-24T20:13:15,887,23.766,21.528,0,0.0,65.756
2026-07-24T20:13:16,888,23.461,21.895,0,0.0,65.74
2026-07-24T20:13:16,889,24.919,20.99,0,0.0,65.725
2026-07-24T20:13:16,890,23.781,21.16,0,0.0,65.701
2026-07-24T20:13:16,891,23.783,21.312,0,0.0,65.658
2026-07-24T20:13:16,892,23.889,21.38,0,0.0,65.609
2026-07-24T20:13:16,893,26.566,22.472,0,0.0,65.548
2026-07-24T20:13:16,894,24.985,22.316,0,0.0,65.485
2026-07-24T20:13:16,895,20.408,21.564,0,0.0,65.41
2026-07-24T20:13:16,896,24.249,21.744,0,0.0,65.353
2026-07-24T20:13:16,897,24.319,20.726,0,0.0,65.291
2026-07-24T20:13:16,898,23.211,21.763,0,0.0,65.228
2026-07-24T20:13:16,899,24.219,21.264,0,0.0,65.164
2026-07-24T20:13:16,900,24.286,21.047,0,0.0,65.091
2026-07-24T20:13:16,901,23.305,21.246,0,0.0,65.006
2026-07-24T20:13:16,902,23.835,21.352,0,0.0,64.937
2026-07-24T20:13:16,903,23.671,21.436,0,0.0,64.959
2026-07-24T20:13:16,904,23.755,21.401,0,0.0,65.048
2026-07-24T20:13:16,905,24.807,21.473,0,0.0,65.276
2026-07-24T20:13:16,906,24.106,20.733,0,0.0,65.36
2026-07-24T20:13:16,907,24.83,21.964,0,0.0,65.174
2026-07-24T20:13:16,908,22.501,21.169,0,0.0,65.034
2026-07-24T20:13:16,909,23.862,22.061,0,0.0,65.021
2026-07-24T20:13:16,910,24.053,21.757,0,0.0,65.223
2026-07-24T20:13:16,911,23.759,21.583,0,0.0,65.418
2026-07-24T20:13:17,912,26.704,21.987,0,0.0,65.606
2026-07-24T20:13:17,913,25.427,21.416,0,0.0,65.757
2026-07-24T20:13:17,914,19.703,21.932,0,0.0,65.911
2026-07-24T20:13:17,915,25.261,21.855,0,0.0,66.059
2026-07-24T20:13:17,916,23.643,21.922,0,0.0,66.233
2026-07-24T20:13:17,917,24.49,21.469,0,0.0,66.409
2026-07-24T20:13:17,918,23.05,21.715,0,0.0,66.631
2026-07-24T20:13:17,919,27.305,21.565,0,0.0,66.989
2026-07-24T20:13:17,920,21.769,21.575,0,0.0,67.312
2026-07-24T20:13:17,921,23.88,21.429,0,0.0,67.477
2026-07-24T20:13:17,922,24.869,20.101,0,0.0,67.609
2026-07-24T20:13:17,923,22.633,21.708,0,0.0,67.65
2026-07-24T20:13:17,924,24.373,21.381,0,0.0,67.71
2026-07-24T20:13:17,925,22.684,23.606,0,0.0,67.811
2026-07-24T20:13:17,926,24.415,22.571,0,0.0,67.851
2026-07-24T20:13:17,927,24.723,21.344,0,0.0,67.855
2026-07-24T20:13:17,928,24.032,21.454,0,0.0,67.853
2026-07-24T20:13:17,929,23.777,21.05,0,0.0,67.683
2026-07-24T20:13:17,930,24.2,21.294,0,0.0,67.447
2026-07-24T20:13:17,931,22.86,21.428,0,0.0,67.295
2026-07-24T20:13:17,932,25.529,21.712,0,0.0,67.232
2026-07-24T20:13:17,933,23.215,21.13,0,0.0,67.174
2026-07-24T20:13:17,934,23.862,21.39,0,0.0,67.139
2026-07-24T20:13:17,935,23.622,22.11,0,0.0,67.163
2026-07-24T20:13:18,936,24.063,21.589,0,0.0,67.267
2026-07-24T20:13:18,937,24.146,21.491,0,0.0,67.44
2026-07-24T20:13:18,938,23.779,21.524,0,0.0,67.59
2026-07-24T20:13:18,939,24.101,21.175,0,0.0,67.661
2026-07-24T20:13:18,940,23.671,21.5,0,0.0,67.701
2026-07-24T20:13:18,941,23.357,21.629,0,0.0,67.696
2026-07-24T20:13:18,942,23.404,22.322,0,0.0,67.674
2026-07-24T20:13:18,943,25.704,20.853,0,0.0,67.642
2026-07-24T20:13:18,944,24.618,20.921,0,0.0,67.627
2026-07-24T20:13:18,945,22.741,20.506,0,0.0,67.636
2026-07-24T20:13:18,946,24.415,20.958,0,0.0,67.662
2026-07-24T20:13:18,947,23.577,21.013,0,0.0,67.771
2026-07-24T20:13:18,948,23.692,21.07,0,0.0,67.821
2026-07-24T20:13:18,949,23.953,21.937,0,0.0,67.878
2026-07-24T20:13:18,950,23.784,20.524,0,0.0,67.933
2026-07-24T20:13:18,951,24.334,20.111,0,0.0,68.014
2026-07-24T20:13:18,952,23.564,20.937,0,0.0,68.075
2026-07-24T20:13:18,953,24.153,20.708,0,0.0,68.027
2026-07-24T20:13:18,954,24.166,19.648,0,0.0,67.937
2026-07-24T20:13:18,955,23.347,20.891,0,0.0,67.78
2026-07-24T20:13:18,956,26.462,21.195,0,0.0,67.608
2026-07-24T20:13:18,957,25.875,20.919,0,0.0,67.468
2026-07-24T20:13:18,958,19.439,20.627,0,0.0,67.308
2026-07-24T20:13:19,959,12.986,22.319,0,0.0,67.02
2026-07-24T20:13:19,960,21.255,21.135,0,0.0,66.907
2026-07-24T20:13:19,961,24.682,21.783,0,0.0,66.804
2026-07-24T20:13:19,962,23.449,21.768,0,0.0,66.706
2026-07-24T20:13:19,963,24.451,20.641,0,0.0,66.631
2026-07-24T20:13:19,964,23.801,20.996,0,0.0,66.566
2026-07-24T20:13:19,965,23.867,20.797,0,0.0,66.525
2026-07-24T20:13:19,966,24.409,20.26,0,0.0,66.495
2026-07-24T20:13:19,967,23.738,20.622,0,0.0,66.474
2026-07-24T20:13:19,968,25.376,20.038,0,0.0,66.465
2026-07-24T20:13:19,969,21.713,20.384,0,0.0,66.47
2026-07-24T20:13:19,970,12.545,23.054,0,0.0,66.525
2026-07-24T20:13:19,971,22.562,22.119,0,0.0,66.526
2026-07-24T20:13:19,972,23.25,21.921,0,0.0,66.488
2026-07-24T20:13:19,973,25.265,20.473,0,0.0,66.457
2026-07-24T20:13:19,974,22.382,20.833,0,0.0,66.406
2026-07-24T20:13:19,975,24.579,20.934,0,0.0,66.349
2026-07-24T20:13:19,976,24.958,20.862,0,0.0,66.284
2026-07-24T20:13:19,977,23.337,20.359,0,0.0,66.221
2026-07-24T20:13:19,978,23.775,21.661,0,0.0,66.141
2026-07-24T20:13:19,979,25.204,20.524,0,0.0,66.037
2026-07-24T20:13:19,980,23.124,20.536,0,0.0,65.933
2026-07-24T20:13:19,981,24.089,20.344,0,0.0,65.775
2026-07-24T20:13:20,982,23.526,20.868,0,0.0,65.601
2026-07-24T20:13:20,983,23.98,21.878,0,0.0,65.396
2026-07-24T20:13:20,984,25.289,20.685,0,0.0,65.177
2026-07-24T20:13:20,985,22.191,20.218,0,0.0,64.983
2026-07-24T20:13:20,986,25.121,20.235,0,0.0,64.532
2026-07-24T20:13:20,987,23.718,19.652,0,0.0,64.178
2026-07-24T20:13:20,988,24.045,20.213,0,0.0,63.829
2026-07-24T20:13:20,989,23.062,20.469,0,0.0,63.575
2026-07-24T20:13:20,990,25.066,20.501,0,0.0,63.369
2026-07-24T20:13:20,991,26.543,20.396,0,0.0,63.177
2026-07-24T20:13:20,992,20.775,20.657,0,0.0,63.031
2026-07-24T20:13:20,993,24.932,20.772,0,0.0,62.892
2026-07-24T20:13:20,994,23.214,20.097,0,0.0,62.673
2026-07-24T20:13:20,995,25.895,21.1,0,0.0,62.452
2026-07-24T20:13:20,996,21.757,20.889,0,0.0,62.217
2026-07-24T20:13:20,997,24.704,20.673,0,0.0,61.975
2026-07-24T20:13:20,998,23.654,20.907,0,0.0,61.733
2026-07-24T20:13:20,999,23.52,21.17,0,0.0,61.471
2026-07-24T20:13:20,1000,24.913,20.007,0,0.0,61.291
2026-07-24T20:13:20,1001,22.794,20.929,0,0.0,61.149
2026-07-24T20:13:20,1002,24.538,20.211,0,0.0,61.057
2026-07-24T20:13:20,1003,23.821,21.063,0,0.0,60.963
2026-07-24T20:13:20,1004,25.0,20.719,0,0.0,60.869
2026-07-24T20:13:21,1005,22.27,21.089,0,0.0,60.805
2026-07-24T20:13:21,1006,24.667,21.218,0,0.0,60.813
2026-07-24T20:13:21,1007,23.951,20.858,0,0.0,60.708
2026-07-24T20:13:21,1008,23.969,20.734,0,0.0,60.575
2026-07-24T20:13:21,1009,23.866,20.536,0,0.0,60.216
2026-07-24T20:13:21,1010,24.165,20.65,0,0.0,59.756
2026-07-24T20:13:21,1011,23.706,20.691,0,0.0,58.607
2026-07-24T20:13:21,1012,24.95,20.175,0,0.0,57.664
2026-07-24T20:13:21,1013,22.506,20.34,0,0.0,57.486
2026-07-24T20:13:21,1014,24.022,21.234,0,0.0,57.02
2026-07-24T20:13:21,1015,24.129,21.311,0,0.0,56.732
2026-07-24T20:13:21,1016,25.201,20.762,0,0.0,56.795
2026-07-24T20:13:21,1017,22.974,20.029,0,0.0,56.891
2026-07-24T20:13:21,1018,23.956,20.906,0,0.0,57.077
2026-07-24T20:13:21,1019,23.775,20.098,0,0.0,57.298
2026-07-24T20:13:21,1020,23.779,20.351,0,0.0,57.56
2026-07-24T20:13:21,1021,24.099,20.978,0,0.0,57.944
2026-07-24T20:13:21,1022,23.963,21.133,0,0.0,58.245
2026-07-24T20:13:21,1023,23.824,19.998,0,0.0,58.443
2026-07-24T20:13:21,1024,23.312,21.197,0,0.0,58.704
2026-07-24T20:13:21,1025,25.166,20.663,1,0.4171,58.969
2026-07-24T20:13:21,1026,22.858,20.628,1,0.4575,59.222
2026-07-24T20:13:21,1027,25.74,20.575,0,0.0,59.367
2026-07-24T20:13:21,1028,25.809,20.65,0,0.0,59.324
2026-07-24T20:13:22,1029,21.622,20.649,0,0.0,59.189
2026-07-24T20:13:22,1030,23.45,20.494,0,0.0,59.024
2026-07-24T20:13:22,1031,24.586,20.268,0,0.0,58.856
2026-07-24T20:13:22,1032,22.83,20.54,0,0.0,58.774
2026-07-24T20:13:22,1033,24.88,21.297,0,0.0,58.742
2026-07-24T20:13:22,1034,23.11,20.833,1,0.3599,58.712
2026-07-24T20:13:22,1035,25.366,20.336,1,0.377,58.689
2026-07-24T20:13:22,1036,22.561,20.335,0,0.0,58.666
2026-07-24T20:13:22,1037,24.913,20.55,0,0.0,58.666
2026-07-24T20:13:22,1038,23.304,20.165,0,0.0,58.668
2026-07-24T20:13:22,1039,24.534,20.343,0,0.0,58.63
2026-07-24T20:13:22,1040,22.747,21.308,0,0.0,58.549
2026-07-24T20:13:22,1041,26.017,20.673,1,0.3506,58.441
2026-07-24T20:13:22,1042,22.223,20.477,0,0.0,58.317
2026-07-24T20:13:22,1043,24.307,20.446,0,0.0,58.244
2026-07-24T20:13:22,1044,23.624,20.465,0,0.0,58.156
2026-07-24T20:13:22,1045,24.077,20.866,0,0.0,58.09
2026-07-24T20:13:22,1046,24.628,19.331,0,0.0,58.056
2026-07-24T20:13:22,1047,22.723,21.723,0,0.0,58.068
2026-07-24T20:13:22,1048,24.591,20.38,0,0.0,58.16
2026-07-24T20:13:22,1049,23.831,20.251,0,0.0,58.36
2026-07-24T20:13:22,1050,23.228,20.719,1,0.3688,58.65
2026-07-24T20:13:22,1051,23.647,22.167,1,0.4011,58.985
2026-07-24T20:13:22,1052,24.277,21.74,0,0.0,59.286
2026-07-24T20:13:23,1053,25.052,21.337,0,0.0,59.58
2026-07-24T20:13:23,1054,22.028,22.311,0,0.0,59.807
2026-07-24T20:13:23,1055,25.468,21.712,0,0.0,60.013
2026-07-24T20:13:23,1056,23.838,22.384,0,0.0,60.185
2026-07-24T20:13:23,1057,23.203,21.393,0,0.0,60.331
2026-07-24T20:13:23,1058,24.197,21.664,0,0.0,60.561
2026-07-24T20:13:23,1059,23.554,21.842,0,0.0,60.757
2026-07-24T20:13:23,1060,24.233,21.649,0,0.0,60.963
2026-07-24T20:13:23,1061,24.038,21.199,0,0.0,61.158
2026-07-24T20:13:23,1062,23.306,22.142,0,0.0,61.382
2026-07-24T20:13:23,1063,24.277,22.193,0,0.0,61.634
2026-07-24T20:13:23,1064,23.689,21.548,0,0.0,61.913
2026-07-24T20:13:23,1065,26.259,21.741,0,0.0,62.159
2026-07-24T20:13:23,1066,21.9,21.528,0,0.0,62.454
2026-07-24T20:13:23,1067,24.83,20.633,0,0.0,63.115
2026-07-24T20:13:23,1068,22.834,21.779,0,0.0,63.388
2026-07-24T20:13:23,1069,24.655,21.275,0,0.0,63.62
2026-07-24T20:13:23,1070,23.613,21.822,0,0.0,63.816
2026-07-24T20:13:23,1071,24.224,21.414,0,0.0,63.934
2026-07-24T20:13:23,1072,23.905,21.841,0,0.0,64.019
2026-07-24T20:13:23,1073,23.767,21.323,0,0.0,64.077
2026-07-24T20:13:23,1074,23.641,21.513,0,0.0,64.132
2026-07-24T20:13:23,1075,24.74,21.373,0,0.0,64.176
2026-07-24T20:13:23,1076,23.828,21.1,0,0.0,64.204
2026-07-24T20:13:24,1077,24.519,22.067,0,0.0,64.191
2026-07-24T20:13:24,1078,23.363,21.139,0,0.0,64.15
2026-07-24T20:13:24,1079,23.109,20.979,0,0.0,64.11
2026-07-24T20:13:24,1080,24.582,21.367,0,0.0,64.055
2026-07-24T20:13:24,1081,24.083,21.252,0,0.0,64.002
2026-07-24T20:13:24,1082,23.566,22.021,0,0.0,63.964
2026-07-24T20:13:24,1083,23.531,22.758,0,0.0,63.922
2026-07-24T20:13:24,1084,10.23,25.326,0,0.0,63.925
2026-07-24T20:13:24,1085,10.715,25.83,0,0.0,63.989
2026-07-24T20:13:24,1086,13.852,24.393,0,0.0,64.018
2026-07-24T20:13:24,1087,11.026,25.275,0,0.0,64.116
2026-07-24T20:13:24,1088,12.198,24.737,0,0.0,64.208
2026-07-24T20:13:24,1089,12.229,24.82,0,0.0,64.274
2026-07-24T20:13:24,1090,11.43,25.345,0,0.0,64.344
2026-07-24T20:13:24,1091,12.058,25.02,0,0.0,64.384
2026-07-24T20:13:25,1092,11.926,25.29,0,0.0,64.393
2026-07-24T20:13:25,1093,11.892,25.445,0,0.0,64.297
2026-07-24T20:13:25,1094,13.086,24.314,0,0.0,64.185
2026-07-24T20:13:25,1095,10.755,25.331,0,0.0,64.161
2026-07-24T20:13:25,1096,12.42,24.664,0,0.0,64.145
2026-07-24T20:13:25,1097,11.947,25.099,0,0.0,64.192
2026-07-24T20:13:25,1098,11.96,24.767,0,0.0,64.285
2026-07-24T20:13:25,1099,12.89,24.378,0,0.0,64.382
2026-07-24T20:13:25,1100,10.724,24.598,0,0.0,64.406
2026-07-24T20:13:25,1101,12.611,25.789,0,0.0,64.385
2026-07-24T20:13:25,1102,11.948,25.564,0,0.0,63.638
2026-07-24T20:13:25,1103,11.306,26.454,0,0.0,63.323
2026-07-24T20:13:26,1104,12.824,24.238,1,0.4483,62.951
2026-07-24T20:13:26,1105,13.295,23.53,1,0.461,62.517
2026-07-24T20:13:26,1106,9.929,26.158,2,0.4679,62.045
2026-07-24T20:13:26,1107,14.089,24.513,1,0.5273,61.81
2026-07-24T20:13:26,1108,10.636,24.747,1,0.5163,61.628
2026-07-24T20:13:26,1109,13.554,24.835,1,0.3908,61.519
2026-07-24T20:13:26,1110,10.613,25.585,1,0.6597,61.62
2026-07-24T20:13:26,1111,14.396,25.541,1,0.5618,61.724
2026-07-24T20:13:26,1112,10.145,26.447,1,0.7545,61.69
2026-07-24T20:13:26,1113,12.65,25.515,1,0.8197,61.575
2026-07-24T20:13:26,1114,12.384,25.439,1,0.8608,61.615
2026-07-24T20:13:26,1115,11.201,25.455,1,0.8592,61.353
2026-07-24T20:13:27,1116,12.411,24.843,1,0.8797,61.214
2026-07-24T20:13:27,1117,13.168,24.222,1,0.8576,61.321
2026-07-24T20:13:27,1118,11.029,26.146,1,0.8411,61.681
2026-07-24T20:13:27,1119,12.033,25.417,1,0.7187,63.225
2026-07-24T20:13:27,1120,11.486,26.547,1,0.7818,64.402
2026-07-24T20:13:27,1121,17.886,23.869,1,0.8217,64.465
2026-07-24T20:13:27,1122,15.641,22.848,1,0.8139,63.21
2026-07-24T20:13:27,1123,13.868,24.169,1,0.82,60.385
2026-07-24T20:13:27,1124,17.403,22.92,0,0.0,59.403
2026-07-24T20:13:27,1125,13.384,23.411,1,0.4616,59.021
2026-07-24T20:13:27,1126,15.224,23.016,0,0.0,57.512
2026-07-24T20:13:27,1127,14.207,24.584,2,0.3861,56.126
2026-07-24T20:13:27,1128,15.847,23.29,1,0.4589,56.442
2026-07-24T20:13:27,1129,14.617,23.48,1,0.4743,56.502
2026-07-24T20:13:28,1130,14.818,23.303,0,0.0,56.141
2026-07-24T20:13:28,1131,15.577,22.553,1,0.3515,56.521
2026-07-24T20:13:28,1132,14.857,23.989,0,0.0,56.903
2026-07-24T20:13:28,1133,13.306,24.422,0,0.0,56.753
2026-07-24T20:13:28,1134,18.323,22.711,0,0.0,56.76
2026-07-24T20:13:28,1135,12.511,24.263,0,0.0,56.685
2026-07-24T20:13:28,1136,15.883,23.398,0,0.0,56.506
2026-07-24T20:13:28,1137,16.407,21.613,0,0.0,56.511
2026-07-24T20:13:28,1138,13.84,23.051,0,0.0,56.436
2026-07-24T20:13:28,1139,15.335,23.369,2,0.3928,56.358
2026-07-24T20:13:28,1140,15.564,23.147,2,0.4055,56.397
2026-07-24T20:13:28,1141,13.386,24.151,2,0.3952,56.291
2026-07-24T20:13:28,1142,16.467,22.863,2,0.4964,56.022
2026-07-24T20:13:28,1143,14.913,23.402,0,0.0,54.851
2026-07-24T20:13:28,1144,14.312,23.345,0,0.0,50.57
2026-07-24T20:13:29,1145,15.711,22.98,0,0.0,47.257
2026-07-24T20:13:29,1146,14.798,23.184,1,0.4433,45.874
2026-07-24T20:13:29,1147,14.729,24.617,1,0.397,45.332
2026-07-24T20:13:29,1148,16.881,23.142,0,0.0,46.053
2026-07-24T20:13:29,1149,13.386,23.102,1,0.3594,47.344
2026-07-24T20:13:29,1150,14.574,23.924,0,0.0,49.083
2026-07-24T20:13:29,1151,12.08,24.722,0,0.0,49.216
2026-07-24T20:13:29,1152,12.614,23.968,1,0.5467,52.207
2026-07-24T20:13:29,1153,10.703,27.064,1,0.5056,53.22
2026-07-24T20:13:29,1154,15.914,24.155,1,0.4667,54.017
2026-07-24T20:13:29,1155,26.653,21.805,1,0.4462,54.368
2026-07-24T20:13:29,1156,23.026,22.811,1,0.4515,54.641
2026-07-24T20:13:29,1157,25.976,21.256,1,0.5001,54.735
2026-07-24T20:13:29,1158,22.103,21.011,1,0.5146,54.741
2026-07-24T20:13:29,1159,24.079,21.597,1,0.4832,54.775
2026-07-24T20:13:29,1160,24.621,20.94,1,0.4473,54.873
2026-07-24T20:13:29,1161,23.925,20.057,1,0.4474,54.931
2026-07-24T20:13:30,1162,23.872,20.22,1,0.5875,55.092
2026-07-24T20:13:30,1163,23.864,20.777,1,0.586,55.393
2026-07-24T20:13:30,1164,23.852,20.686,1,0.5041,55.724
2026-07-24T20:13:30,1165,24.646,20.126,1,0.3859,56.071
2026-07-24T20:13:30,1166,22.254,21.963,1,0.3642,56.39
2026-07-24T20:13:30,1167,26.789,20.272,1,0.4444,56.628
2026-07-24T20:13:30,1168,22.128,20.477,1,0.4715,56.84
2026-07-24T20:13:30,1169,24.496,21.43,2,0.4026,57.012
2026-07-24T20:13:30,1170,23.333,21.018,2,0.431,57.169
2026-07-24T20:13:30,1171,24.422,20.739,2,0.4907,57.305
2026-07-24T20:13:30,1172,24.173,20.4,2,0.4973,57.441
2026-07-24T20:13:30,1173,23.225,21.484,2,0.4508,57.591
2026-07-24T20:13:30,1174,24.585,20.18,1,0.4531,57.852
2026-07-24T20:13:30,1175,23.934,20.473,0,0.0,58.192
2026-07-24T20:13:30,1176,22.772,21.432,1,0.4017,58.598
2026-07-24T20:13:30,1177,25.423,20.199,1,0.4076,59.036
2026-07-24T20:13:30,1178,22.68,20.492,1,0.464,59.485
2026-07-24T20:13:30,1179,24.926,21.05,1,0.4431,59.944
2026-07-24T20:13:30,1180,23.985,20.965,0,0.0,60.412
2026-07-24T20:13:30,1181,23.018,20.582,0,0.0,60.826
2026-07-24T20:13:30,1182,25.355,19.799,0,0.0,60.993
2026-07-24T20:13:30,1183,21.597,23.35,1,0.3907,60.917
2026-07-24T20:13:30,1184,24.737,23.075,1,0.4158,60.53
2026-07-24T20:13:30,1185,23.798,21.688,1,0.3713,60.304
2026-07-24T20:13:31,1186,24.775,21.561,0,0.0,60.223
2026-07-24T20:13:31,1187,22.899,21.483,1,0.3591,60.191
2026-07-24T20:13:31,1188,25.101,20.971,0,0.0,60.174
2026-07-24T20:13:31,1189,22.872,21.271,1,0.4738,60.123
2026-07-24T20:13:31,1190,24.415,21.7,1,0.4761,60.07
2026-07-24T20:13:31,1191,9.394,25.146,0,0.0,59.939
2026-07-24T20:13:31,1192,12.793,24.334,2,0.3754,59.884
2026-07-24T20:13:31,1193,11.625,24.732,2,0.4764,59.734
2026-07-24T20:13:31,1194,12.084,24.892,2,0.4832,59.467
2026-07-24T20:13:31,1195,12.612,23.832,2,0.5382,59.258
2026-07-24T20:13:31,1196,11.075,25.162,2,0.5971,59.085
2026-07-24T20:13:31,1197,16.598,24.968,2,0.5555,58.946
2026-07-24T20:13:31,1198,25.201,22.815,2,0.4904,58.9
2026-07-24T20:13:31,1199,25.245,21.047,2,0.4271,58.832
2026-07-24T20:13:31,1200,24.083,21.368,2,0.3939,58.755
2026-07-24T20:13:31,1201,24.051,21.292,1,0.3859,58.685
2026-07-24T20:13:31,1202,22.352,20.986,1,0.4486,58.552
2026-07-24T20:13:32,1203,21.02,21.18,2,0.3815,58.402
2026-07-24T20:13:32,1204,24.969,20.876,0,0.0,58.25
2026-07-24T20:13:32,1205,23.772,20.606,1,0.5641,58.022
2026-07-24T20:13:32,1206,24.978,20.223,0,0.0,57.817
2026-07-24T20:13:32,1207,22.559,20.615,0,0.0,57.656
2026-07-24T20:13:32,1208,24.382,21.407,0,0.0,57.489
2026-07-24T20:13:32,1209,25.828,20.08,0,0.0,57.292
2026-07-24T20:13:32,1210,21.984,20.663,1,0.3975,57.103
2026-07-24T20:13:32,1211,24.391,21.01,1,0.5157,57.01
2026-07-24T20:13:32,1212,24.042,21.0,1,0.5196,56.879
2026-07-24T20:13:32,1213,23.746,21.024,1,0.6809,56.76
2026-07-24T20:13:32,1214,24.657,20.491,1,0.6081,56.576
2026-07-24T20:13:32,1215,22.84,20.515,1,0.5303,56.438
2026-07-24T20:13:32,1216,24.851,20.351,0,0.0,56.397
2026-07-24T20:13:32,1217,22.519,20.71,0,0.0,56.477
2026-07-24T20:13:32,1218,24.429,20.898,2,0.4467,56.379
2026-07-24T20:13:32,1219,23.889,21.502,1,0.5317,56.006
2026-07-24T20:13:32,1220,24.087,21.111,1,0.6074,55.637
2026-07-24T20:13:32,1221,26.398,20.994,1,0.4397,55.377
2026-07-24T20:13:32,1222,21.086,21.22,1,0.5318,55.164
2026-07-24T20:13:32,1223,24.753,21.741,1,0.7018,54.921
2026-07-24T20:13:32,1224,24.803,20.621,1,0.7908,54.671
2026-07-24T20:13:32,1225,22.905,20.699,1,0.7548,54.311
2026-07-24T20:13:33,1226,24.954,20.291,1,0.735,53.671
2026-07-24T20:13:33,1227,22.893,20.596,1,0.7694,52.555
2026-07-24T20:13:33,1228,24.429,20.872,1,0.8627,51.521
2026-07-24T20:13:33,1229,23.875,21.177,1,0.8454,51.293
2026-07-24T20:13:33,1230,24.086,20.784,1,0.8423,51.786
2026-07-24T20:13:33,1231,23.298,21.409,1,0.8343,52.725
2026-07-24T20:13:33,1232,24.305,20.371,1,0.8415,53.41
2026-07-24T20:13:33,1233,25.398,21.2,1,0.8276,53.791
2026-07-24T20:13:33,1234,23.328,21.29,1,0.7896,54.024
2026-07-24T20:13:33,1235,23.454,20.485,1,0.7793,54.129
2026-07-24T20:13:33,1236,23.717,20.567,1,0.7789,54.247
2026-07-24T20:13:33,1237,23.917,20.336,1,0.704,54.327
2026-07-24T20:13:33,1238,24.459,20.449,2,0.4416,54.365
2026-07-24T20:13:33,1239,23.016,20.795,1,0.6973,54.393
2026-07-24T20:13:33,1240,24.747,20.631,1,0.6822,54.572
2026-07-24T20:13:33,1241,26.913,21.524,1,0.579,54.661
2026-07-24T20:13:33,1242,24.481,20.876,2,0.4525,54.695
2026-07-24T20:13:33,1243,24.012,20.897,1,0.4595,54.802
2026-07-24T20:13:33,1244,23.96,20.987,1,0.4605,54.9
2026-07-24T20:13:33,1245,24.154,20.634,1,0.3956,54.851
2026-07-24T20:13:33,1246,23.723,21.05,0,0.0,55.175
2026-07-24T20:13:33,1247,18.916,20.818,0,0.0,55.175
2026-07-24T20:13:33,1248,25.449,20.713,0,0.0,55.671
2026-07-24T20:13:33,1249,25.094,19.884,0,0.0,55.93
2026-07-24T20:13:34,1250,23.827,20.403,1,0.367,56.458
2026-07-24T20:13:34,1251,23.056,21.746,1,0.4201,57.223
2026-07-24T20:13:34,1252,9.74,25.346,0,0.0,59.016
2026-07-24T20:13:34,1253,11.815,26.027,0,0.0,59.956
2026-07-24T20:13:34,1254,12.277,24.235,0,0.0,60.636
2026-07-24T20:13:34,1255,11.913,24.361,0,0.0,61.349
2026-07-24T20:13:34,1256,11.61,26.253,0,0.0,61.865
2026-07-24T20:13:34,1257,13.338,24.003,0,0.0,62.785
2026-07-24T20:13:34,1258,10.507,25.334,0,0.0,64.009
2026-07-24T20:13:34,1259,13.267,23.694,1,0.3747,65.279
2026-07-24T20:13:34,1260,11.092,27.372,0,0.0,65.799
2026-07-24T20:13:34,1261,16.026,24.592,1,0.4033,65.955
2026-07-24T20:13:34,1262,24.018,22.953,2,0.3941,66.052
2026-07-24T20:13:34,1263,25.316,21.24,1,0.6187,66.109
2026-07-24T20:13:35,1264,22.908,20.369,1,0.4126,66.079
2026-07-24T20:13:35,1265,24.296,21.217,2,0.4715,66.271
2026-07-24T20:13:35,1266,24.67,20.09,0,0.0,66.48
2026-07-24T20:13:35,1267,23.411,20.782,1,0.4679,66.538
2026-07-24T20:13:35,1268,24.794,20.068,2,0.5176,66.388
2026-07-24T20:13:35,1269,22.209,20.685,2,0.5776,66.056
2026-07-24T20:13:35,1270,24.731,20.408,1,0.5847,65.879
2026-07-24T20:13:35,1271,23.792,20.291,2,0.5396,65.803
2026-07-24T20:13:35,1272,23.913,20.831,1,0.6622,65.69
2026-07-24T20:13:35,1273,24.342,21.115,1,0.4923,65.668
2026-07-24T20:13:35,1274,22.826,21.155,0,0.0,65.373
2026-07-24T20:13:35,1275,25.358,20.083,0,0.0,64.988
2026-07-24T20:13:35,1276,23.332,21.073,2,0.4371,64.817
2026-07-24T20:13:35,1277,23.664,20.532,1,0.5911,64.279
2026-07-24T20:13:35,1278,23.641,20.774,1,0.5186,63.495
2026-07-24T20:13:35,1279,24.745,20.203,1,0.3529,62.837
2026-07-24T20:13:35,1280,23.407,20.23,2,0.4583,62.129
2026-07-24T20:13:35,1281,23.808,20.543,0,0.0,61.358
2026-07-24T20:13:35,1282,23.916,20.626,1,0.4566,60.681
2026-07-24T20:13:35,1283,23.842,20.422,1,0.3819,60.134
2026-07-24T20:13:35,1284,23.599,21.023,1,0.5274,59.785
2026-07-24T20:13:35,1285,25.64,21.053,1,0.4839,59.457
2026-07-24T20:13:35,1286,22.529,21.093,1,0.4455,59.151
2026-07-24T20:13:35,1287,24.706,20.466,2,0.4838,58.84
2026-07-24T20:13:36,1288,23.393,20.91,2,0.4875,58.446
2026-07-24T20:13:36,1289,23.399,22.577,2,0.4351,58.376
2026-07-24T20:13:36,1290,23.699,23.018,2,0.4799,58.451
2026-07-24T20:13:36,1291,23.511,22.612,1,0.5643,58.44
2026-07-24T20:13:36,1292,11.722,24.06,1,0.5911,58.479
2026-07-24T20:13:36,1293,24.589,22.887,1,0.6195,58.392
2026-07-24T20:13:36,1294,25.316,21.702,1,0.6837,58.278
2026-07-24T20:13:36,1295,23.303,21.918,1,0.7195,58.23
2026-07-24T20:13:36,1296,27.204,21.652,2,0.551,58.268
2026-07-24T20:13:36,1297,20.91,21.783,2,0.6037,58.254
2026-07-24T20:13:36,1298,24.941,21.35,1,0.6971,58.251
2026-07-24T20:13:36,1299,23.559,22.014,1,0.6799,58.198
2026-07-24T20:13:36,1300,24.336,21.806,2,0.5661,58.221
2026-07-24T20:13:36,1301,23.005,21.838,2,0.6094,58.221
2026-07-24T20:13:36,1302,24.181,22.306,3,0.5436,58.219
2026-07-24T20:13:36,1303,24.672,20.928,2,0.6402,58.239
2026-07-24T20:13:36,1304,23.0,22.293,2,0.6339,58.254
2026-07-24T20:13:36,1305,24.559,21.655,2,0.6241,58.25
2026-07-24T20:13:36,1306,23.67,21.61,2,0.5489,58.117
2026-07-24T20:13:36,1307,23.609,21.649,3,0.5006,57.908
2026-07-24T20:13:36,1308,24.687,21.783,1,0.7099,57.704
2026-07-24T20:13:36,1309,24.278,22.381,2,0.5288,57.423
2026-07-24T20:13:36,1310,22.718,22.33,1,0.6764,57.111
2026-07-24T20:13:37,1311,24.643,21.079,2,0.6094,56.85
2026-07-24T20:13:37,1312,23.869,21.17,1,0.6785,56.571
2026-07-24T20:13:37,1313,23.343,21.682,2,0.5204,56.284
2026-07-24T20:13:37,1314,23.95,21.801,2,0.5132,56.213
2026-07-24T20:13:37,1315,23.97,21.938,2,0.5682,56.121
2026-07-24T20:13:37,1316,23.665,21.915,2,0.575,56.012
2026-07-24T20:13:37,1317,9.321,24.715,2,0.4905,55.623
2026-07-24T20:13:37,1318,12.893,25.581,2,0.4177,55.465
2026-07-24T20:13:37,1319,12.411,25.064,3,0.3896,55.251
2026-07-24T20:13:37,1320,10.912,25.715,1,0.5125,55.251
2026-07-24T20:13:37,1321,13.336,24.81,2,0.4836,55.38
2026-07-24T20:13:37,1322,11.097,24.986,3,0.4542,55.427
2026-07-24T20:13:37,1323,12.94,25.484,2,0.5637,55.661
2026-07-24T20:13:37,1324,11.058,25.525,3,0.6135,55.581
2026-07-24T20:13:37,1325,13.668,24.612,3,0.5924,55.134
2026-07-24T20:13:38,1326,10.266,25.473,3,0.5915,54.923
2026-07-24T20:13:38,1327,13.969,23.996,3,0.6235,54.881
2026-07-24T20:13:38,1328,10.673,25.469,4,0.5738,54.74
2026-07-24T20:13:38,1329,16.283,24.839,4,0.5187,54.682
2026-07-24T20:13:38,1330,22.19,23.299,4,0.5071,54.658
2026-07-24T20:13:38,1331,24.673,21.537,4,0.5208,54.629
2026-07-24T20:13:38,1332,12.942,22.517,4,0.5147,54.606
2026-07-24T20:13:38,1333,20.484,22.324,4,0.526,54.627
2026-07-24T20:13:38,1334,12.928,23.254,2,0.5921,54.556
2026-07-24T20:13:38,1335,20.739,22.319,1,0.8105,54.538
2026-07-24T20:13:38,1336,26.42,21.16,1,0.8052,54.509
2026-07-24T20:13:38,1337,23.877,20.223,1,0.7898,54.458
2026-07-24T20:13:38,1338,23.615,20.82,1,0.7881,54.423
2026-07-24T20:13:38,1339,24.306,21.273,1,0.7323,54.374
2026-07-24T20:13:38,1340,23.747,20.551,1,0.8109,54.298
2026-07-24T20:13:38,1341,23.742,20.652,1,0.7854,54.276
2026-07-24T20:13:38,1342,23.707,21.898,1,0.8115,54.228
2026-07-24T20:13:38,1343,26.088,20.154,1,0.8142,54.19
2026-07-24T20:13:39,1344,21.825,21.564,1,0.7641,54.169
2026-07-24T20:13:39,1345,25.308,20.441,2,0.5523,54.148
2026-07-24T20:13:39,1346,22.61,20.695,2,0.575,54.121
2026-07-24T20:13:39,1347,24.289,21.174,3,0.541,54.098
2026-07-24T20:13:39,1348,24.49,20.709,2,0.6351,54.095
2026-07-24T20:13:39,1349,23.099,20.707,3,0.5279,54.1
2026-07-24T20:13:39,1350,24.821,20.362,4,0.5036,54.101
2026-07-24T20:13:39,1351,23.115,21.464,3,0.5696,54.107
2026-07-24T20:13:39,1352,24.101,21.508,3,0.5778,54.12
2026-07-24T20:13:39,1353,24.416,21.009,3,0.5836,54.106
2026-07-24T20:13:39,1354,23.498,20.903,3,0.6044,54.075
2026-07-24T20:13:39,1355,24.869,21.846,3,0.6041,54.044
2026-07-24T20:13:39,1356,22.586,21.541,3,0.5495,54.001
2026-07-24T20:13:39,1357,25.495,20.051,4,0.5142,53.958
2026-07-24T20:13:39,1358,21.898,20.975,4,0.4988,53.943
2026-07-24T20:13:39,1359,25.532,19.849,4,0.5135,53.952
2026-07-24T20:13:39,1360,22.555,22.127,4,0.5189,53.98
2026-07-24T20:13:39,1361,25.293,20.719,3,0.5286,53.974
2026-07-24T20:13:39,1362,23.575,20.722,3,0.4796,53.945
2026-07-24T20:13:39,1363,25.104,20.349,3,0.5353,53.931
2026-07-24T20:13:39,1364,22.424,20.124,3,0.467,53.932
2026-07-24T20:13:39,1365,23.918,21.586,3,0.4776,53.955
2026-07-24T20:13:39,1366,23.676,21.635,2,0.5422,53.978
2026-07-24T20:13:39,1367,28.411,20.324,2,0.4847,54.001
2026-07-24T20:13:40,1368,20.507,21.25,2,0.4337,54.063
2026-07-24T20:13:40,1369,25.363,20.417,2,0.5075,54.093
2026-07-24T20:13:40,1370,23.46,20.44,2,0.4975,54.074
2026-07-24T20:13:40,1371,24.108,20.348,1,0.5763,54.066
2026-07-24T20:13:40,1372,23.72,21.113,1,0.6553,54.077
2026-07-24T20:13:40,1373,24.377,20.693,1,0.7231,54.083
2026-07-24T20:13:40,1374,23.063,20.578,1,0.7361,54.097
2026-07-24T20:13:40,1375,23.993,20.358,2,0.5908,54.14
2026-07-24T20:13:40,1376,23.975,20.9,2,0.5806,54.178
2026-07-24T20:13:40,1377,24.161,20.405,1,0.7734,54.191
2026-07-24T20:13:40,1378,23.188,21.173,3,0.4599,54.217
2026-07-24T20:13:40,1379,24.883,20.687,1,0.6369,54.276
2026-07-24T20:13:40,1380,24.117,21.094,2,0.5734,54.282
2026-07-24T20:13:40,1381,22.963,20.604,2,0.635,54.238
2026-07-24T20:13:40,1382,24.082,20.64,1,0.8308,54.207
2026-07-24T20:13:40,1383,24.458,20.57,1,0.8567,54.165
2026-07-24T20:13:40,1384,23.706,19.94,2,0.6146,54.147
2026-07-24T20:13:40,1385,23.404,20.837,2,0.5707,54.116
2026-07-24T20:13:40,1386,24.288,20.069,2,0.5826,54.073
2026-07-24T20:13:40,1387,22.981,21.549,2,0.5445,54.054
2026-07-24T20:13:40,1388,24.937,20.67,3,0.5009,54.057
2026-07-24T20:13:40,1389,24.936,20.064,2,0.5519,54.07
2026-07-24T20:13:40,1390,21.865,21.001,2,0.573,54.082
2026-07-24T20:13:40,1391,24.207,21.679,3,0.5022,54.084
2026-07-24T20:13:41,1392,25.948,20.706,2,0.5476,54.101
2026-07-24T20:13:41,1393,22.13,21.057,3,0.471,54.126
2026-07-24T20:13:41,1394,25.562,20.32,3,0.467,54.15
2026-07-24T20:13:41,1395,22.525,21.361,2,0.5383,54.24
2026-07-24T20:13:41,1396,24.135,21.057,3,0.4399,54.326
2026-07-24T20:13:41,1397,24.716,20.64,2,0.4045,54.405
2026-07-24T20:13:41,1398,24.021,19.789,2,0.42,54.319
2026-07-24T20:13:41,1399,24.195,20.762,1,0.3989,54.208
2026-07-24T20:13:41,1400,23.798,19.38,1,0.4005,54.084
2026-07-24T20:13:41,1401,22.84,21.264,2,0.4178,54.006
2026-07-24T20:13:41,1402,24.348,20.991,3,0.4112,54.045
2026-07-24T20:13:41,1403,24.419,20.789,3,0.4786,54.117
2026-07-24T20:13:41,1404,26.84,20.87,3,0.4767,54.164
2026-07-24T20:13:41,1405,20.847,20.674,3,0.4957,54.206
2026-07-24T20:13:41,1406,25.418,19.877,3,0.5239,54.241
2026-07-24T20:13:41,1407,22.696,20.899,3,0.5265,54.269
2026-07-24T20:13:41,1408,25.14,20.263,3,0.4985,54.309
2026-07-24T20:13:41,1409,22.378,21.573,4,0.454,54.339
2026-07-24T20:13:41,1410,25.786,20.677,2,0.5554,54.344
2026-07-24T20:13:41,1411,22.229,21.33,4,0.4541,54.341
2026-07-24T20:13:41,1412,25.832,20.612,3,0.4746,54.34
2026-07-24T20:13:41,1413,22.41,21.545,2,0.5355,54.326
2026-07-24T20:13:41,1414,25.22,20.968,3,0.4634,54.34
2026-07-24T20:13:41,1415,23.208,21.109,3,0.4828,54.355
2026-07-24T20:13:42,1416,24.262,21.499,3,0.4712,54.363
2026-07-24T20:13:42,1417,24.69,22.043,3,0.4956,54.392
2026-07-24T20:13:42,1418,22.416,21.177,3,0.4667,54.423
2026-07-24T20:13:42,1419,24.138,21.51,3,0.4757,54.439
2026-07-24T20:13:42,1420,23.882,21.942,4,0.4878,54.48
2026-07-24T20:13:42,1421,24.244,20.559,4,0.4554,54.493
2026-07-24T20:13:42,1422,24.135,20.528,4,0.4616,54.493
2026-07-24T20:13:42,1423,23.7,21.272,3,0.5146,54.497
2026-07-24T20:13:42,1424,23.554,21.154,3,0.5159,54.501
2026-07-24T20:13:42,1425,22.948,22.833,3,0.4878,54.496
2026-07-24T20:13:42,1426,24.519,21.843,2,0.6248,54.502
2026-07-24T20:13:42,1427,24.051,21.552,2,0.6414,54.489
2026-07-24T20:13:42,1428,23.804,21.244,3,0.5186,54.459
2026-07-24T20:13:42,1429,25.344,21.547,4,0.4652,54.43
2026-07-24T20:13:42,1430,22.02,21.73,3,0.5012,54.419
2026-07-24T20:13:42,1431,24.106,21.567,2,0.6394,54.391
2026-07-24T20:13:42,1432,24.346,21.626,3,0.5494,54.364
2026-07-24T20:13:42,1433,23.859,21.964,2,0.6236,54.345
2026-07-24T20:13:42,1434,24.538,21.492,2,0.63,54.336
2026-07-24T20:13:42,1435,22.927,21.797,2,0.6353,54.327
2026-07-24T20:13:42,1436,24.278,21.459,2,0.6279,54.338
2026-07-24T20:13:42,1437,24.017,21.775,2,0.5876,54.334
2026-07-24T20:13:42,1438,23.658,22.386,3,0.5023,54.299
2026-07-24T20:13:43,1439,24.199,21.974,2,0.5746,54.256
2026-07-24T20:13:43,1440,24.684,21.41,2,0.5803,54.238
2026-07-24T20:13:43,1441,24.726,22.069,2,0.5635,54.247
2026-07-24T20:13:43,1442,22.399,20.881,2,0.5505,54.24
2026-07-24T20:13:43,1443,23.619,22.288,2,0.5582,54.236
2026-07-24T20:13:43,1444,24.387,21.967,2,0.5226,54.263
2026-07-24T20:13:43,1445,23.761,21.746,2,0.4814,54.287
2026-07-24T20:13:43,1446,23.534,22.027,3,0.4609,54.303
2026-07-24T20:13:43,1447,23.919,22.408,3,0.4854,54.305
2026-07-24T20:13:43,1448,24.108,22.279,3,0.5088,54.292
2026-07-24T20:13:43,1449,24.104,21.957,3,0.4996,54.286
2026-07-24T20:13:43,1450,23.918,22.043,2,0.5385,54.283
2026-07-24T20:13:43,1451,23.818,21.738,3,0.4844,54.29
2026-07-24T20:13:43,1452,23.663,22.443,2,0.6039,54.303
2026-07-24T20:13:43,1453,25.573,21.943,2,0.5934,54.315
2026-07-24T20:13:43,1454,23.565,21.322,2,0.5544,54.336
2026-07-24T20:13:43,1455,22.438,21.938,2,0.55,54.359
2026-07-24T20:13:43,1456,25.24,21.252,3,0.5028,54.386
2026-07-24T20:13:43,1457,23.818,21.322,3,0.5042,54.406
2026-07-24T20:13:43,1458,11.577,27.827,3,0.4957,54.481
2026-07-24T20:13:43,1459,11.393,33.224,3,0.509,54.563
2026-07-24T20:13:44,1460,11.984,27.421,4,0.4704,54.573
2026-07-24T20:13:44,1461,12.496,23.93,4,0.4916,54.588
2026-07-24T20:13:44,1462,26.297,22.758,4,0.4673,54.532
2026-07-24T20:13:44,1463,23.959,21.038,3,0.4999,54.496
2026-07-24T20:13:44,1464,23.35,22.444,3,0.5125,54.401
2026-07-24T20:13:44,1465,23.077,23.06,4,0.4727,54.269
2026-07-24T20:13:44,1466,24.566,21.836,4,0.4649,54.161
2026-07-24T20:13:44,1467,25.006,21.352,2,0.5692,53.998
2026-07-24T20:13:44,1468,22.173,21.908,3,0.4807,53.927
2026-07-24T20:13:44,1469,24.991,21.993,3,0.4658,53.905
2026-07-24T20:13:44,1470,23.576,21.459,4,0.4626,53.871
2026-07-24T20:13:44,1471,23.876,21.616,4,0.4816,53.879
2026-07-24T20:13:44,1472,24.185,21.582,3,0.5096,53.892
2026-07-24T20:13:44,1473,23.755,22.237,2,0.6194,53.902
2026-07-24T20:13:44,1474,25.332,21.776,4,0.4758,53.907
2026-07-24T20:13:44,1475,22.408,22.061,4,0.4995,53.943
2026-07-24T20:13:44,1476,25.341,21.859,3,0.5445,53.977
2026-07-24T20:13:44,1477,22.42,21.329,4,0.4982,54.012
2026-07-24T20:13:44,1478,24.412,22.204,3,0.5281,54.039
2026-07-24T20:13:44,1479,24.212,20.743,4,0.5074,54.065
2026-07-24T20:13:44,1480,23.241,22.243,4,0.519,54.082
2026-07-24T20:13:44,1481,25.816,22.654,4,0.5173,54.099
2026-07-24T20:13:44,1482,21.773,22.011,5,0.4584,54.124
2026-07-24T20:13:45,1483,24.998,22.38,5,0.4377,54.142
2026-07-24T20:13:45,1484,24.111,21.699,3,0.5073,54.155
2026-07-24T20:13:45,1485,23.831,21.725,2,0.5957,54.166
2026-07-24T20:13:45,1486,9.319,26.84,4,0.4603,54.184
2026-07-24T20:13:45,1487,13.352,27.335,5,0.4583,54.195
2026-07-24T20:13:45,1488,10.742,25.936,4,0.4923,54.225
2026-07-24T20:13:45,1489,13.935,24.073,2,0.5591,54.298
2026-07-24T20:13:45,1490,10.724,24.205,5,0.4137,54.326
2026-07-24T20:13:45,1491,12.048,25.932,4,0.4699,54.327
2026-07-24T20:13:45,1492,13.038,24.803,2,0.5426,54.369
2026-07-24T20:13:45,1493,20.626,22.613,2,0.5452,54.405
2026-07-24T20:13:45,1494,12.47,24.597,2,0.5249,54.381
2026-07-24T20:13:45,1495,11.741,24.189,2,0.4573,54.359
2026-07-24T20:13:45,1496,11.718,25.364,1,0.5922,54.352
2026-07-24T20:13:46,1497,13.008,24.077,1,0.6263,54.396
2026-07-24T20:13:46,1498,11.209,25.433,1,0.5969,54.414
2026-07-24T20:13:46,1499,11.961,25.064,1,0.7107,54.392
2026-07-24T20:13:46,1500,11.77,25.255,1,0.6711,54.386
2026-07-24T20:13:46,1501,11.903,25.699,1,0.6902,54.38
2026-07-24T20:13:46,1502,12.358,24.345,2,0.4999,54.366
2026-07-24T20:13:46,1503,11.699,24.071,3,0.4943,54.36
2026-07-24T20:13:46,1504,11.993,24.754,3,0.499,54.371
2026-07-24T20:13:46,1505,13.118,24.535,3,0.4807,54.37
2026-07-24T20:13:46,1506,10.429,25.776,2,0.556,54.388
2026-07-24T20:13:46,1507,13.891,23.654,3,0.5174,54.369
2026-07-24T20:13:47,1508,10.527,25.187,2,0.6114,54.37
2026-07-24T20:13:47,1509,13.359,24.191,5,0.444,54.372
2026-07-24T20:13:47,1510,11.305,24.511,5,0.4614,54.348
2026-07-24T20:13:47,1511,12.053,25.777,4,0.4669,54.336
2026-07-24T20:13:47,1512,13.685,24.991,4,0.4878,54.364
2026-07-24T20:13:47,1513,10.076,25.64,5,0.4681,54.372
2026-07-24T20:13:47,1514,13.147,25.195,5,0.4817,54.369
2026-07-24T20:13:47,1515,11.386,25.244,5,0.465,54.376
2026-07-24T20:13:47,1516,12.011,24.557,4,0.4679,54.389
2026-07-24T20:13:47,1517,13.748,24.171,4,0.4686,54.409
2026-07-24T20:13:47,1518,10.059,25.696,5,0.4295,54.434
2026-07-24T20:13:47,1519,13.789,23.61,4,0.4694,54.428
2026-07-24T20:13:48,1520,10.868,26.045,5,0.4234,54.418
2026-07-24T20:13:48,1521,12.374,24.703,5,0.4304,54.401
2026-07-24T20:13:48,1522,12.217,24.054,4,0.4553,54.403
2026-07-24T20:13:48,1523,12.46,24.563,4,0.4726,54.418
2026-07-24T20:13:48,1524,10.554,25.718,3,0.4914,54.423
2026-07-24T20:13:48,1525,14.567,23.18,2,0.5044,54.414
2026-07-24T20:13:48,1526,10.184,25.736,3,0.4492,54.398
2026-07-24T20:13:48,1527,14.299,23.928,3,0.466,54.382
2026-07-24T20:13:48,1528,10.273,25.821,3,0.4526,54.375
2026-07-24T20:13:48,1529,14.503,24.52,2,0.5241,54.371
2026-07-24T20:13:48,1530,10.386,26.937,3,0.4896,54.375
2026-07-24T20:13:48,1531,12.306,25.362,2,0.5661,54.341
2026-07-24T20:13:49,1532,11.996,24.44,2,0.5545,54.308
2026-07-24T20:13:49,1533,11.938,24.663,1,0.7324,54.303
2026-07-24T20:13:49,1534,11.907,25.275,2,0.5567,54.325
2026-07-24T20:13:49,1535,12.666,25.591,2,0.5583,54.34
2026-07-24T20:13:49,1536,11.285,25.342,3,0.499,54.331
2026-07-24T20:13:49,1537,11.934,26.05,3,0.5094,54.329
2026-07-24T20:13:49,1538,11.974,25.71,2,0.5867,54.335
2026-07-24T20:13:49,1539,12.632,25.181,2,0.5807,54.36
2026-07-24T20:13:49,1540,11.305,25.239,2,0.5491,54.383
2026-07-24T20:13:49,1541,11.918,25.075,4,0.4496,54.392
2026-07-24T20:13:49,1542,13.585,23.906,3,0.4649,54.403
2026-07-24T20:13:49,1543,11.538,26.44,3,0.4644,54.375
2026-07-24T20:13:50,1544,10.986,25.707,3,0.5096,54.389
2026-07-24T20:13:50,1545,12.1,25.431,4,0.4686,54.362
2026-07-24T20:13:50,1546,12.043,24.747,2,0.6056,54.35
2026-07-24T20:13:50,1547,12.091,24.452,2,0.6114,54.336
2026-07-24T20:13:50,1548,11.726,25.614,3,0.5489,54.326
2026-07-24T20:13:50,1549,11.744,25.084,3,0.5415,54.31
2026-07-24T20:13:50,1550,13.021,24.621,3,0.5275,54.28
2026-07-24T20:13:50,1551,10.785,25.852,3,0.5181,54.272
2026-07-24T20:13:50,1552,13.536,24.833,2,0.5904,54.366
2026-07-24T20:13:50,1553,10.758,24.984,3,0.5185,54.445
2026-07-24T20:13:50,1554,13.889,24.989,2,0.4321,54.845
2026-07-24T20:13:50,1555,10.501,25.427,1,0.5383,56.193
2026-07-24T20:13:51,1556,12.365,25.672,3,0.4035,55.699
2026-07-24T20:13:51,1557,12.933,24.739,0,0.0,55.372
2026-07-24T20:13:51,1558,10.734,25.296,0,0.0,55.621
2026-07-24T20:13:51,1559,12.405,25.601,1,0.3659,55.501
2026-07-24T20:13:51,1560,13.811,24.796,1,0.4387,55.283
2026-07-24T20:13:51,1561,10.305,25.056,1,0.5045,55.147
2026-07-24T20:13:51,1562,13.256,24.566,2,0.4487,55.093
2026-07-24T20:13:51,1563,10.828,25.044,1,0.4363,54.997
2026-07-24T20:13:51,1564,12.508,25.36,1,0.5058,54.895
2026-07-24T20:13:51,1565,11.69,25.764,1,0.3881,54.847
2026-07-24T20:13:51,1566,12.779,26.499,0,0.0,54.733
2026-07-24T20:13:51,1567,11.395,24.76,1,0.358,54.647
2026-07-24T20:13:52,1568,11.966,25.223,2,0.4128,54.609
2026-07-24T20:13:52,1569,11.814,25.578,2,0.527,54.551
2026-07-24T20:13:52,1570,11.94,25.257,1,0.5718,54.467
2026-07-24T20:13:52,1571,11.98,25.363,2,0.4551,54.457
2026-07-24T20:13:52,1572,12.311,25.446,2,0.401,54.498
2026-07-24T20:13:52,1573,11.537,25.606,2,0.4163,54.453
2026-07-24T20:13:52,1574,12.201,24.731,2,0.3936,54.468
2026-07-24T20:13:52,1575,11.831,24.863,3,0.3857,54.271
2026-07-24T20:13:52,1576,12.371,23.664,1,0.3749,54.05
2026-07-24T20:13:52,1577,11.679,24.41,2,0.4326,54.073
2026-07-24T20:13:52,1578,11.688,25.826,2,0.541,54.063
2026-07-24T20:13:52,1579,12.176,25.237,3,0.5246,53.728
2026-07-24T20:13:53,1580,12.107,25.378,2,0.5427,53.302
2026-07-24T20:13:53,1581,11.707,24.993,3,0.4683,53.249
2026-07-24T20:13:53,1582,13.074,24.401,3,0.4312,53.162
2026-07-24T20:13:53,1583,10.947,24.436,2,0.4126,52.853
2026-07-24T20:13:53,1584,12.067,25.269,0,0.0,52.692
2026-07-24T20:13:53,1585,13.842,24.306,2,0.3634,52.598
2026-07-24T20:13:53,1586,10.068,25.101,0,0.0,52.612
2026-07-24T20:13:53,1587,14.166,24.383,1,0.3634,52.709
2026-07-24T20:13:53,1588,10.583,24.4,0,0.0,52.831
2026-07-24T20:13:53,1589,12.359,25.085,1,0.3903,52.972
2026-07-24T20:13:53,1590,12.108,25.617,2,0.3681,53.059
2026-07-24T20:13:53,1591,14.095,24.402,2,0.4915,53.102
2026-07-24T20:13:54,1592,9.999,26.34,2,0.4094,53.119
2026-07-24T20:13:54,1593,12.159,25.062,2,0.3918,53.132
2026-07-24T20:13:54,1594,11.793,25.289,2,0.3871,53.178
2026-07-24T20:13:54,1595,12.154,24.493,2,0.456,53.014
2026-07-24T20:13:54,1596,11.972,24.914,3,0.451,52.627
2026-07-24T20:13:54,1597,13.514,24.691,2,0.4299,52.45
2026-07-24T20:13:54,1598,10.19,25.306,2,0.4747,52.106
2026-07-24T20:13:54,1599,13.471,24.345,2,0.5034,51.864
2026-07-24T20:13:54,1600,11.178,25.804,2,0.5655,51.843
2026-07-24T20:13:54,1601,11.701,26.565,2,0.5554,51.85
2026-07-24T20:13:54,1602,12.706,24.447,2,0.5631,51.846
2026-07-24T20:13:54,1603,11.818,26.363,3,0.4852,52.296
2026-07-24T20:13:55,1604,11.729,24.399,2,0.4498,52.594
2026-07-24T20:13:55,1605,12.115,24.404,2,0.4809,52.978
2026-07-24T20:13:55,1606,11.793,24.467,2,0.516,53.461
2026-07-24T20:13:55,1607,12.524,24.341,2,0.5558,53.801
2026-07-24T20:13:55,1608,11.3,24.15,2,0.5635,53.986
2026-07-24T20:13:55,1609,12.011,25.735,2,0.558,54.207
2026-07-24T20:13:55,1610,13.001,23.573,2,0.5751,54.474
2026-07-24T20:13:55,1611,10.688,24.527,3,0.4803,54.697
2026-07-24T20:13:55,1612,13.647,25.485,3,0.5014,54.757
2026-07-24T20:13:55,1613,10.838,25.581,3,0.4538,54.679
2026-07-24T20:13:55,1614,12.408,24.22,2,0.5185,54.649
2026-07-24T20:13:55,1615,11.817,24.859,2,0.4467,54.677
2026-07-24T20:13:56,1616,12.695,25.204,2,0.4713,54.726
2026-07-24T20:13:56,1617,11.099,26.281,2,0.5229,53.487
2026-07-24T20:13:56,1618,12.033,26.205,2,0.5793,52.82
2026-07-24T20:13:56,1619,11.985,24.913,2,0.4871,52.573
2026-07-24T20:13:56,1620,12.007,25.464,0,0.0,52.311
2026-07-24T20:13:56,1621,11.799,26.007,1,0.3993,52.102
2026-07-24T20:13:56,1622,14.069,23.089,1,0.5464,52.041
2026-07-24T20:13:56,1623,10.19,25.169,1,0.5531,52.081
2026-07-24T20:13:56,1624,12.531,24.87,1,0.6568,52.196
2026-07-24T20:13:56,1625,11.901,24.955,1,0.688,52.251
2026-07-24T20:13:56,1626,16.195,23.476,2,0.5376,52.388
2026-07-24T20:13:56,1627,24.15,24.432,3,0.5426,52.421
2026-07-24T20:13:56,1628,25.468,22.837,3,0.6343,52.562
2026-07-24T20:13:56,1629,23.067,22.657,3,0.6567,52.763
2026-07-24T20:13:57,1630,25.268,22.178,2,0.7244,52.802
2026-07-24T20:13:57,1631,23.658,21.312,2,0.7569,52.864
2026-07-24T20:13:57,1632,19.251,22.077,2,0.7841,53.008
2026-07-24T20:13:57,1633,26.113,21.925,3,0.5783,53.1
2026-07-24T20:13:57,1634,10.99,24.913,3,0.533,53.405
2026-07-24T20:13:57,1635,9.916,26.397,3,0.4414,53.529
2026-07-24T20:13:57,1636,15.368,25.732,3,0.4434,53.524
2026-07-24T20:13:57,1637,24.394,23.652,3,0.4579,53.519
2026-07-24T20:13:57,1638,24.324,21.184,2,0.484,53.516
2026-07-24T20:13:57,1639,10.437,23.918,2,0.4504,53.524
2026-07-24T20:13:57,1640,11.393,24.684,3,0.4561,53.537
2026-07-24T20:13:57,1641,12.046,24.939,2,0.4351,53.501
2026-07-24T20:13:57,1642,12.469,25.479,3,0.3798,53.479
2026-07-24T20:13:57,1643,11.501,26.013,2,0.4012,53.471
2026-07-24T20:13:57,1644,12.715,25.032,2,0.3743,53.493
2026-07-24T20:13:58,1645,12.447,25.102,2,0.4061,53.521
2026-07-24T20:13:58,1646,10.491,25.997,1,0.3625,53.576
2026-07-24T20:13:58,1647,13.56,24.796,1,0.4007,53.613
2026-07-24T20:13:58,1648,10.714,25.044,2,0.3812,53.601
2026-07-24T20:13:58,1649,13.775,24.258,2,0.3754,53.664
2026-07-24T20:13:58,1650,10.577,25.568,2,0.4234,53.671
2026-07-24T20:13:58,1651,13.478,26.84,2,0.4217,53.677
2026-07-24T20:13:58,1652,10.862,25.377,2,0.4082,53.697
2026-07-24T20:13:58,1653,11.71,29.543,1,0.4367,53.724
2026-07-24T20:13:58,1654,17.794,22.944,1,0.5205,53.757
2026-07-24T20:13:58,1655,23.346,21.254,1,0.536,53.779
2026-07-24T20:13:58,1656,23.808,20.678,1,0.5512,53.789
2026-07-24T20:13:58,1657,22.642,20.888,1,0.5813,53.787
2026-07-24T20:13:58,1658,23.876,21.657,1,0.5889,53.787
2026-07-24T20:13:59,1659,24.008,21.327,1,0.5679,53.795
2026-07-24T20:13:59,1660,26.854,21.692,1,0.5799,53.791
2026-07-24T20:13:59,1661,20.918,21.001,1,0.5434,53.793
2026-07-24T20:13:59,1662,24.512,21.079,3,0.4302,53.788
2026-07-24T20:13:59,1663,23.592,21.185,3,0.4469,53.775
2026-07-24T20:13:59,1664,24.471,20.677,4,0.4522,53.745
2026-07-24T20:13:59,1665,23.584,20.949,3,0.5252,53.738
2026-07-24T20:13:59,1666,24.356,20.738,3,0.5283,53.747
2026-07-24T20:13:59,1667,23.557,20.949,4,0.5498,53.774
2026-07-24T20:13:59,1668,24.165,21.027,3,0.4757,53.772
2026-07-24T20:13:59,1669,24.426,20.619,3,0.4684,53.769
2026-07-24T20:13:59,1670,22.468,21.514,3,0.4899,53.763
2026-07-24T20:13:59,1671,24.639,21.531,3,0.5042,53.765
2026-07-24T20:13:59,1672,24.134,21.211,3,0.5058,53.774
2026-07-24T20:13:59,1673,25.259,20.559,3,0.5039,53.789
2026-07-24T20:13:59,1674,22.908,19.991,3,0.5304,53.796
2026-07-24T20:13:59,1675,23.586,20.567,3,0.5304,53.801
2026-07-24T20:13:59,1676,23.883,21.076,3,0.546,53.801
2026-07-24T20:13:59,1677,24.21,20.769,3,0.5271,53.799
2026-07-24T20:13:59,1678,23.489,20.892,3,0.4968,53.806
2026-07-24T20:13:59,1679,25.017,20.175,2,0.5002,53.834
2026-07-24T20:13:59,1680,22.36,21.055,2,0.4779,53.823
2026-07-24T20:13:59,1681,25.432,20.11,2,0.4994,53.806
2026-07-24T20:13:59,1682,23.046,20.843,2,0.4785,53.798
2026-07-24T20:14:00,1683,23.917,21.806,2,0.4794,53.81
2026-07-24T20:14:00,1684,24.405,21.012,2,0.474,53.816
2026-07-24T20:14:00,1685,24.484,21.159,3,0.4782,53.81
2026-07-24T20:14:00,1686,22.804,20.775,3,0.4658,53.806
2026-07-24T20:14:00,1687,24.675,21.387,4,0.4268,53.801
2026-07-24T20:14:00,1688,23.729,20.471,2,0.5006,53.802
2026-07-24T20:14:00,1689,24.82,20.598,1,0.5186,53.81
2026-07-24T20:14:00,1690,22.656,21.16,3,0.4406,53.818
2026-07-24T20:14:00,1691,24.698,20.586,3,0.4433,53.831
2026-07-24T20:14:00,1692,23.775,20.658,3,0.4673,53.826
2026-07-24T20:14:00,1693,23.088,21.368,4,0.4392,53.831
2026-07-24T20:14:00,1694,24.882,21.044,3,0.4757,53.85
2026-07-24T20:14:00,1695,23.241,20.709,2,0.4685,53.866
2026-07-24T20:14:00,1696,23.894,21.306,1,0.5709,53.872
2026-07-24T20:14:00,1697,27.38,21.092,1,0.59,53.866
2026-07-24T20:14:00,1698,21.418,21.193,2,0.4766,53.859
2026-07-24T20:14:00,1699,23.416,21.567,2,0.4824,53.84
2026-07-24T20:14:00,1700,24.131,21.803,3,0.4428,53.832
2026-07-24T20:14:00,1701,24.926,20.764,2,0.4878,53.817
2026-07-24T20:14:00,1702,23.108,21.018,2,0.4951,53.823
2026-07-24T20:14:00,1703,24.227,20.942,2,0.5015,53.834
2026-07-24T20:14:00,1704,23.988,20.505,2,0.4915,53.827
2026-07-24T20:14:00,1705,23.635,20.862,3,0.4907,53.825
2026-07-24T20:14:00,1706,24.014,20.994,3,0.4984,53.835
2026-07-24T20:14:01,1707,23.425,21.256,3,0.477,53.841
2026-07-24T20:14:01,1708,24.301,21.097,3,0.47,53.84
2026-07-24T20:14:01,1709,23.322,21.661,3,0.4831,53.842
2026-07-24T20:14:01,1710,26.403,19.875,3,0.4852,53.853
2026-07-24T20:14:01,1711,22.229,20.398,3,0.474,53.85
2026-07-24T20:14:01,1712,23.695,21.357,3,0.4867,53.868
2026-07-24T20:14:01,1713,24.115,20.727,4,0.4643,53.892
2026-07-24T20:14:01,1714,23.937,21.021,4,0.4649,53.887
2026-07-24T20:14:01,1715,23.559,21.503,3,0.5037,53.872
2026-07-24T20:14:01,1716,24.576,20.852,3,0.5429,53.864
2026-07-24T20:14:01,1717,23.905,19.937,2,0.5944,53.853
2026-07-24T20:14:01,1718,23.213,20.619,3,0.5181,53.851
2026-07-24T20:14:01,1719,24.805,20.225,3,0.5121,53.849
2026-07-24T20:14:01,1720,22.906,21.169,3,0.4916,53.841
2026-07-24T20:14:01,1721,23.804,21.33,3,0.5124,53.844
2026-07-24T20:14:01,1722,25.512,21.134,2,0.5672,53.843
2026-07-24T20:14:01,1723,21.392,22.798,3,0.4859,53.853
2026-07-24T20:14:01,1724,25.218,22.015,3,0.4886,53.867
2026-07-24T20:14:01,1725,25.346,21.232,3,0.482,53.888
2026-07-24T20:14:01,1726,24.0,21.327,3,0.4536,53.879
2026-07-24T20:14:01,1727,9.143,28.753,3,0.4478,53.864
2026-07-24T20:14:02,1728,14.64,23.078,3,0.4756,53.9
2026-07-24T20:14:02,1729,10.219,27.542,4,0.4562,53.944
2026-07-24T20:14:02,1730,13.31,25.394,4,0.4908,53.912
2026-07-24T20:14:02,1731,10.888,26.639,4,0.4755,53.987
2026-07-24T20:14:02,1732,12.21,26.383,3,0.4836,53.954
2026-07-24T20:14:02,1733,12.14,25.027,3,0.4522,53.924
2026-07-24T20:14:02,1734,11.834,25.138,3,0.5112,53.983
2026-07-24T20:14:02,1735,12.665,25.946,2,0.522,53.977
2026-07-24T20:14:02,1736,11.727,25.171,2,0.5344,54.012
2026-07-24T20:14:02,1737,11.29,25.95,3,0.4577,54.015
2026-07-24T20:14:02,1738,14.662,22.722,4,0.4482,54.008
2026-07-24T20:14:02,1739,9.928,24.968,3,0.4553,54.026
2026-07-24T20:14:03,1740,13.671,23.446,4,0.475,54.069
2026-07-24T20:14:03,1741,10.59,25.332,4,0.4746,54.068
2026-07-24T20:14:03,1742,12.795,26.093,4,0.4936,54.087
2026-07-24T20:14:03,1743,11.489,25.972,4,0.55,54.104
2026-07-24T20:14:03,1744,12.221,25.152,4,0.4932,54.06
2026-07-24T20:14:03,1745,13.734,22.554,4,0.5555,54.066
2026-07-24T20:14:03,1746,10.287,25.177,4,0.509,54.036
2026-07-24T20:14:03,1747,12.32,24.098,4,0.5212,54.053
2026-07-24T20:14:03,1748,11.576,26.584,4,0.5475,54.007
2026-07-24T20:14:03,1749,12.99,25.417,3,0.5363,54.018
2026-07-24T20:14:03,1750,11.375,25.088,4,0.4216,54.137
2026-07-24T20:14:03,1751,11.933,25.076,3,0.5035,54.408
2026-07-24T20:14:04,1752,12.035,24.458,2,0.3952,54.691
2026-07-24T20:14:04,1753,11.823,25.239,0,0.0,55.256
2026-07-24T20:14:04,1754,11.925,25.463,1,0.462,55.831
2026-07-24T20:14:04,1755,13.533,24.638,1,0.4999,56.317
2026-07-24T20:14:04,1756,10.48,25.013,0,0.0,56.979
2026-07-24T20:14:04,1757,12.216,25.388,1,0.5845,56.087
2026-07-24T20:14:04,1758,12.03,26.501,0,0.0,55.587
2026-07-24T20:14:04,1759,11.85,25.672,0,0.0,55.239
2026-07-24T20:14:04,1760,12.904,25.166,0,0.0,55.332
2026-07-24T20:14:04,1761,11.405,26.588,0,0.0,55.541
2026-07-24T20:14:04,1762,11.599,25.318,1,0.3587,55.823
2026-07-24T20:14:04,1763,12.154,25.362,0,0.0,56.003
2026-07-24T20:14:05,1764,11.967,25.827,0,0.0,56.2
2026-07-24T20:14:05,1765,12.259,24.301,0,0.0,56.559
2026-07-24T20:14:05,1766,11.255,26.983,0,0.0,56.882
2026-07-24T20:14:05,1767,12.825,28.828,0,0.0,57.209
2026-07-24T20:14:05,1768,11.292,25.229,0,0.0,57.47
2026-07-24T20:14:05,1769,12.089,26.622,0,0.0,57.663
2026-07-24T20:14:05,1770,12.234,24.334,0,0.0,57.829
2026-07-24T20:14:05,1771,11.44,27.626,0,0.0,57.891
2026-07-24T20:14:05,1772,12.242,24.993,0,0.0,58.007
2026-07-24T20:14:05,1773,12.557,25.329,0,0.0,58.092
2026-07-24T20:14:05,1774,11.38,26.587,0,0.0,58.053
2026-07-24T20:14:05,1775,12.152,24.883,0,0.0,57.78
2026-07-24T20:14:06,1776,11.883,24.704,0,0.0,57.21
2026-07-24T20:14:06,1777,11.314,29.726,0,0.0,56.463
2026-07-24T20:14:06,1778,14.552,23.807,0,0.0,55.705
2026-07-24T20:14:06,1779,10.325,25.958,0,0.0,55.095
2026-07-24T20:14:06,1780,14.182,24.978,0,0.0,54.717
2026-07-24T20:14:06,1781,10.29,25.03,0,0.0,54.669
2026-07-24T20:14:06,1782,13.023,23.649,1,0.5106,54.798
2026-07-24T20:14:06,1783,11.307,25.129,1,0.6299,54.976
2026-07-24T20:14:06,1784,12.179,25.353,1,0.6205,55.03
2026-07-24T20:14:06,1785,13.091,22.737,1,0.5564,55.011
2026-07-24T20:14:06,1786,11.218,25.813,1,0.4931,54.817
2026-07-24T20:14:06,1787,11.737,24.549,1,0.4456,54.392
2026-07-24T20:14:07,1788,12.068,24.63,0,0.0,53.875
2026-07-24T20:14:07,1789,11.667,25.016,1,0.4796,53.319
2026-07-24T20:14:07,1790,12.879,24.988,1,0.5491,52.731
2026-07-24T20:14:07,1791,10.763,25.814,1,0.4314,52.02
2026-07-24T20:14:07,1792,13.397,24.05,0,0.0,51.035
2026-07-24T20:14:07,1793,11.852,26.01,0,0.0,39.472
2026-07-24T20:14:07,1794,10.723,26.235,0,0.0,36.571
2026-07-24T20:14:07,1795,10.244,25.044,0,0.0,36.926
2026-07-24T20:14:07,1796,23.371,22.289,0,0.0,37.595
2026-07-24T20:14:07,1797,17.267,21.884,1,0.3916,39.071
2026-07-24T20:14:07,1798,12.799,24.521,0,0.0,39.857
2026-07-24T20:14:07,1799,17.735,22.981,0,0.0,44.889
2026-07-24T20:14:07,1800,13.107,26.207,0,0.0,54.12
2026-07-24T20:14:08,1801,17.645,22.26,0,0.0,54.384
2026-07-24T20:14:08,1802,13.394,23.382,0,0.0,54.191
2026-07-24T20:14:08,1803,21.451,22.533,1,0.4459,53.994
2026-07-24T20:14:08,1804,15.189,21.718,0,0.0,53.683
2026-07-24T20:14:08,1805,23.769,20.986,0,0.0,53.312
2026-07-24T20:14:08,1806,19.116,21.859,0,0.0,53.094
2026-07-24T20:14:08,1807,21.813,21.513,1,0.6506,53.327
2026-07-24T20:14:08,1808,23.9,21.503,1,0.6506,52.78
2026-07-24T20:14:08,1809,24.697,20.318,1,0.7216,52.177
2026-07-24T20:14:08,1810,22.482,20.407,1,0.7743,51.659
2026-07-24T20:14:08,1811,24.768,20.754,1,0.6985,51.311
2026-07-24T20:14:08,1812,11.188,25.604,1,0.6993,50.554
2026-07-24T20:14:08,1813,15.32,26.797,1,0.6522,48.205
2026-07-24T20:14:08,1814,15.357,25.159,1,0.5568,48.053
2026-07-24T20:14:08,1815,14.028,26.242,1,0.6887,48.025
2026-07-24T20:14:08,1816,12.661,24.88,1,0.5148,48.027
2026-07-24T20:14:08,1817,18.712,23.936,2,0.4375,48.081
2026-07-24T20:14:09,1818,12.401,25.336,1,0.4284,48.026
2026-07-24T20:14:09,1819,16.01,24.805,1,0.7187,47.83
2026-07-24T20:14:09,1820,15.835,23.226,1,0.7678,47.51
2026-07-24T20:14:09,1821,14.057,23.82,1,0.787,47.194
2026-07-24T20:14:09,1822,15.171,23.771,1,0.5085,46.721
2026-07-24T20:14:09,1823,15.604,23.009,2,0.5104,46.456
2026-07-24T20:14:09,1824,14.602,23.182,2,0.5052,46.183
2026-07-24T20:14:09,1825,15.899,23.386,1,0.5356,45.829
2026-07-24T20:14:09,1826,14.417,22.994,1,0.6943,45.476
2026-07-24T20:14:09,1827,14.32,23.916,1,0.4801,45.048
2026-07-24T20:14:09,1828,15.138,23.785,0,0.0,44.46
2026-07-24T20:14:09,1829,15.782,23.648,0,0.0,43.846
2026-07-24T20:14:09,1830,14.221,24.38,0,0.0,42.007
2026-07-24T20:14:09,1831,14.833,22.952,0,0.0,30.755
2026-07-24T20:14:09,1832,12.675,24.37,0,0.0,28.734
2026-07-24T20:14:10,1833,9.792,26.339,0,0.0,31.76
2026-07-24T20:14:10,1834,9.882,25.962,0,0.0,38.048
2026-07-24T20:14:10,1835,8.218,28.8,0,0.0,46.281
2026-07-24T20:14:10,1836,8.674,27.402,0,0.0,58.428
2026-07-24T20:14:10,1837,11.01,26.628,0,0.0,65.99
2026-07-24T20:14:10,1838,15.331,24.165,2,0.6355,62.583
2026-07-24T20:14:10,1839,14.946,23.278,0,0.0,61.216
2026-07-24T20:14:10,1840,14.461,23.88,1,0.3626,61.056
2026-07-24T20:14:10,1841,14.868,23.621,0,0.0,61.11
2026-07-24T20:14:10,1842,15.66,22.301,3,0.5012,61.214
2026-07-24T20:14:10,1843,14.716,23.052,4,0.452,61.956
2026-07-24T20:14:10,1844,14.467,23.038,4,0.4816,62.552
2026-07-24T20:14:11,1845,17.187,22.89,3,0.5029,62.919
2026-07-24T20:14:11,1846,12.478,24.215,3,0.6461,62.94
2026-07-24T20:14:11,1847,15.423,23.312,3,0.5964,62.866
2026-07-24T20:14:11,1848,15.975,23.715,3,0.6498,62.869
2026-07-24T20:14:11,1849,14.86,23.031,3,0.6886,62.807
2026-07-24T20:14:11,1850,14.866,24.011,3,0.7285,63.021
2026-07-24T20:14:11,1851,14.953,23.815,3,0.6714,63.186
2026-07-24T20:14:11,1852,14.628,23.752,3,0.634,63.455
2026-07-24T20:14:11,1853,19.188,23.562,3,0.634,63.393
2026-07-24T20:14:11,1854,13.947,23.952,3,0.6036,63.578
2026-07-24T20:14:11,1855,14.627,24.58,3,0.648,63.473
2026-07-24T20:14:11,1856,14.091,28.829,3,0.6994,63.417
2026-07-24T20:14:11,1857,26.542,22.305,3,0.7059,63.209
2026-07-24T20:14:11,1858,14.065,23.565,3,0.7107,63.11
2026-07-24T20:14:11,1859,14.64,23.651,3,0.6653,63.011
2026-07-24T20:14:11,1860,16.337,23.09,3,0.6707,62.929
2026-07-24T20:14:12,1861,15.098,24.44,3,0.6938,62.743
2026-07-24T20:14:12,1862,14.263,22.88,3,0.6711,62.566
2026-07-24T20:14:12,1863,15.276,22.798,3,0.5886,62.352
2026-07-24T20:14:12,1864,14.761,23.364,3,0.6186,62.211
2026-07-24T20:14:12,1865,14.913,23.68,3,0.6202,62.018
2026-07-24T20:14:12,1866,14.823,23.832,3,0.6731,61.916
2026-07-24T20:14:12,1867,15.092,24.14,3,0.6627,61.722
2026-07-24T20:14:12,1868,14.75,24.032,3,0.6864,61.641
2026-07-24T20:14:12,1869,15.854,23.592,3,0.6751,61.602
2026-07-24T20:14:12,1870,13.492,24.29,3,0.6616,61.595
2026-07-24T20:14:12,1871,16.312,22.498,3,0.6566,61.555
2026-07-24T20:14:12,1872,14.017,24.297,3,0.6033,61.365
2026-07-24T20:14:12,1873,16.161,23.145,3,0.6655,61.163
2026-07-24T20:14:12,1874,13.84,24.082,3,0.6937,61.075
2026-07-24T20:14:12,1875,16.098,22.714,3,0.7423,60.888
2026-07-24T20:14:13,1876,15.35,23.656,3,0.7415,60.677
2026-07-24T20:14:13,1877,12.9,25.328,3,0.7364,60.599
2026-07-24T20:14:13,1878,16.364,22.798,3,0.7526,60.458
2026-07-24T20:14:13,1879,15.058,22.847,3,0.7235,60.376
2026-07-24T20:14:13,1880,14.511,24.045,3,0.7458,60.341
2026-07-24T20:14:13,1881,15.534,22.805,3,0.7409,60.297
2026-07-24T20:14:13,1882,14.545,23.062,3,0.7353,60.285
2026-07-24T20:14:13,1883,15.251,22.787,3,0.7436,60.292
2026-07-24T20:14:13,1884,15.089,24.189,3,0.7483,60.24
2026-07-24T20:14:13,1885,13.301,24.573,3,0.7379,60.19
2026-07-24T20:14:13,1886,16.957,22.622,3,0.7493,60.13
2026-07-24T20:14:13,1887,12.92,31.084,3,0.7714,60.1
2026-07-24T20:14:13,1888,23.698,20.761,3,0.7614,60.044
2026-07-24T20:14:13,1889,11.827,24.107,3,0.7481,60.004
2026-07-24T20:14:13,1890,19.49,20.785,3,0.7268,59.989
2026-07-24T20:14:14,1891,14.678,20.883,3,0.7289,59.935
2026-07-24T20:14:14,1892,12.605,22.551,3,0.7107,60.033
2026-07-24T20:14:14,1893,14.616,22.973,3,0.7092,59.875
2026-07-24T20:14:14,1894,15.93,22.534,3,0.7782,59.838
2026-07-24T20:14:14,1895,13.45,24.115,3,0.7441,59.925
2026-07-24T20:14:14,1896,16.406,22.669,3,0.7199,59.912
2026-07-24T20:14:14,1897,14.459,23.037,3,0.7194,59.875
2026-07-24T20:14:14,1898,15.128,22.915,3,0.7368,59.913
2026-07-24T20:14:14,1899,14.47,24.047,3,0.7407,60.015
2026-07-24T20:14:14,1900,16.145,22.573,3,0.7316,60.05
2026-07-24T20:14:14,1901,13.647,24.459,3,0.7503,60.075
2026-07-24T20:14:14,1902,15.981,22.995,3,0.7668,60.103
2026-07-24T20:14:14,1903,14.135,22.926,3,0.7438,60.072
2026-07-24T20:14:14,1904,15.386,23.657,3,0.737,59.996
2026-07-24T20:14:15,1905,14.863,23.189,3,0.7311,60.015
2026-07-24T20:14:15,1906,14.789,24.276,3,0.7071,59.956
2026-07-24T20:14:15,1907,17.479,22.684,3,0.6859,59.893
2026-07-24T20:14:15,1908,12.393,23.144,3,0.739,59.874
2026-07-24T20:14:15,1909,16.485,23.01,3,0.7481,59.866
2026-07-24T20:14:15,1910,14.516,23.468,3,0.7414,59.823
2026-07-24T20:14:15,1911,14.882,23.657,3,0.7485,59.795
2026-07-24T20:14:15,1912,15.157,22.85,3,0.7583,59.81
2026-07-24T20:14:15,1913,14.542,23.325,3,0.7371,59.864
2026-07-24T20:14:15,1914,15.41,23.084,3,0.7513,59.833
2026-07-24T20:14:15,1915,15.798,22.711,3,0.751,59.856
2026-07-24T20:14:15,1916,12.937,24.236,3,0.739,59.819
2026-07-24T20:14:15,1917,16.805,22.108,3,0.7033,59.81
2026-07-24T20:14:15,1918,14.376,22.892,3,0.6781,59.851
2026-07-24T20:14:15,1919,15.264,23.37,3,0.6832,59.949
2026-07-24T20:14:16,1920,14.406,22.967,3,0.6686,60.047
2026-07-24T20:14:16,1921,15.08,23.502,3,0.6885,60.009
2026-07-24T20:14:16,1922,15.325,23.587,3,0.7269,59.956
2026-07-24T20:14:16,1923,14.87,23.742,3,0.7176,59.927
2026-07-24T20:14:16,1924,14.678,23.849,3,0.7267,59.993
2026-07-24T20:14:16,1925,14.806,23.63,3,0.691,59.887
2026-07-24T20:14:16,1926,14.872,24.104,3,0.7062,59.66
2026-07-24T20:14:16,1927,15.295,23.466,3,0.7444,59.529
2026-07-24T20:14:16,1928,14.406,23.506,3,0.7418,59.375
2026-07-24T20:14:16,1929,15.507,22.871,3,0.7637,59.26
2026-07-24T20:14:16,1930,15.661,23.016,3,0.7422,59.174
2026-07-24T20:14:16,1931,13.209,24.772,3,0.7494,59.146
2026-07-24T20:14:16,1932,16.529,23.284,3,0.7458,59.132
2026-07-24T20:14:16,1933,14.356,23.417,3,0.7601,59.122
2026-07-24T20:14:16,1934,15.252,23.572,3,0.7626,58.302
2026-07-24T20:14:17,1935,17.614,21.714,3,0.7607,57.799
2026-07-24T20:14:17,1936,11.387,23.793,3,0.7579,57.561
2026-07-24T20:14:17,1937,15.759,24.261,3,0.7568,57.501
2026-07-24T20:14:17,1938,19.193,23.11,3,0.7595,57.488
2026-07-24T20:14:17,1939,11.628,25.196,3,0.7553,57.684
2026-07-24T20:14:17,1940,18.107,22.676,3,0.7606,57.609
2026-07-24T20:14:17,1941,14.301,23.711,3,0.7497,57.676
2026-07-24T20:14:17,1942,15.657,24.66,3,0.7483,57.797
2026-07-24T20:14:17,1943,14.311,23.446,3,0.6884,58.638
2026-07-24T20:14:17,1944,15.015,24.057,3,0.7496,58.964
2026-07-24T20:14:17,1945,15.057,23.938,3,0.6734,59.201
2026-07-24T20:14:17,1946,15.811,22.733,3,0.6991,59.304
2026-07-24T20:14:17,1947,14.518,24.039,3,0.6983,59.371
2026-07-24T20:14:17,1948,14.509,23.299,3,0.6307,59.427
2026-07-24T20:14:17,1949,15.024,22.518,3,0.6185,59.484
2026-07-24T20:14:18,1950,14.521,23.906,3,0.5192,59.736
2026-07-24T20:14:18,1951,15.636,22.895,3,0.5402,60.003
2026-07-24T20:14:18,1952,14.344,23.461,3,0.621,60.17
2026-07-24T20:14:18,1953,15.428,23.064,2,0.5688,60.315
2026-07-24T20:14:18,1954,14.62,23.556,1,0.5964,60.518
2026-07-24T20:14:18,1955,15.366,22.606,1,0.7873,61.689
2026-07-24T20:14:18,1956,14.051,23.62,2,0.5385,63.013
2026-07-24T20:14:18,1957,15.71,22.907,0,0.0,62.93
2026-07-24T20:14:18,1958,14.389,24.282,0,0.0,61.892
2026-07-24T20:14:18,1959,15.669,22.777,0,0.0,60.547
2026-07-24T20:14:18,1960,14.374,23.215,0,0.0,59.531
2026-07-24T20:14:18,1961,16.6,24.363,0,0.0,58.7
2026-07-24T20:14:18,1962,13.61,23.882,0,0.0,57.982
2026-07-24T20:14:18,1963,15.244,24.14,0,0.0,57.661
2026-07-24T20:14:18,1964,13.85,23.991,0,0.0,57.304
2026-07-24T20:14:19,1965,14.855,22.888,0,0.0,57.261
2026-07-24T20:14:19,1966,16.525,22.74,0,0.0,57.163
2026-07-24T20:14:19,1967,14.532,23.169,0,0.0,57.054
2026-07-24T20:14:19,1968,14.716,23.624,0,0.0,57.103
2026-07-24T20:14:19,1969,16.575,22.936,0,0.0,57.218
2026-07-24T20:14:19,1970,12.544,24.865,0,0.0,57.385
2026-07-24T20:14:19,1971,16.028,23.458,0,0.0,57.309
2026-07-24T20:14:19,1972,17.765,22.106,0,0.0,57.537
2026-07-24T20:14:19,1973,13.156,24.939,0,0.0,57.635
2026-07-24T20:14:19,1974,14.271,24.549,0,0.0,57.507
2026-07-24T20:14:19,1975,15.515,23.625,0,0.0,57.477
2026-07-24T20:14:19,1976,15.436,24.113,0,0.0,57.422
2026-07-24T20:14:19,1977,15.254,23.786,0,0.0,57.305
2026-07-24T20:14:19,1978,13.867,23.481,0,0.0,57.17
2026-07-24T20:14:19,1979,15.81,24.011,0,0.0,57.051
2026-07-24T20:14:20,1980,14.7,22.928,0,0.0,56.864
2026-07-24T20:14:20,1981,15.067,23.234,0,0.0,56.755
2026-07-24T20:14:20,1982,14.608,23.451,0,0.0,56.473
2026-07-24T20:14:20,1983,15.56,22.498,0,0.0,56.256
2026-07-24T20:14:20,1984,16.229,23.385,0,0.0,56.022
2026-07-24T20:14:20,1985,13.924,24.791,0,0.0,56.04
2026-07-24T20:14:20,1986,14.737,24.511,0,0.0,56.057
2026-07-24T20:14:20,1987,15.38,23.699,0,0.0,56.178
2026-07-24T20:14:20,1988,15.593,23.785,0,0.0,56.363
2026-07-24T20:14:20,1989,12.353,25.437,0,0.0,56.662
2026-07-24T20:14:20,1990,16.813,23.521,0,0.0,57.103
2026-07-24T20:14:20,1991,16.447,23.027,0,0.0,57.67
2026-07-24T20:14:20,1992,13.739,24.371,0,0.0,58.244
2026-07-24T20:14:20,1993,13.75,23.624,0,0.0,58.706
2026-07-24T20:14:20,1994,16.953,22.122,0,0.0,59.13
2026-07-24T20:14:21,1995,14.789,23.259,0,0.0,59.702
2026-07-24T20:14:21,1996,13.756,24.502,0,0.0,60.301
2026-07-24T20:14:21,1997,15.867,22.976,0,0.0,60.398
2026-07-24T20:14:21,1998,14.41,23.137,0,0.0,61.562
2026-07-24T20:14:21,1999,15.227,24.294,0,0.0,61.472
2026-07-24T20:14:21,2000,15.514,24.339,0,0.0,61.3
2026-07-24T20:14:21,2001,13.761,24.173,0,0.0,61.204
2026-07-24T20:14:21,2002,16.306,22.467,0,0.0,61.11
2026-07-24T20:14:21,2003,14.298,23.673,0,0.0,60.88
2026-07-24T20:14:21,2004,15.095,23.271,0,0.0,60.68
2026-07-24T20:14:21,2005,15.343,23.228,0,0.0,60.436
2026-07-24T20:14:21,2006,14.313,22.973,0,0.0,60.218
2026-07-24T20:14:21,2007,15.513,24.062,0,0.0,59.803
2026-07-24T20:14:21,2008,14.773,23.07,0,0.0,59.162
2026-07-24T20:14:21,2009,15.152,23.24,0,0.0,57.816
2026-07-24T20:14:22,2010,13.836,24.168,0,0.0,55.847
2026-07-24T20:14:22,2011,16.197,23.342,0,0.0,54.558
2026-07-24T20:14:22,2012,14.341,22.809,0,0.0,53.458
2026-07-24T20:14:22,2013,14.814,22.919,1,0.3647,52.384
2026-07-24T20:14:22,2014,15.491,22.033,0,0.0,52.267
2026-07-24T20:14:22,2015,15.709,23.241,1,0.4203,42.428
2026-07-24T20:14:22,2016,10.75,25.439,1,0.4215,40.977
2026-07-24T20:14:22,2017,10.595,25.165,0,0.0,38.373
2026-07-24T20:14:22,2018,8.316,27.008,0,0.0,37.786
2026-07-24T20:14:22,2019,8.0,27.739,0,0.0,41.036
2026-07-24T20:14:22,2020,23.882,23.81,0,0.0,42.857
2026-07-24T20:14:22,2021,13.66,24.869,1,0.5024,44.117
2026-07-24T20:14:22,2022,17.108,23.19,0,0.0,44.551
2026-07-24T20:14:23,2023,12.628,24.557,1,0.7247,45.192
2026-07-24T20:14:23,2024,16.83,24.111,1,0.7603,45.736
2026-07-24T20:14:23,2025,13.414,24.501,1,0.8478,46.325
2026-07-24T20:14:23,2026,17.677,22.297,1,0.8561,46.838
2026-07-24T20:14:23,2027,13.326,23.681,1,0.781,47.424
2026-07-24T20:14:23,2028,16.288,23.075,1,0.7305,48.051
2026-07-24T20:14:23,2029,14.366,23.706,1,0.6882,48.627
2026-07-24T20:14:23,2030,15.2,23.453,1,0.5706,49.234
2026-07-24T20:14:23,2031,14.951,22.884,1,0.559,49.72
2026-07-24T20:14:23,2032,14.931,23.508,1,0.5517,50.022
2026-07-24T20:14:23,2033,14.982,23.195,1,0.737,50.408
2026-07-24T20:14:23,2034,16.157,22.362,1,0.7534,50.806
2026-07-24T20:14:23,2035,13.346,23.977,1,0.7741,51.12
2026-07-24T20:14:23,2036,18.706,23.165,1,0.8205,51.428
2026-07-24T20:14:23,2037,11.873,24.868,1,0.7808,51.523
2026-07-24T20:14:24,2038,18.569,22.308,1,0.4642,52.123
2026-07-24T20:14:24,2039,13.246,23.077,0,0.0,52.874
2026-07-24T20:14:24,2040,17.487,21.831,0,0.0,53.95
2026-07-24T20:14:24,2041,12.861,23.19,1,0.4643,54.826
2026-07-24T20:14:24,2042,17.97,22.225,0,0.0,56.126
2026-07-24T20:14:24,2043,12.917,24.643,0,0.0,58.149
2026-07-24T20:14:24,2044,20.245,22.761,0,0.0,58.822
2026-07-24T20:14:24,2045,11.644,24.446,0,0.0,57.952
2026-07-24T20:14:24,2046,17.801,22.901,0,0.0,65.963
2026-07-24T20:14:24,2047,14.044,23.136,0,0.0,73.485
2026-07-24T20:14:24,2048,16.022,22.332,0,0.0,75.33
2026-07-24T20:14:24,2049,14.034,23.514,0,0.0,74.849
2026-07-24T20:14:24,2050,20.422,22.073,0,0.0,73.13
2026-07-24T20:14:24,2051,20.197,20.812,0,0.0,71.365
2026-07-24T20:14:24,2052,19.502,22.278,0,0.0,70.433
2026-07-24T20:14:24,2053,20.324,22.387,0,0.0,69.991
2026-07-24T20:14:25,2054,19.922,21.844,0,0.0,70.173
2026-07-24T20:14:25,2055,19.433,22.389,0,0.0,70.837
2026-07-24T20:14:25,2056,20.76,21.126,0,0.0,71.356
2026-07-24T20:14:25,2057,19.011,22.137,0,0.0,71.711
2026-07-24T20:14:25,2058,26.626,20.847,0,0.0,71.925
2026-07-24T20:14:25,2059,23.694,21.113,0,0.0,71.705
2026-07-24T20:14:25,2060,23.546,21.303,0,0.0,71.64
2026-07-24T20:14:25,2061,23.891,21.531,0,0.0,71.629
2026-07-24T20:14:25,2062,10.496,25.572,0,0.0,71.65
2026-07-24T20:14:25,2063,12.589,26.422,0,0.0,72.341
2026-07-24T20:14:25,2064,10.229,25.23,0,0.0,72.302
2026-07-24T20:14:25,2065,12.315,25.831,0,0.0,72.019
2026-07-24T20:14:25,2066,11.871,25.535,0,0.0,71.653
2026-07-24T20:14:25,2067,12.039,25.825,0,0.0,71.315
2026-07-24T20:14:25,2068,12.115,24.472,0,0.0,71.015
2026-07-24T20:14:26,2069,12.007,24.607,0,0.0,70.767
2026-07-24T20:14:26,2070,11.762,25.393,0,0.0,70.529
2026-07-24T20:14:26,2071,11.835,25.174,0,0.0,70.247
2026-07-24T20:14:26,2072,12.013,25.064,0,0.0,69.976
2026-07-24T20:14:26,2073,11.763,25.741,0,0.0,69.86
2026-07-24T20:14:26,2074,12.071,25.231,0,0.0,69.931
2026-07-24T20:14:26,2075,12.028,25.745,0,0.0,70.003
2026-07-24T20:14:26,2076,11.948,24.982,0,0.0,70.096
2026-07-24T20:14:26,2077,13.093,23.703,0,0.0,70.222
2026-07-24T20:14:26,2078,10.729,24.96,0,0.0,70.321
2026-07-24T20:14:26,2079,12.344,25.193,0,0.0,70.398
2026-07-24T20:14:26,2080,11.749,26.677,0,0.0,70.441
2026-07-24T20:14:27,2081,12.171,26.782,0,0.0,70.464
2026-07-24T20:14:27,2082,12.578,24.488,0,0.0,70.464
2026-07-24T20:14:27,2083,10.912,25.766,0,0.0,70.45
2026-07-24T20:14:27,2084,13.531,23.877,0,0.0,70.439
2026-07-24T20:14:27,2085,10.738,25.618,0,0.0,70.442
2026-07-24T20:14:27,2086,12.546,24.656,0,0.0,70.455
2026-07-24T20:14:27,2087,13.264,25.686,0,0.0,70.479
2026-07-24T20:14:27,2088,11.814,30.971,0,0.0,70.527
2026-07-24T20:14:27,2089,21.138,26.286,0,0.0,70.562
2026-07-24T20:14:27,2090,15.393,23.49,0,0.0,70.649
2026-07-24T20:14:27,2091,24.619,21.501,0,0.0,70.701
2026-07-24T20:14:27,2092,20.443,21.208,0,0.0,70.754
2026-07-24T20:14:27,2093,24.509,21.095,0,0.0,70.813
2026-07-24T20:14:27,2094,25.396,21.019,0,0.0,70.876
2026-07-24T20:14:27,2095,25.516,20.315,0,0.0,70.934
2026-07-24T20:14:27,2096,23.317,20.758,0,0.0,70.98
2026-07-24T20:14:28,2097,24.358,20.941,0,0.0,71.02
2026-07-24T20:14:28,2098,24.666,20.938,0,0.0,71.049
2026-07-24T20:14:28,2099,22.189,21.594,0,0.0,71.078
2026-07-24T20:14:28,2100,25.397,20.489,0,0.0,71.106
2026-07-24T20:14:28,2101,23.305,20.988,0,0.0,71.127
2026-07-24T20:14:28,2102,24.678,20.186,0,0.0,71.147
2026-07-24T20:14:28,2103,23.095,20.682,0,0.0,71.161
2026-07-24T20:14:28,2104,23.866,20.985,0,0.0,71.178
2026-07-24T20:14:28,2105,23.915,21.276,0,0.0,71.197
2026-07-24T20:14:28,2106,24.063,20.736,0,0.0,71.214
2026-07-24T20:14:28,2107,23.589,20.59,0,0.0,71.226
2026-07-24T20:14:28,2108,23.907,20.89,0,0.0,71.236
2026-07-24T20:14:28,2109,24.701,20.498,0,0.0,71.242
2026-07-24T20:14:28,2110,25.708,20.321,0,0.0,71.243
2026-07-24T20:14:28,2111,20.759,21.041,0,0.0,71.242
2026-07-24T20:14:28,2112,24.421,22.049,0,0.0,71.239
2026-07-24T20:14:28,2113,24.907,21.049,0,0.0,71.235
2026-07-24T20:14:28,2114,23.747,20.667,0,0.0,71.231
2026-07-24T20:14:28,2115,24.196,20.908,0,0.0,71.224
2026-07-24T20:14:28,2116,23.455,21.294,0,0.0,71.215
2026-07-24T20:14:28,2117,24.132,20.894,0,0.0,71.208
2026-07-24T20:14:28,2118,23.742,20.656,0,0.0,71.199
2026-07-24T20:14:28,2119,24.541,20.665,0,0.0,71.189
2026-07-24T20:14:28,2120,23.665,21.64,0,0.0,71.184
2026-07-24T20:14:29,2121,23.287,20.995,0,0.0,71.182
2026-07-24T20:14:29,2122,9.619,25.989,0,0.0,71.176
2026-07-24T20:14:29,2123,13.014,24.02,0,0.0,71.185
2026-07-24T20:14:29,2124,10.73,25.162,0,0.0,71.203
2026-07-24T20:14:29,2125,12.732,24.666,0,0.0,71.216
2026-07-24T20:14:29,2126,11.514,25.723,0,0.0,71.234
2026-07-24T20:14:29,2127,12.535,23.926,0,0.0,71.254
2026-07-24T20:14:29,2128,12.746,23.69,0,0.0,71.275
2026-07-24T20:14:29,2129,10.524,25.731,0,0.0,71.294
2026-07-24T20:14:29,2130,13.101,24.951,0,0.0,71.311
2026-07-24T20:14:29,2131,11.078,25.689,0,0.0,71.328
2026-07-24T20:14:29,2132,12.422,25.702,0,0.0,71.335
2026-07-24T20:14:30,2133,12.993,24.417,0,0.0,71.341
2026-07-24T20:14:30,2134,11.131,26.554,0,0.0,71.348
2026-07-24T20:14:30,2135,11.675,25.086,0,0.0,71.348
2026-07-24T20:14:30,2136,12.33,24.956,0,0.0,71.349
2026-07-24T20:14:30,2137,11.519,25.227,0,0.0,71.355
2026-07-24T20:14:30,2138,13.482,24.042,0,0.0,71.364
2026-07-24T20:14:30,2139,10.555,25.341,0,0.0,71.375
2026-07-24T20:14:30,2140,13.929,24.828,0,0.0,71.393
2026-07-24T20:14:30,2141,10.206,27.025,0,0.0,71.41
2026-07-24T20:14:30,2142,12.659,25.068,0,0.0,71.423
2026-07-24T20:14:30,2143,12.33,25.172,0,0.0,71.432
2026-07-24T20:14:30,2144,12.445,25.719,0,0.0,71.428
2026-07-24T20:14:31,2145,10.969,25.708,0,0.0,71.421
2026-07-24T20:14:31,2146,12.52,25.741,0,0.0,71.407
2026-07-24T20:14:31,2147,11.727,25.271,0,0.0,71.39
2026-07-24T20:14:31,2148,12.761,24.11,0,0.0,71.378
2026-07-24T20:14:31,2149,11.033,24.879,0,0.0,71.365
2026-07-24T20:14:31,2150,13.052,23.87,0,0.0,71.349
2026-07-24T20:14:31,2151,10.81,25.895,0,0.0,71.329
2026-07-24T20:14:31,2152,13.144,25.311,0,0.0,71.319
2026-07-24T20:14:31,2153,11.945,24.963,0,0.0,71.314
2026-07-24T20:14:31,2154,11.131,25.71,0,0.0,71.307
2026-07-24T20:14:31,2155,12.325,25.929,0,0.0,71.3
2026-07-24T20:14:31,2156,11.887,26.028,0,0.0,71.291
2026-07-24T20:14:32,2157,11.914,25.762,0,0.0,71.283
2026-07-24T20:14:32,2158,12.478,24.205,0,0.0,71.283
2026-07-24T20:14:32,2159,11.606,25.607,0,0.0,71.284
2026-07-24T20:14:32,2160,11.89,25.328,0,0.0,71.288
2026-07-24T20:14:32,2161,11.998,25.686,0,0.0,71.294
2026-07-24T20:14:32,2162,11.953,25.26,0,0.0,71.296
2026-07-24T20:14:32,2163,12.018,24.985,0,0.0,71.293
2026-07-24T20:14:32,2164,11.551,25.807,0,0.0,71.284
2026-07-24T20:14:32,2165,14.374,24.387,0,0.0,71.272
2026-07-24T20:14:32,2166,9.911,26.537,0,0.0,71.253
2026-07-24T20:14:32,2167,12.704,25.025,0,0.0,71.227
2026-07-24T20:14:32,2168,12.769,25.226,0,0.0,71.18
2026-07-24T20:14:33,2169,10.845,25.839,0,0.0,71.121
2026-07-24T20:14:33,2170,13.312,24.821,0,0.0,71.054
2026-07-24T20:14:33,2171,11.576,25.378,0,0.0,70.975
2026-07-24T20:14:33,2172,11.39,25.243,0,0.0,70.902
2026-07-24T20:14:33,2173,13.351,24.012,0,0.0,70.832
2026-07-24T20:14:33,2174,10.82,25.359,0,0.0,70.763
2026-07-24T20:14:33,2175,12.136,25.746,0,0.0,70.677
2026-07-24T20:14:33,2176,12.18,24.594,0,0.0,70.548
2026-07-24T20:14:33,2177,12.339,26.066,0,0.0,70.393
2026-07-24T20:14:33,2178,11.463,25.412,0,0.0,70.225
2026-07-24T20:14:33,2179,11.671,25.369,0,0.0,70.026
2026-07-24T20:14:33,2180,12.04,25.525,0,0.0,69.807
2026-07-24T20:14:34,2181,12.087,25.069,0,0.0,69.588
2026-07-24T20:14:34,2182,11.766,25.744,0,0.0,69.384
2026-07-24T20:14:34,2183,12.93,25.253,0,0.0,68.97
2026-07-24T20:14:34,2184,11.22,25.142,0,0.0,68.112
2026-07-24T20:14:34,2185,11.74,26.553,0,0.0,68.347
2026-07-24T20:14:34,2186,12.073,26.522,1,0.4451,68.733
2026-07-24T20:14:34,2187,12.356,24.86,0,0.0,67.649
2026-07-24T20:14:34,2188,11.819,24.809,0,0.0,67.31
2026-07-24T20:14:34,2189,11.775,25.981,0,0.0,67.049
2026-07-24T20:14:34,2190,13.74,24.667,0,0.0,65.532
2026-07-24T20:14:34,2191,10.214,25.548,0,0.0,64.073
2026-07-24T20:14:34,2192,13.054,25.775,0,0.0,62.518
2026-07-24T20:14:35,2193,11.51,25.749,1,0.5604,61.251
2026-07-24T20:14:35,2194,12.583,25.512,2,0.4306,60.166
2026-07-24T20:14:35,2195,11.084,27.585,2,0.5246,59.396
2026-07-24T20:14:35,2196,13.328,25.552,1,0.5256,58.5
2026-07-24T20:14:35,2197,10.688,26.433,1,0.3832,57.709
2026-07-24T20:14:35,2198,12.575,24.705,2,0.4177,57.143
2026-07-24T20:14:35,2199,11.85,24.748,2,0.513,56.519
2026-07-24T20:14:35,2200,12.394,25.182,2,0.5784,56.123
2026-07-24T20:14:35,2201,11.167,25.448,2,0.646,56.039
2026-07-24T20:14:35,2202,14.507,25.161,2,0.6682,55.953
2026-07-24T20:14:35,2203,10.31,26.006,2,0.6201,55.9
2026-07-24T20:14:36,2204,12.388,24.329,2,0.7244,55.833
2026-07-24T20:14:36,2205,11.755,24.783,2,0.7517,55.841
2026-07-24T20:14:36,2206,12.122,24.346,2,0.7512,55.786
2026-07-24T20:14:36,2207,11.578,25.206,2,0.7207,55.739
2026-07-24T20:14:36,2208,13.987,25.534,2,0.6853,55.763
2026-07-24T20:14:36,2209,9.595,31.53,2,0.6685,55.88
2026-07-24T20:14:36,2210,14.593,25.228,2,0.633,55.961
2026-07-24T20:14:36,2211,10.579,25.287,2,0.676,56.016
2026-07-24T20:14:36,2212,14.35,23.63,2,0.6472,56.019
2026-07-24T20:14:36,2213,10.864,24.522,2,0.6354,56.036
2026-07-24T20:14:36,2214,12.998,25.485,2,0.6713,56.032
2026-07-24T20:14:36,2215,10.839,25.616,2,0.6746,56.008
2026-07-24T20:14:37,2216,12.275,25.134,2,0.6632,55.969
2026-07-24T20:14:37,2217,11.917,24.912,2,0.6172,55.878
2026-07-24T20:14:37,2218,12.321,24.403,2,0.6035,55.787
2026-07-24T20:14:37,2219,11.361,25.036,2,0.5505,55.639
2026-07-24T20:14:37,2220,13.026,24.189,2,0.5285,55.494
2026-07-24T20:14:37,2221,11.081,25.1,2,0.5623,55.405
2026-07-24T20:14:37,2222,12.298,25.875,2,0.5222,55.341
2026-07-24T20:14:37,2223,13.297,25.127,2,0.5053,55.299
2026-07-24T20:14:37,2224,10.352,25.508,2,0.5206,55.273
2026-07-24T20:14:37,2225,13.361,24.717,3,0.5006,55.29
2026-07-24T20:14:37,2226,10.809,25.375,2,0.5771,55.316
2026-07-24T20:14:37,2227,13.481,25.14,2,0.5747,55.303
2026-07-24T20:14:38,2228,11.024,25.768,2,0.5961,55.315
2026-07-24T20:14:38,2229,12.076,25.301,2,0.6207,55.322
2026-07-24T20:14:38,2230,12.523,26.135,2,0.6157,55.306
2026-07-24T20:14:38,2231,11.194,25.748,2,0.5711,55.298
2026-07-24T20:14:38,2232,12.15,25.969,2,0.5811,55.274
2026-07-24T20:14:38,2233,14.717,23.984,2,0.6378,55.268
2026-07-24T20:14:38,2234,9.875,25.022,2,0.5632,55.323
2026-07-24T20:14:38,2235,12.58,24.151,2,0.4727,55.345
2026-07-24T20:14:38,2236,11.664,25.044,2,0.6321,55.286
2026-07-24T20:14:38,2237,12.001,25.267,2,0.5936,55.297
2026-07-24T20:14:38,2238,12.209,26.136,2,0.5312,55.238
2026-07-24T20:14:38,2239,12.725,24.482,2,0.5487,55.22
2026-07-24T20:14:39,2240,10.749,25.098,2,0.503,55.285
2026-07-24T20:14:39,2241,12.463,24.939,2,0.5706,55.309
2026-07-24T20:14:39,2242,11.823,25.497,2,0.5868,55.481
2026-07-24T20:14:39,2243,12.801,24.17,1,0.4121,55.758
2026-07-24T20:14:39,2244,10.975,24.395,2,0.5952,55.9
2026-07-24T20:14:39,2245,13.799,25.19,2,0.5873,56.261
2026-07-24T20:14:39,2246,10.199,25.701,2,0.552,56.577
2026-07-24T20:14:39,2247,13.771,24.879,1,0.6494,57.337
2026-07-24T20:14:39,2248,10.97,26.58,0,0.0,58.187
2026-07-24T20:14:39,2249,12.028,24.823,0,0.0,59.275
2026-07-24T20:14:39,2250,12.885,23.568,1,0.406,60.883
2026-07-24T20:14:39,2251,11.682,25.31,1,0.4296,62.207
2026-07-24T20:14:40,2252,11.396,25.447,0,0.0,62.177
2026-07-24T20:14:40,2253,12.469,24.462,0,0.0,62.128
2026-07-24T20:14:40,2254,11.455,25.608,0,0.0,59.984
2026-07-24T20:14:40,2255,12.391,24.446,0,0.0,61.934
2026-07-24T20:14:40,2256,11.52,25.281,0,0.0,63.978
2026-07-24T20:14:40,2257,11.869,26.506,0,0.0,64.871
2026-07-24T20:14:40,2258,12.429,24.984,0,0.0,65.749
2026-07-24T20:14:40,2259,11.777,24.221,0,0.0,66.647
2026-07-24T20:14:40,2260,11.823,25.474,0,0.0,67.263
2026-07-24T20:14:40,2261,12.065,25.231,0,0.0,67.741
2026-07-24T20:14:40,2262,12.07,24.062,0,0.0,68.088
2026-07-24T20:14:40,2263,12.609,23.271,0,0.0,68.395
2026-07-24T20:14:41,2264,11.171,25.835,0,0.0,68.628
2026-07-24T20:14:41,2265,11.936,25.522,0,0.0,68.813
2026-07-24T20:14:41,2266,11.881,26.318,0,0.0,68.977
2026-07-24T20:14:41,2267,12.069,25.067,0,0.0,69.097
2026-07-24T20:14:41,2268,12.168,24.992,0,0.0,69.192
2026-07-24T20:14:41,2269,11.777,25.138,0,0.0,69.267
2026-07-24T20:14:41,2270,13.614,24.229,0,0.0,69.337
2026-07-24T20:14:41,2271,10.28,25.341,0,0.0,69.4
2026-07-24T20:14:41,2272,12.629,25.625,0,0.0,69.458
2026-07-24T20:14:41,2273,12.904,23.994,0,0.0,69.513
2026-07-24T20:14:41,2274,10.518,25.821,0,0.0,69.621
2026-07-24T20:14:41,2275,13.294,23.927,0,0.0,69.766
2026-07-24T20:14:42,2276,11.51,26.158,0,0.0,69.918
2026-07-24T20:14:42,2277,11.619,25.399,0,0.0,70.057
2026-07-24T20:14:42,2278,13.113,23.957,0,0.0,70.187
2026-07-24T20:14:42,2279,10.619,25.907,0,0.0,70.307
2026-07-24T20:14:42,2280,13.383,24.232,0,0.0,70.396
2026-07-24T20:14:42,2281,10.913,25.152,0,0.0,70.463
2026-07-24T20:14:42,2282,13.782,25.839,0,0.0,70.51
2026-07-24T20:14:42,2283,10.914,24.905,0,0.0,70.557
2026-07-24T20:14:42,2284,11.772,25.87,0,0.0,70.595
2026-07-24T20:14:42,2285,12.086,25.481,0,0.0,70.616
2026-07-24T20:14:42,2286,11.777,25.797,0,0.0,70.631
2026-07-24T20:14:42,2287,12.204,25.099,0,0.0,70.648
2026-07-24T20:14:43,2288,12.285,25.336,0,0.0,70.668
2026-07-24T20:14:43,2289,11.569,25.017,0,0.0,70.698
2026-07-24T20:14:43,2290,12.644,24.798,0,0.0,70.744
2026-07-24T20:14:43,2291,11.032,24.861,0,0.0,70.812
2026-07-24T20:14:43,2292,13.323,24.045,0,0.0,70.888
2026-07-24T20:14:43,2293,11.247,25.037,0,0.0,70.976
2026-07-24T20:14:43,2294,11.7,26.0,0,0.0,71.065
2026-07-24T20:14:43,2295,12.527,25.182,0,0.0,71.14
2026-07-24T20:14:43,2296,12.24,24.641,0,0.0,71.207
2026-07-24T20:14:43,2297,10.768,30.916,0,0.0,71.266
2026-07-24T20:14:43,2298,17.328,26.116,0,0.0,71.332
2026-07-24T20:14:43,2299,26.705,21.113,0,0.0,71.362
2026-07-24T20:14:43,2300,24.06,21.076,0,0.0,71.392
2026-07-24T20:14:43,2301,24.098,20.629,0,0.0,71.416
2026-07-24T20:14:44,2302,24.321,19.643,0,0.0,71.437
2026-07-24T20:14:44,2303,23.835,20.155,0,0.0,71.453
2026-07-24T20:14:44,2304,23.745,20.368,0,0.0,71.467
2026-07-24T20:14:44,2305,23.637,21.264,0,0.0,71.481
2026-07-24T20:14:44,2306,23.876,21.221,0,0.0,71.492
2026-07-24T20:14:44,2307,24.204,20.321,0,0.0,71.499
2026-07-24T20:14:44,2308,24.022,20.403,0,0.0,71.505
2026-07-24T20:14:44,2309,24.172,20.057,0,0.0,71.507
2026-07-24T20:14:44,2310,23.959,20.942,0,0.0,71.512
2026-07-24T20:14:44,2311,20.307,21.194,0,0.0,71.514
2026-07-24T20:14:44,2312,23.319,23.147,0,0.0,71.518
2026-07-24T20:14:44,2313,25.626,22.021,0,0.0,71.524
2026-07-24T20:14:44,2314,24.152,20.923,0,0.0,71.532
2026-07-24T20:14:44,2315,23.328,22.199,0,0.0,71.537
2026-07-24T20:14:44,2316,24.435,20.76,0,0.0,71.543
2026-07-24T20:14:44,2317,21.51,21.31,0,0.0,71.55
2026-07-24T20:14:44,2318,25.29,21.299,0,0.0,71.557
2026-07-24T20:14:44,2319,23.667,21.326,0,0.0,71.562
2026-07-24T20:14:44,2320,24.099,21.275,0,0.0,71.567
2026-07-24T20:14:44,2321,24.234,21.223,0,0.0,71.573
2026-07-24T20:14:44,2322,24.221,21.275,0,0.0,71.579
2026-07-24T20:14:44,2323,20.899,25.993,0,0.0,71.584
2026-07-24T20:14:45,2324,9.552,25.054,0,0.0,71.594
2026-07-24T20:14:45,2325,14.018,25.253,0,0.0,71.6
2026-07-24T20:14:45,2326,10.778,25.635,0,0.0,71.597
2026-07-24T20:14:45,2327,12.491,25.236,0,0.0,71.588
2026-07-24T20:14:45,2328,12.481,24.986,0,0.0,71.568
2026-07-24T20:14:45,2329,11.155,24.391,0,0.0,71.543
2026-07-24T20:14:45,2330,12.958,23.988,0,0.0,71.511
2026-07-24T20:14:45,2331,10.903,25.697,0,0.0,71.473
2026-07-24T20:14:45,2332,13.543,24.86,0,0.0,71.437
2026-07-24T20:14:45,2333,10.896,25.499,0,0.0,71.411
2026-07-24T20:14:45,2334,12.403,25.014,0,0.0,71.397
2026-07-24T20:14:45,2335,11.689,24.565,0,0.0,71.39
2026-07-24T20:14:46,2336,12.191,24.733,0,0.0,71.388
2026-07-24T20:14:46,2337,11.6,25.435,0,0.0,71.391
2026-07-24T20:14:46,2338,13.78,23.611,0,0.0,71.394
2026-07-24T20:14:46,2339,10.187,26.238,0,0.0,71.4
2026-07-24T20:14:46,2340,13.835,23.959,0,0.0,71.412
2026-07-24T20:14:46,2341,10.731,24.992,0,0.0,71.426
2026-07-24T20:14:46,2342,12.981,24.654,0,0.0,71.442
2026-07-24T20:14:46,2343,11.526,25.558,0,0.0,71.463
2026-07-24T20:14:46,2344,12.851,24.557,0,0.0,71.491
2026-07-24T20:14:46,2345,10.796,24.251,0,0.0,71.519
2026-07-24T20:14:46,2346,12.342,24.763,0,0.0,71.536
2026-07-24T20:14:46,2347,11.89,25.517,0,0.0,71.565
2026-07-24T20:14:47,2348,12.778,25.132,0,0.0,71.599
2026-07-24T20:14:47,2349,11.013,24.468,0,0.0,71.628
2026-07-24T20:14:47,2350,13.651,25.343,0,0.0,71.662
2026-07-24T20:14:47,2351,10.43,25.013,0,0.0,71.699
2026-07-24T20:14:47,2352,12.4,26.016,0,0.0,71.732
2026-07-24T20:14:47,2353,12.494,24.382,0,0.0,71.765
2026-07-24T20:14:47,2354,11.471,24.582,0,0.0,71.789
2026-07-24T20:14:47,2355,12.128,24.838,0,0.0,71.823
2026-07-24T20:14:47,2356,13.095,25.25,0,0.0,71.842
2026-07-24T20:14:47,2357,10.875,25.038,0,0.0,71.858
2026-07-24T20:14:47,2358,12.899,23.617,0,0.0,71.887
2026-07-24T20:14:47,2359,10.683,26.504,0,0.0,71.915
2026-07-24T20:14:48,2360,13.247,24.652,0,0.0,71.934
2026-07-24T20:14:48,2361,11.096,24.571,0,0.0,71.945
2026-07-24T20:14:48,2362,12.364,24.944,0,0.0,71.95
2026-07-24T20:14:48,2363,12.832,24.297,0,0.0,71.952
2026-07-24T20:14:48,2364,10.749,24.417,0,0.0,71.948
2026-07-24T20:14:48,2365,13.478,23.577,0,0.0,71.942
2026-07-24T20:14:48,2366,10.61,25.342,0,0.0,71.941
2026-07-24T20:14:48,2367,13.239,25.078,0,0.0,71.941
2026-07-24T20:14:48,2368,11.505,24.753,0,0.0,71.942
2026-07-24T20:14:48,2369,12.426,24.52,0,0.0,71.934
2026-07-24T20:14:48,2370,10.955,26.165,0,0.0,71.924
2026-07-24T20:14:48,2371,12.513,25.627,0,0.0,71.914
2026-07-24T20:14:49,2372,12.215,24.146,0,0.0,71.901
2026-07-24T20:14:49,2373,12.431,24.058,0,0.0,71.894
2026-07-24T20:14:49,2374,10.88,24.831,0,0.0,71.885
2026-07-24T20:14:49,2375,14.161,24.406,0,0.0,71.878
2026-07-24T20:14:49,2376,10.387,24.381,0,0.0,71.872
2026-07-24T20:14:49,2377,12.44,24.82,0,0.0,71.867
2026-07-24T20:14:49,2378,12.718,24.213,0,0.0,71.866
2026-07-24T20:14:49,2379,10.884,24.702,0,0.0,71.867
2026-07-24T20:14:49,2380,12.998,24.238,0,0.0,71.869
2026-07-24T20:14:49,2381,11.937,24.77,0,0.0,71.871
2026-07-24T20:14:49,2382,11.292,24.952,0,0.0,71.871
2026-07-24T20:14:49,2383,12.989,23.956,0,0.0,71.876
2026-07-24T20:14:50,2384,10.774,25.04,0,0.0,71.876
2026-07-24T20:14:50,2385,12.761,25.496,0,0.0,71.88
2026-07-24T20:14:50,2386,11.629,24.739,0,0.0,71.882
2026-07-24T20:14:50,2387,12.581,26.258,0,0.0,71.887
2026-07-24T20:14:50,2388,11.343,25.619,0,0.0,71.893
2026-07-24T20:14:50,2389,11.841,25.371,0,0.0,71.901
2026-07-24T20:14:50,2390,12.107,24.908,0,0.0,71.905
2026-07-24T20:14:50,2391,11.96,24.796,0,0.0,71.909
2026-07-24T20:14:50,2392,11.77,25.618,0,0.0,71.914
2026-07-24T20:14:50,2393,13.054,26.162,0,0.0,71.918
2026-07-24T20:14:50,2394,11.256,25.31,0,0.0,71.918
2026-07-24T20:14:50,2395,11.753,25.28,0,0.0,71.92
2026-07-24T20:14:51,2396,11.87,25.456,0,0.0,71.926
2026-07-24T20:14:51,2397,12.073,25.483,0,0.0,71.93
2026-07-24T20:14:51,2398,12.156,24.431,0,0.0,71.928
2026-07-24T20:14:51,2399,11.77,25.694,0,0.0,71.924
2026-07-24T20:14:51,2400,11.927,25.788,0,0.0,71.92
2026-07-24T20:14:51,2401,12.155,25.124,0,0.0,71.912
2026-07-24T20:14:51,2402,11.677,25.133,0,0.0,71.902
2026-07-24T20:14:51,2403,12.36,24.825,0,0.0,71.888
2026-07-24T20:14:51,2404,11.703,25.088,0,0.0,71.872
2026-07-24T20:14:51,2405,12.23,24.088,0,0.0,71.855
2026-07-24T20:14:51,2406,11.766,25.403,0,0.0,71.841
2026-07-24T20:14:51,2407,11.822,25.451,0,0.0,71.825
2026-07-24T20:14:52,2408,12.27,24.202,0,0.0,71.807
2026-07-24T20:14:52,2409,11.764,25.011,0,0.0,71.785
2026-07-24T20:14:52,2410,12.011,24.51,0,0.0,71.758
2026-07-24T20:14:52,2411,11.933,24.941,0,0.0,71.729
2026-07-24T20:14:52,2412,13.92,23.551,0,0.0,71.697
2026-07-24T20:14:52,2413,10.448,25.009,0,0.0,71.663
2026-07-24T20:14:52,2414,12.098,24.445,0,0.0,71.633
2026-07-24T20:14:52,2415,11.83,24.708,0,0.0,71.586
2026-07-24T20:14:52,2416,12.283,23.893,0,0.0,71.524
2026-07-24T20:14:52,2417,12.811,25.974,0,0.0,71.462
2026-07-24T20:14:52,2418,12.239,25.551,0,0.0,71.375
2026-07-24T20:14:52,2419,11.101,26.063,0,0.0,71.291
2026-07-24T20:14:53,2420,11.413,24.285,0,0.0,71.212
2026-07-24T20:14:53,2421,12.065,24.751,0,0.0,71.09
2026-07-24T20:14:53,2422,11.693,25.485,0,0.0,70.88
2026-07-24T20:14:53,2423,13.051,24.503,0,0.0,70.571
2026-07-24T20:14:53,2424,11.714,24.534,0,0.0,70.124
2026-07-24T20:14:53,2425,11.32,24.434,0,0.0,69.434
2026-07-24T20:14:53,2426,11.985,26.648,0,0.0,68.669
2026-07-24T20:14:53,2427,11.949,24.97,0,0.0,67.931
2026-07-24T20:14:53,2428,13.1,22.632,0,0.0,66.998
2026-07-24T20:14:53,2429,13.92,25.829,0,0.0,65.334
2026-07-24T20:14:53,2430,10.042,26.894,0,0.0,64.249
2026-07-24T20:14:53,2431,12.058,26.484,0,0.0,63.782
2026-07-24T20:14:54,2432,13.569,24.33,1,0.4318,64.798
2026-07-24T20:14:54,2433,9.993,26.462,1,0.4513,68.388
2026-07-24T20:14:54,2434,12.12,25.848,0,0.0,73.932
2026-07-24T20:14:54,2435,14.517,24.036,0,0.0,82.061
2026-07-24T20:14:54,2436,16.776,21.766,0,0.0,82.007
2026-07-24T20:14:54,2437,15.075,22.858,0,0.0,76.453
2026-07-24T20:14:54,2438,13.437,24.281,1,0.4655,75.118
2026-07-24T20:14:54,2439,16.216,23.671,1,0.536,72.593
2026-07-24T20:14:54,2440,14.091,23.877,0,0.0,69.249
2026-07-24T20:14:54,2441,15.685,22.658,0,0.0,66.542
2026-07-24T20:14:54,2442,15.344,22.919,0,0.0,64.546
2026-07-24T20:14:54,2443,14.312,23.58,0,0.0,63.034
2026-07-24T20:14:54,2444,13.969,25.145,1,0.5698,62.177
2026-07-24T20:14:54,2445,17.179,22.803,2,0.6041,61.555
2026-07-24T20:14:55,2446,13.214,24.084,1,0.7497,61.113
2026-07-24T20:14:55,2447,16.418,23.39,1,0.3543,60.902
2026-07-24T20:14:55,2448,15.18,22.906,1,0.3541,60.733
2026-07-24T20:14:55,2449,14.971,22.149,2,0.5197,60.864
2026-07-24T20:14:55,2450,14.448,22.601,2,0.5255,61.044
2026-07-24T20:14:55,2451,15.037,23.612,2,0.4306,61.041
2026-07-24T20:14:55,2452,14.713,23.653,1,0.5968,60.602
2026-07-24T20:14:55,2453,14.867,23.463,2,0.5393,59.998
2026-07-24T20:14:55,2454,15.484,22.681,2,0.5967,59.606
2026-07-24T20:14:55,2455,13.955,23.284,2,0.6459,59.541
2026-07-24T20:14:55,2456,15.784,22.199,2,0.6576,59.558
2026-07-24T20:14:55,2457,14.959,22.848,2,0.6098,59.608
2026-07-24T20:14:55,2458,14.595,23.647,2,0.6936,59.572
2026-07-24T20:14:55,2459,15.034,22.394,2,0.6881,59.491
2026-07-24T20:14:55,2460,16.737,23.7,2,0.734,59.423
2026-07-24T20:14:56,2461,12.233,24.114,2,0.7368,59.384
2026-07-24T20:14:56,2462,15.607,23.531,2,0.7071,59.353
2026-07-24T20:14:56,2463,16.415,22.208,2,0.6736,59.314
2026-07-24T20:14:56,2464,13.842,23.268,2,0.6276,59.303
2026-07-24T20:14:56,2465,15.695,23.068,2,0.641,59.34
2026-07-24T20:14:56,2466,15.16,22.988,2,0.5754,59.403
2026-07-24T20:14:56,2467,14.18,23.042,3,0.4907,59.52
2026-07-24T20:14:56,2468,16.111,23.534,2,0.4918,59.607
2026-07-24T20:14:56,2469,14.641,22.738,2,0.516,59.698
2026-07-24T20:14:56,2470,14.177,23.959,1,0.4825,59.802
2026-07-24T20:14:56,2471,15.61,22.884,2,0.4749,59.903
2026-07-24T20:14:56,2472,14.851,22.869,2,0.5064,59.974
2026-07-24T20:14:56,2473,14.549,23.128,2,0.527,59.983
2026-07-24T20:14:56,2474,15.349,23.015,2,0.5685,60.006
2026-07-24T20:14:56,2475,15.215,23.491,2,0.5826,60.054
2026-07-24T20:14:57,2476,14.128,23.461,3,0.5867,60.167
2026-07-24T20:14:57,2477,15.711,22.467,3,0.5835,60.222
2026-07-24T20:14:57,2478,14.647,23.226,2,0.7081,60.207
2026-07-24T20:14:57,2479,14.725,23.05,2,0.7029,60.181
2026-07-24T20:14:57,2480,14.777,23.505,2,0.706,60.161
2026-07-24T20:14:57,2481,15.751,22.186,2,0.7012,60.15
2026-07-24T20:14:57,2482,13.868,23.909,3,0.5878,60.129
2026-07-24T20:14:57,2483,17.292,23.443,2,0.6758,60.136
2026-07-24T20:14:57,2484,13.413,23.698,2,0.6742,60.127
2026-07-24T20:14:57,2485,14.831,24.025,3,0.5295,60.079
2026-07-24T20:14:57,2486,18.482,23.845,3,0.5406,60.029
2026-07-24T20:14:57,2487,11.924,24.082,3,0.4488,60.033
2026-07-24T20:14:57,2488,16.676,23.282,2,0.5023,60.098
2026-07-24T20:14:57,2489,14.581,23.178,2,0.5202,60.079
2026-07-24T20:14:57,2490,15.385,22.394,2,0.517,59.993
2026-07-24T20:14:58,2491,15.445,23.784,2,0.4978,59.9
2026-07-24T20:14:58,2492,13.125,23.917,3,0.4823,59.993
2026-07-24T20:14:58,2493,17.405,23.844,2,0.5532,60.058
2026-07-24T20:14:58,2494,12.956,24.172,2,0.4313,60.073
2026-07-24T20:14:58,2495,16.953,22.428,2,0.4244,60.062
2026-07-24T20:14:58,2496,14.888,22.79,2,0.4451,60.019
2026-07-24T20:14:58,2497,14.02,24.071,3,0.4225,59.989
2026-07-24T20:14:58,2498,15.646,22.889,2,0.4043,60.041
2026-07-24T20:14:58,2499,15.701,22.603,2,0.5111,60.164
2026-07-24T20:14:58,2500,13.245,22.884,3,0.5612,60.298
2026-07-24T20:14:58,2501,15.991,23.213,3,0.6132,60.42
2026-07-24T20:14:58,2502,15.33,22.122,2,0.7131,60.596
2026-07-24T20:14:58,2503,13.802,24.056,3,0.5416,60.69
2026-07-24T20:14:58,2504,15.67,23.372,2,0.5829,60.63
2026-07-24T20:14:58,2505,15.309,22.979,2,0.6161,60.472
2026-07-24T20:14:59,2506,14.532,24.331,2,0.5559,60.285
2026-07-24T20:14:59,2507,15.478,22.748,2,0.6485,60.155
2026-07-24T20:14:59,2508,14.623,22.884,2,0.6522,60.127
2026-07-24T20:14:59,2509,14.3,23.633,2,0.5608,60.206
2026-07-24T20:14:59,2510,15.653,23.386,2,0.5916,60.316
2026-07-24T20:14:59,2511,14.457,24.62,1,0.744,60.425
2026-07-24T20:14:59,2512,14.874,23.383,1,0.7164,60.49
2026-07-24T20:14:59,2513,15.669,22.833,2,0.6017,60.537
2026-07-24T20:14:59,2514,15.369,24.096,3,0.5468,60.551
2026-07-24T20:14:59,2515,12.511,26.012,2,0.574,60.605
2026-07-24T20:14:59,2516,16.896,23.164,3,0.5559,60.643
2026-07-24T20:14:59,2517,15.64,22.628,3,0.5442,60.702
2026-07-24T20:14:59,2518,14.168,23.492,2,0.6261,60.766
2026-07-24T20:14:59,2519,15.239,23.983,3,0.4932,60.851
2026-07-24T20:14:59,2520,15.288,23.036,1,0.6399,60.907
2026-07-24T20:15:00,2521,14.24,23.977,2,0.5844,60.94
2026-07-24T20:15:00,2522,16.459,22.763,2,0.6528,61.017
2026-07-24T20:15:00,2523,13.908,22.621,3,0.6456,61.244
2026-07-24T20:15:00,2524,14.52,23.873,2,0.7476,61.193
2026-07-24T20:15:00,2525,15.693,23.084,1,0.673,60.888
2026-07-24T20:15:00,2526,14.93,23.192,1,0.5348,60.585
2026-07-24T20:15:00,2527,14.736,22.397,1,0.5325,60.716
2026-07-24T20:15:00,2528,14.789,23.626,0,0.0,61.078
2026-07-24T20:15:00,2529,15.422,23.304,0,0.0,61.429
2026-07-24T20:15:00,2530,14.634,23.29,0,0.0,61.533
2026-07-24T20:15:00,2531,14.673,23.502,0,0.0,61.564
2026-07-24T20:15:00,2532,15.331,23.675,1,0.4405,61.539
2026-07-24T20:15:00,2533,14.476,23.164,1,0.5177,61.471
2026-07-24T20:15:00,2534,14.958,22.946,1,0.6115,61.381
2026-07-24T20:15:00,2535,15.445,23.111,1,0.5849,61.37
2026-07-24T20:15:01,2536,14.232,23.373,1,0.6176,61.436
2026-07-24T20:15:01,2537,16.889,23.363,1,0.6312,61.585
2026-07-24T20:15:01,2538,13.712,22.907,1,0.5969,61.69
2026-07-24T20:15:01,2539,14.701,23.434,1,0.6025,61.721
2026-07-24T20:15:01,2540,14.839,24.367,1,0.5909,61.708
2026-07-24T20:15:01,2541,15.814,22.558,1,0.5714,61.689
2026-07-24T20:15:01,2542,13.955,22.965,1,0.5319,61.66
2026-07-24T20:15:01,2543,15.303,23.378,2,0.6458,61.636
2026-07-24T20:15:01,2544,15.337,23.116,2,0.679,61.641
2026-07-24T20:15:01,2545,15.003,23.506,2,0.5289,61.638
2026-07-24T20:15:01,2546,13.471,24.527,1,0.6955,61.644
2026-07-24T20:15:01,2547,16.832,23.332,1,0.7062,61.653
2026-07-24T20:15:01,2548,13.805,23.365,1,0.6869,61.66
2026-07-24T20:15:01,2549,15.578,23.351,1,0.6905,61.642
2026-07-24T20:15:01,2550,15.315,23.055,1,0.7206,61.626
2026-07-24T20:15:02,2551,14.137,23.619,1,0.7237,61.592
2026-07-24T20:15:02,2552,15.637,23.541,1,0.7298,61.542
2026-07-24T20:15:02,2553,15.343,23.347,1,0.7376,61.501
2026-07-24T20:15:02,2554,13.713,24.502,1,0.7365,61.448
2026-07-24T20:15:02,2555,15.954,22.915,1,0.7267,61.426
2026-07-24T20:15:02,2556,14.715,23.566,1,0.717,61.405
2026-07-24T20:15:02,2557,14.636,23.741,1,0.7266,61.42
2026-07-24T20:15:02,2558,15.228,22.959,1,0.7058,61.426
2026-07-24T20:15:02,2559,15.184,23.423,1,0.6925,61.532
2026-07-24T20:15:02,2560,14.594,24.036,1,0.7335,61.802
2026-07-24T20:15:02,2561,15.335,23.626,2,0.5698,62.12
2026-07-24T20:15:02,2562,14.973,23.111,1,0.5809,62.56
2026-07-24T20:15:02,2563,13.922,23.473,0,0.0,63.074
2026-07-24T20:15:02,2564,15.429,24.37,0,0.0,64.311
2026-07-24T20:15:02,2565,15.408,22.714,1,0.5251,64.819
2026-07-24T20:15:03,2566,14.275,23.513,1,0.5181,62.386
2026-07-24T20:15:03,2567,15.429,23.797,1,0.5007,58.113
2026-07-24T20:15:03,2568,16.502,23.73,1,0.413,54.243
2026-07-24T20:15:03,2569,11.985,25.014,0,0.0,52.684
2026-07-24T20:15:03,2570,16.976,24.761,0,0.0,53.169
2026-07-24T20:15:03,2571,15.055,22.654,0,0.0,54.779
2026-07-24T20:15:03,2572,14.762,23.271,0,0.0,57.335
2026-07-24T20:15:03,2573,15.565,22.636,0,0.0,61.932
2026-07-24T20:15:03,2574,15.23,22.257,1,0.3714,67.335
2026-07-24T20:15:03,2575,13.856,23.671,1,0.446,72.701
2026-07-24T20:15:03,2576,15.948,23.736,2,0.589,76.076
2026-07-24T20:15:03,2577,14.775,23.586,1,0.4312,74.624
2026-07-24T20:15:03,2578,14.012,23.811,2,0.4635,74.498
2026-07-24T20:15:03,2579,16.108,22.826,1,0.5396,75.935
2026-07-24T20:15:03,2580,14.889,23.471,1,0.5838,77.831
2026-07-24T20:15:04,2581,14.354,23.647,1,0.6335,79.161
2026-07-24T20:15:04,2582,15.305,23.502,1,0.4374,83.622
2026-07-24T20:15:04,2583,14.808,24.193,2,0.408,89.675
2026-07-24T20:15:04,2584,14.689,23.605,0,0.0,95.39
2026-07-24T20:15:04,2585,15.074,22.868,1,0.5056,93.015
2026-07-24T20:15:04,2586,15.206,23.403,0,0.0,83.876
2026-07-24T20:15:04,2587,14.371,23.456,0,0.0,79.491
2026-07-24T20:15:04,2588,17.15,25.132,0,0.0,78.287
2026-07-24T20:15:04,2589,12.408,24.595,0,0.0,77.853
2026-07-24T20:15:04,2590,15.857,24.385,1,0.5225,77.455
2026-07-24T20:15:04,2591,17.335,23.094,1,0.505,76.827
2026-07-24T20:15:04,2592,12.778,24.359,1,0.4975,75.962
2026-07-24T20:15:04,2593,15.525,23.251,0,0.0,75.262
2026-07-24T20:15:04,2594,15.815,22.877,0,0.0,74.814
2026-07-24T20:15:04,2595,14.599,23.531,0,0.0,74.509
2026-07-24T20:15:05,2596,14.61,23.192,0,0.0,74.193
2026-07-24T20:15:05,2597,15.324,23.442,0,0.0,73.897
2026-07-24T20:15:05,2598,15.083,23.645,0,0.0,73.567
2026-07-24T20:15:05,2599,15.084,23.932,0,0.0,73.128
2026-07-24T20:15:05,2600,14.705,23.538,0,0.0,72.623
2026-07-24T20:15:05,2601,15.071,23.082,0,0.0,72.04
2026-07-24T20:15:05,2602,14.133,23.275,0,0.0,71.552
2026-07-24T20:15:05,2603,15.614,23.112,0,0.0,71.177
2026-07-24T20:15:05,2604,15.023,23.028,0,0.0,71.016
2026-07-24T20:15:05,2605,14.323,23.177,0,0.0,70.863
2026-07-24T20:15:05,2606,14.952,23.874,0,0.0,70.731
2026-07-24T20:15:05,2607,17.343,22.533,0,0.0,70.671
2026-07-24T20:15:05,2608,12.194,24.344,0,0.0,70.653
2026-07-24T20:15:05,2609,18.101,22.352,0,0.0,70.63
2026-07-24T20:15:05,2610,13.854,22.972,0,0.0,70.633
2026-07-24T20:15:06,2611,14.619,23.699,0,0.0,70.719
2026-07-24T20:15:06,2612,15.164,24.424,0,0.0,70.854
2026-07-24T20:15:06,2613,15.675,22.558,0,0.0,71.048
2026-07-24T20:15:06,2614,16.498,24.247,0,0.0,71.269
2026-07-24T20:15:06,2615,11.897,25.371,0,0.0,71.455
2026-07-24T20:15:06,2616,17.378,23.079,0,0.0,71.657
2026-07-24T20:15:06,2617,14.011,23.878,0,0.0,71.864
2026-07-24T20:15:06,2618,15.538,23.689,0,0.0,72.007
2026-07-24T20:15:06,2619,15.092,23.379,0,0.0,72.085
2026-07-24T20:15:06,2620,13.983,24.793,0,0.0,72.152
2026-07-24T20:15:06,2621,15.92,23.483,1,0.541,72.216
2026-07-24T20:15:06,2622,16.582,23.542,0,0.0,72.185
2026-07-24T20:15:06,2623,12.077,24.864,0,0.0,72.17
2026-07-24T20:15:06,2624,17.144,23.92,0,0.0,71.931
2026-07-24T20:15:06,2625,15.463,22.516,0,0.0,71.547
2026-07-24T20:15:07,2626,14.467,23.335,0,0.0,71.535
2026-07-24T20:15:07,2627,14.583,24.036,0,0.0,71.82
2026-07-24T20:15:07,2628,15.592,23.518,0,0.0,72.01
2026-07-24T20:15:07,2629,14.324,23.539,0,0.0,72.057
2026-07-24T20:15:07,2630,15.749,23.38,0,0.0,72.258
2026-07-24T20:15:07,2631,14.476,23.239,0,0.0,72.764
2026-07-24T20:15:07,2632,14.367,23.684,0,0.0,73.459
2026-07-24T20:15:07,2633,15.936,22.607,0,0.0,74.352
2026-07-24T20:15:07,2634,14.659,23.509,0,0.0,75.195
2026-07-24T20:15:07,2635,14.65,22.796,0,0.0,75.777
2026-07-24T20:15:07,2636,15.244,24.42,0,0.0,76.098
2026-07-24T20:15:07,2637,15.348,23.43,0,0.0,76.121
2026-07-24T20:15:07,2638,14.096,23.442,0,0.0,75.899
2026-07-24T20:15:07,2639,15.038,23.57,1,0.3855,75.675
2026-07-24T20:15:08,2640,15.39,23.512,0,0.0,75.548
2026-07-24T20:15:08,2641,14.2,24.422,0,0.0,75.859
2026-07-24T20:15:08,2642,15.878,22.849,1,0.6328,76.57
2026-07-24T20:15:08,2643,14.839,23.31,0,0.0,77.331
2026-07-24T20:15:08,2644,13.899,23.543,0,0.0,78.196
2026-07-24T20:15:08,2645,16.84,24.746,0,0.0,79.237
2026-07-24T20:15:08,2646,12.937,23.739,0,0.0,80.508
2026-07-24T20:15:08,2647,16.044,22.649,0,0.0,82.177
2026-07-24T20:15:08,2648,15.214,23.018,1,0.4198,84.113
2026-07-24T20:15:08,2649,15.359,22.63,1,0.3787,85.8
2026-07-24T20:15:08,2650,14.075,24.37,0,0.0,87.205
2026-07-24T20:15:08,2651,15.376,23.154,1,0.3941,88.29
2026-07-24T20:15:08,2652,15.277,23.136,0,0.0,88.945
2026-07-24T20:15:08,2653,15.342,22.943,2,0.3645,89.163
2026-07-24T20:15:08,2654,13.827,23.709,0,0.0,89.155
2026-07-24T20:15:09,2655,15.488,23.7,0,0.0,88.956
2026-07-24T20:15:09,2656,14.597,22.875,0,0.0,88.771
2026-07-24T20:15:09,2657,15.668,22.657,0,0.0,88.687
2026-07-24T20:15:09,2658,14.64,23.455,0,0.0,88.751
2026-07-24T20:15:09,2659,14.43,23.419,0,0.0,88.861
2026-07-24T20:15:09,2660,15.42,23.414,0,0.0,88.989
2026-07-24T20:15:09,2661,15.284,22.918,0,0.0,89.231
2026-07-24T20:15:09,2662,14.087,23.752,0,0.0,89.523
2026-07-24T20:15:09,2663,15.5,23.311,0,0.0,89.905
2026-07-24T20:15:09,2664,14.929,23.784,0,0.0,90.133
2026-07-24T20:15:09,2665,14.08,24.224,0,0.0,90.148
2026-07-24T20:15:09,2666,16.134,22.714,0,0.0,90.073
2026-07-24T20:15:09,2667,14.517,23.694,0,0.0,89.969
2026-07-24T20:15:09,2668,15.804,24.215,0,0.0,89.74
2026-07-24T20:15:09,2669,13.429,23.88,0,0.0,89.205
2026-07-24T20:15:10,2670,16.23,23.309,1,0.3707,88.433
2026-07-24T20:15:10,2671,14.094,23.835,0,0.0,87.393
2026-07-24T20:15:10,2672,15.694,23.545,0,0.0,86.144
2026-07-24T20:15:10,2673,14.893,23.059,0,0.0,84.804
2026-07-24T20:15:10,2674,14.604,22.562,0,0.0,83.699
2026-07-24T20:15:10,2675,14.695,23.906,0,0.0,83.137
2026-07-24T20:15:10,2676,16.967,23.068,0,0.0,82.791
2026-07-24T20:15:10,2677,12.571,23.515,0,0.0,82.435
2026-07-24T20:15:10,2678,17.522,23.216,1,0.6841,82.431
2026-07-24T20:15:10,2679,14.12,23.494,1,0.6656,82.267
2026-07-24T20:15:10,2680,14.503,23.816,0,0.0,82.095
2026-07-24T20:15:10,2681,15.692,22.691,0,0.0,81.95
2026-07-24T20:15:10,2682,15.001,22.501,0,0.0,81.679
2026-07-24T20:15:10,2683,13.997,23.347,1,0.4385,81.57
2026-07-24T20:15:10,2684,15.981,23.45,0,0.0,81.523
2026-07-24T20:15:11,2685,14.85,23.337,1,0.3977,81.728
2026-07-24T20:15:11,2686,14.074,23.374,1,0.3716,81.622
2026-07-24T20:15:11,2687,15.404,23.273,0,0.0,80.679
2026-07-24T20:15:11,2688,15.08,24.201,0,0.0,77.863
2026-07-24T20:15:11,2689,14.681,23.414,0,0.0,72.995
2026-07-24T20:15:11,2690,15.241,22.814,0,0.0,67.71
2026-07-24T20:15:11,2691,15.994,22.989,1,0.6214,63.242
2026-07-24T20:15:11,2692,12.603,24.873,1,0.5003,54.514
2026-07-24T20:15:11,2693,16.8,23.984,2,0.4433,49.302
2026-07-24T20:15:11,2694,15.07,23.427,1,0.3876,47.626
2026-07-24T20:15:11,2695,14.274,23.876,0,0.0,44.405
2026-07-24T20:15:11,2696,9.479,26.565,0,0.0,57.374
2026-07-24T20:15:11,2697,9.905,27.111,0,0.0,71.315
2026-07-24T20:15:11,2698,10.932,26.986,0,0.0,75.122
2026-07-24T20:15:12,2699,10.563,26.144,0,0.0,78.192
2026-07-24T20:15:12,2700,11.787,25.211,0,0.0,80.172
2026-07-24T20:15:12,2701,11.971,25.597,0,0.0,82.214
2026-07-24T20:15:12,2702,12.002,25.831,0,0.0,82.247
2026-07-24T20:15:12,2703,12.102,24.98,0,0.0,81.609
2026-07-24T20:15:12,2704,12.881,24.668,0,0.0,80.634
2026-07-24T20:15:12,2705,10.728,25.545,0,0.0,79.438
2026-07-24T20:15:12,2706,12.445,24.915,0,0.0,78.473
2026-07-24T20:15:12,2707,11.785,25.795,0,0.0,77.491
2026-07-24T20:15:12,2708,11.964,25.817,0,0.0,76.64
2026-07-24T20:15:12,2709,13.133,24.409,0,0.0,75.965
2026-07-24T20:15:13,2710,11.318,25.072,0,0.0,75.419
2026-07-24T20:15:13,2711,11.322,24.954,0,0.0,74.985
2026-07-24T20:15:13,2712,12.508,25.131,0,0.0,74.611
2026-07-24T20:15:13,2713,11.989,25.209,0,0.0,74.21
2026-07-24T20:15:13,2714,12.415,24.914,0,0.0,73.855
2026-07-24T20:15:13,2715,11.089,25.701,0,0.0,73.518
2026-07-24T20:15:13,2716,13.211,26.552,0,0.0,73.225
2026-07-24T20:15:13,2717,12.707,29.527,0,0.0,72.961
2026-07-24T20:15:13,2718,20.856,23.946,0,0.0,72.848
2026-07-24T20:15:13,2719,13.593,25.864,0,0.0,72.616
2026-07-24T20:15:13,2720,25.303,22.164,0,0.0,72.494
2026-07-24T20:15:13,2721,24.124,21.393,0,0.0,72.38
2026-07-24T20:15:13,2722,22.209,20.937,0,0.0,72.274
2026-07-24T20:15:13,2723,27.459,20.576,0,0.0,72.156
2026-07-24T20:15:13,2724,24.839,20.197,0,0.0,72.054
2026-07-24T20:15:13,2725,22.701,21.034,0,0.0,71.96
2026-07-24T20:15:13,2726,24.66,20.588,0,0.0,71.868
2026-07-24T20:15:14,2727,24.627,21.035,0,0.0,71.79
2026-07-24T20:15:14,2728,28.258,19.849,0,0.0,71.739
2026-07-24T20:15:14,2729,18.951,20.975,0,0.0,71.673
2026-07-24T20:15:14,2730,26.223,20.594,0,0.0,71.614
2026-07-24T20:15:14,2731,23.523,21.362,0,0.0,71.551
2026-07-24T20:15:14,2732,24.484,20.245,0,0.0,71.506
2026-07-24T20:15:14,2733,23.384,21.027,0,0.0,71.468
2026-07-24T20:15:14,2734,24.238,20.912,0,0.0,71.431
2026-07-24T20:15:14,2735,23.406,21.597,0,0.0,71.408
2026-07-24T20:15:14,2736,24.5,21.335,0,0.0,71.384
2026-07-24T20:15:14,2737,23.525,20.786,0,0.0,71.362
2026-07-24T20:15:14,2738,24.001,21.406,0,0.0,71.352
2026-07-24T20:15:14,2739,24.327,21.286,0,0.0,71.35
2026-07-24T20:15:14,2740,23.35,21.103,0,0.0,71.355
2026-07-24T20:15:14,2741,24.394,20.536,0,0.0,71.366
2026-07-24T20:15:14,2742,23.295,21.05,0,0.0,71.381
2026-07-24T20:15:14,2743,24.788,20.889,0,0.0,71.398
2026-07-24T20:15:14,2744,23.094,20.984,0,0.0,71.418
2026-07-24T20:15:14,2745,25.383,19.846,0,0.0,71.433
2026-07-24T20:15:14,2746,21.889,20.729,0,0.0,71.444
2026-07-24T20:15:14,2747,24.732,21.142,0,0.0,71.442
2026-07-24T20:15:14,2748,24.726,21.335,0,0.0,71.434
2026-07-24T20:15:14,2749,22.901,21.16,0,0.0,71.426
2026-07-24T20:15:14,2750,24.501,21.744,0,0.0,71.419
2026-07-24T20:15:15,2751,27.383,21.317,0,0.0,71.413
2026-07-24T20:15:15,2752,20.971,20.384,0,0.0,71.402
2026-07-24T20:15:15,2753,25.638,20.336,0,0.0,71.395
2026-07-24T20:15:15,2754,22.14,20.194,0,0.0,71.391
2026-07-24T20:15:15,2755,25.707,20.207,0,0.0,71.387
2026-07-24T20:15:15,2756,22.432,20.786,0,0.0,71.397
2026-07-24T20:15:15,2757,24.432,21.496,0,0.0,71.395
2026-07-24T20:15:15,2758,23.911,20.429,0,0.0,71.393
2026-07-24T20:15:15,2759,22.982,21.913,0,0.0,71.385
2026-07-24T20:15:15,2760,24.921,21.397,0,0.0,71.377
2026-07-24T20:15:15,2761,23.658,20.845,0,0.0,71.37
2026-07-24T20:15:15,2762,24.891,20.158,0,0.0,71.363
2026-07-24T20:15:15,2763,22.475,21.739,0,0.0,71.346
2026-07-24T20:15:15,2764,25.671,21.352,0,0.0,71.337
2026-07-24T20:15:15,2765,22.461,21.032,0,0.0,71.339
2026-07-24T20:15:15,2766,24.001,21.471,0,0.0,71.335
2026-07-24T20:15:15,2767,23.993,21.509,0,0.0,71.332
2026-07-24T20:15:15,2768,24.088,20.829,0,0.0,71.33
2026-07-24T20:15:15,2769,23.328,21.081,0,0.0,71.325
2026-07-24T20:15:15,2770,26.741,20.448,0,0.0,71.318
2026-07-24T20:15:15,2771,21.671,20.253,0,0.0,71.313
2026-07-24T20:15:15,2772,24.777,20.814,0,0.0,71.308
2026-07-24T20:15:15,2773,23.968,20.828,0,0.0,71.301
2026-07-24T20:15:16,2774,22.741,20.94,0,0.0,71.307
2026-07-24T20:15:16,2775,24.835,20.659,0,0.0,71.323
2026-07-24T20:15:16,2776,25.372,19.818,0,0.0,71.339
2026-07-24T20:15:16,2777,22.502,19.751,0,0.0,71.353
2026-07-24T20:15:16,2778,24.082,20.244,0,0.0,71.368
2026-07-24T20:15:16,2779,23.636,20.283,0,0.0,71.379
2026-07-24T20:15:16,2780,24.817,20.038,0,0.0,71.393
2026-07-24T20:15:16,2781,23.07,20.785,0,0.0,71.558
2026-07-24T20:15:16,2782,24.693,20.34,0,0.0,71.849
2026-07-24T20:15:16,2783,23.303,21.062,0,0.0,72.005
2026-07-24T20:15:16,2784,24.12,20.891,0,0.0,72.093
2026-07-24T20:15:16,2785,24.258,20.144,0,0.0,72.08
2026-07-24T20:15:16,2786,23.283,20.194,0,0.0,69.133
2026-07-24T20:15:16,2787,12.43,23.62,0,0.0,69.857
2026-07-24T20:15:16,2788,16.327,22.738,0,0.0,69.892
2026-07-24T20:15:16,2789,13.803,24.286,0,0.0,69.976
2026-07-24T20:15:16,2790,15.955,23.144,0,0.0,69.963
2026-07-24T20:15:16,2791,13.851,24.184,0,0.0,69.911
2026-07-24T20:15:16,2792,15.639,25.062,0,0.0,69.871
2026-07-24T20:15:16,2793,14.599,24.342,0,0.0,69.745
2026-07-24T20:15:17,2794,15.363,23.159,0,0.0,69.649
2026-07-24T20:15:17,2795,15.579,24.458,0,0.0,69.574
2026-07-24T20:15:17,2796,13.028,24.668,0,0.0,69.473
2026-07-24T20:15:17,2797,16.006,23.741,0,0.0,69.466
2026-07-24T20:15:17,2798,15.379,24.447,0,0.0,69.443
2026-07-24T20:15:17,2799,14.811,22.64,0,0.0,69.399
2026-07-24T20:15:17,2800,15.008,23.439,0,0.0,69.311
2026-07-24T20:15:17,2801,14.759,23.411,0,0.0,69.192
2026-07-24T20:15:17,2802,15.003,23.741,0,0.0,69.074
2026-07-24T20:15:17,2803,15.588,22.97,0,0.0,68.925
2026-07-24T20:15:17,2804,13.616,24.309,0,0.0,68.798
2026-07-24T20:15:17,2805,18.48,23.249,0,0.0,68.679
2026-07-24T20:15:17,2806,11.47,27.334,0,0.0,68.539
2026-07-24T20:15:17,2807,16.992,24.112,0,0.0,68.331
2026-07-24T20:15:17,2808,16.584,22.129,0,0.0,68.155
2026-07-24T20:15:18,2809,13.96,23.735,0,0.0,67.983
2026-07-24T20:15:18,2810,15.866,23.178,0,0.0,67.754
2026-07-24T20:15:18,2811,14.352,23.209,0,0.0,67.591
2026-07-24T20:15:18,2812,15.104,22.911,0,0.0,67.422
2026-07-24T20:15:18,2813,14.312,24.448,0,0.0,67.245
2026-07-24T20:15:18,2814,15.981,22.469,0,0.0,67.13
2026-07-24T20:15:18,2815,13.862,23.382,0,0.0,67.041
2026-07-24T20:15:18,2816,16.05,22.472,0,0.0,66.991
2026-07-24T20:15:18,2817,14.004,23.892,0,0.0,66.95
2026-07-24T20:15:18,2818,17.4,23.503,0,0.0,66.879
2026-07-24T20:15:18,2819,12.624,24.106,0,0.0,66.834
2026-07-24T20:15:18,2820,16.712,22.83,0,0.0,66.81
2026-07-24T20:15:18,2821,13.916,23.841,0,0.0,66.782
2026-07-24T20:15:18,2822,15.69,23.887,0,0.0,66.753
2026-07-24T20:15:18,2823,14.496,24.021,0,0.0,66.755
2026-07-24T20:15:19,2824,15.254,23.286,0,0.0,66.781
2026-07-24T20:15:19,2825,14.48,23.776,0,0.0,66.794
2026-07-24T20:15:19,2826,17.188,23.339,0,0.0,66.799
2026-07-24T20:15:19,2827,12.398,24.121,0,0.0,66.797
2026-07-24T20:15:19,2828,17.024,22.96,0,0.0,66.805
2026-07-24T20:15:19,2829,14.063,24.414,0,0.0,66.822
2026-07-24T20:15:19,2830,15.484,24.23,0,0.0,66.825
2026-07-24T20:15:19,2831,16.03,22.692,0,0.0,66.832
2026-07-24T20:15:19,2832,13.526,24.45,0,0.0,66.842
2026-07-24T20:15:19,2833,15.862,23.21,0,0.0,66.844
2026-07-24T20:15:19,2834,15.22,23.612,0,0.0,66.866
2026-07-24T20:15:19,2835,13.802,24.925,0,0.0,66.875
2026-07-24T20:15:19,2836,16.026,23.74,0,0.0,66.879
2026-07-24T20:15:19,2837,14.138,23.392,0,0.0,66.884
2026-07-24T20:15:19,2838,15.827,22.745,0,0.0,66.874
2026-07-24T20:15:20,2839,13.79,23.245,0,0.0,66.843
2026-07-24T20:15:20,2840,15.683,23.857,0,0.0,66.828
2026-07-24T20:15:20,2841,15.848,23.52,0,0.0,66.821
2026-07-24T20:15:20,2842,13.192,23.74,0,0.0,66.824
2026-07-24T20:15:20,2843,16.733,23.207,0,0.0,66.803
2026-07-24T20:15:20,2844,13.747,23.516,0,0.0,66.78
2026-07-24T20:15:20,2845,15.577,23.847,0,0.0,66.769
2026-07-24T20:15:20,2846,14.983,23.274,0,0.0,66.755
2026-07-24T20:15:20,2847,14.808,22.655,0,0.0,66.746
2026-07-24T20:15:20,2848,15.085,23.043,0,0.0,66.742
2026-07-24T20:15:20,2849,15.648,23.504,0,0.0,66.738
2026-07-24T20:15:20,2850,14.551,24.27,0,0.0,66.733
2026-07-24T20:15:20,2851,14.107,23.949,0,0.0,66.711
2026-07-24T20:15:20,2852,15.727,23.679,0,0.0,66.694
2026-07-24T20:15:21,2853,14.39,23.042,0,0.0,66.667
2026-07-24T20:15:21,2854,15.212,22.961,0,0.0,66.644
2026-07-24T20:15:21,2855,14.645,23.276,0,0.0,66.648
2026-07-24T20:15:21,2856,15.274,23.207,0,0.0,66.665
2026-07-24T20:15:21,2857,15.228,22.93,0,0.0,66.664
2026-07-24T20:15:21,2858,13.966,24.122,0,0.0,66.66
2026-07-24T20:15:21,2859,15.684,23.421,0,0.0,66.645
2026-07-24T20:15:21,2860,14.755,23.336,0,0.0,66.668
2026-07-24T20:15:21,2861,15.36,23.821,0,0.0,66.671
2026-07-24T20:15:21,2862,14.448,23.466,0,0.0,66.673
2026-07-24T20:15:21,2863,14.932,22.81,0,0.0,66.606
2026-07-24T20:15:21,2864,15.227,23.293,0,0.0,66.552
2026-07-24T20:15:21,2865,16.095,22.969,0,0.0,66.474
2026-07-24T20:15:21,2866,12.528,24.771,0,0.0,66.451
2026-07-24T20:15:21,2867,18.297,22.479,0,0.0,66.454
2026-07-24T20:15:22,2868,13.461,23.789,0,0.0,66.457
2026-07-24T20:15:22,2869,15.617,23.212,0,0.0,66.443
2026-07-24T20:15:22,2870,14.7,22.823,0,0.0,66.425
2026-07-24T20:15:22,2871,14.822,22.737,0,0.0,66.399
2026-07-24T20:15:22,2872,16.336,22.832,0,0.0,66.402
2026-07-24T20:15:22,2873,12.586,25.802,0,0.0,66.41
2026-07-24T20:15:22,2874,17.161,22.546,0,0.0,66.418
2026-07-24T20:15:22,2875,14.141,23.82,0,0.0,66.432
2026-07-24T20:15:22,2876,15.997,23.148,0,0.0,66.447
2026-07-24T20:15:22,2877,13.833,23.489,0,0.0,66.479
2026-07-24T20:15:22,2878,14.918,23.94,0,0.0,66.499
2026-07-24T20:15:22,2879,15.871,23.918,0,0.0,66.507
2026-07-24T20:15:22,2880,15.574,23.568,0,0.0,66.509
2026-07-24T20:15:22,2881,13.005,25.148,0,0.0,66.51
2026-07-24T20:15:22,2882,16.978,23.315,0,0.0,66.513
2026-07-24T20:15:23,2883,13.72,24.28,0,0.0,66.506
2026-07-24T20:15:23,2884,16.031,23.189,0,0.0,66.506
2026-07-24T20:15:23,2885,14.334,23.983,0,0.0,66.502
2026-07-24T20:15:23,2886,15.675,23.43,0,0.0,66.498
2026-07-24T20:15:23,2887,14.046,24.011,0,0.0,66.501
2026-07-24T20:15:23,2888,16.22,23.588,0,0.0,66.515
2026-07-24T20:15:23,2889,13.56,25.04,0,0.0,66.494
2026-07-24T20:15:23,2890,15.028,24.649,0,0.0,66.486
2026-07-24T20:15:23,2891,16.158,22.439,0,0.0,66.489
2026-07-24T20:15:23,2892,14.021,24.194,0,0.0,66.488
2026-07-24T20:15:23,2893,15.657,23.497,0,0.0,66.499
2026-07-24T20:15:23,2894,14.539,24.267,0,0.0,66.502
2026-07-24T20:15:23,2895,16.668,24.021,0,0.0,66.47
2026-07-24T20:15:23,2896,12.935,24.182,0,0.0,66.438
2026-07-24T20:15:23,2897,16.751,22.92,0,0.0,66.416
2026-07-24T20:15:24,2898,13.9,24.36,0,0.0,66.397
2026-07-24T20:15:24,2899,15.885,22.911,0,0.0,66.37
2026-07-24T20:15:24,2900,14.052,23.812,0,0.0,66.369
2026-07-24T20:15:24,2901,15.88,23.037,0,0.0,66.395
2026-07-24T20:15:24,2902,13.992,23.622,0,0.0,66.447
2026-07-24T20:15:24,2903,17.361,24.259,0,0.0,66.482
2026-07-24T20:15:24,2904,12.562,24.637,0,0.0,66.477
2026-07-24T20:15:24,2905,16.772,23.046,0,0.0,66.427
2026-07-24T20:15:24,2906,14.424,23.931,0,0.0,66.367
2026-07-24T20:15:24,2907,15.174,23.079,0,0.0,66.309
2026-07-24T20:15:24,2908,14.491,22.989,0,0.0,66.339
2026-07-24T20:15:24,2909,15.451,23.785,0,0.0,66.372
2026-07-24T20:15:24,2910,14.536,23.368,0,0.0,66.393
2026-07-24T20:15:24,2911,15.933,23.212,0,0.0,66.395
2026-07-24T20:15:24,2912,13.456,23.715,0,0.0,66.384
2026-07-24T20:15:25,2913,16.572,22.581,0,0.0,66.376
2026-07-24T20:15:25,2914,14.011,22.795,0,0.0,66.357
2026-07-24T20:15:25,2915,15.321,23.805,0,0.0,66.337
2026-07-24T20:15:25,2916,14.811,23.424,0,0.0,66.321
2026-07-24T20:15:25,2917,15.02,23.19,0,0.0,66.3
2026-07-24T20:15:25,2918,15.545,23.133,0,0.0,66.27
2026-07-24T20:15:25,2919,14.271,23.995,0,0.0,66.256
2026-07-24T20:15:25,2920,14.998,22.731,0,0.0,66.234
2026-07-24T20:15:25,2921,14.89,23.322,0,0.0,66.221
2026-07-24T20:15:25,2922,14.909,22.765,0,0.0,66.203
2026-07-24T20:15:25,2923,14.764,24.389,0,0.0,66.173
2026-07-24T20:15:25,2924,15.555,23.837,0,0.0,66.154
2026-07-24T20:15:25,2925,14.039,24.224,0,0.0,66.121
2026-07-24T20:15:25,2926,16.848,23.898,0,0.0,66.098
2026-07-24T20:15:25,2927,12.923,24.523,0,0.0,66.079
2026-07-24T20:15:26,2928,16.634,23.105,0,0.0,66.067
2026-07-24T20:15:26,2929,14.108,23.651,0,0.0,66.028
2026-07-24T20:15:26,2930,15.863,23.428,0,0.0,65.958
2026-07-24T20:15:26,2931,14.231,23.75,0,0.0,65.896
2026-07-24T20:15:26,2932,15.317,23.663,0,0.0,65.834
2026-07-24T20:15:26,2933,14.726,23.659,0,0.0,65.755
2026-07-24T20:15:26,2934,16.093,22.424,0,0.0,65.574
2026-07-24T20:15:26,2935,13.008,23.976,0,0.0,65.378
2026-07-24T20:15:26,2936,16.791,23.281,0,0.0,65.143
2026-07-24T20:15:26,2937,14.226,23.808,0,0.0,64.956
2026-07-24T20:15:26,2938,15.479,22.389,0,0.0,64.708
2026-07-24T20:15:26,2939,14.511,24.256,0,0.0,64.542
2026-07-24T20:15:26,2940,15.43,23.246,0,0.0,64.33
2026-07-24T20:15:26,2941,14.428,23.156,0,0.0,64.124
2026-07-24T20:15:26,2942,15.753,23.369,0,0.0,63.865
2026-07-24T20:15:27,2943,14.076,23.758,0,0.0,63.537
2026-07-24T20:15:27,2944,15.563,23.694,0,0.0,63.19
2026-07-24T20:15:27,2945,14.52,23.475,0,0.0,62.719
2026-07-24T20:15:27,2946,15.302,22.843,0,0.0,62.337
2026-07-24T20:15:27,2947,14.348,23.484,0,0.0,61.956
2026-07-24T20:15:27,2948,15.582,24.192,0,0.0,61.762
2026-07-24T20:15:27,2949,15.44,24.337,1,0.4007,61.787
2026-07-24T20:15:27,2950,13.605,24.232,0,0.0,59.917
2026-07-24T20:15:27,2951,15.637,22.955,0,0.0,57.885
2026-07-24T20:15:27,2952,14.841,23.584,1,0.3555,56.182
2026-07-24T20:15:27,2953,14.71,23.273,0,0.0,54.734
2026-07-24T20:15:27,2954,15.261,22.937,0,0.0,53.148
2026-07-24T20:15:27,2955,15.616,24.339,1,0.4464,51.829
2026-07-24T20:15:27,2956,12.813,25.48,1,0.3736,50.916
2026-07-24T20:15:27,2957,17.664,23.779,1,0.4585,50.307
2026-07-24T20:15:28,2958,10.785,26.905,1,0.4578,48.58
2026-07-24T20:15:28,2959,12.947,24.053,0,0.0,49.63
2026-07-24T20:15:28,2960,11.779,24.686,1,0.7466,50.854
2026-07-24T20:15:28,2961,12.139,24.748,1,0.7602,51.295
2026-07-24T20:15:28,2962,11.823,25.561,1,0.7248,51.539
2026-07-24T20:15:28,2963,12.895,25.563,1,0.6144,51.62
2026-07-24T20:15:28,2964,10.743,25.749,1,0.6801,51.777
2026-07-24T20:15:28,2965,12.28,25.878,1,0.6627,51.92
2026-07-24T20:15:28,2966,12.854,25.318,1,0.6295,52.034
2026-07-24T20:15:28,2967,11.366,24.894,1,0.6632,52.141
2026-07-24T20:15:28,2968,11.707,25.658,1,0.6511,52.216
2026-07-24T20:15:28,2969,12.137,25.897,1,0.6116,52.292
2026-07-24T20:15:29,2970,11.952,25.254,1,0.6006,52.337
2026-07-24T20:15:29,2971,12.337,25.015,1,0.605,52.382
2026-07-24T20:15:29,2972,11.344,26.788,1,0.6009,52.392
2026-07-24T20:15:29,2973,12.249,25.456,1,0.6379,52.342
2026-07-24T20:15:29,2974,11.648,25.198,1,0.6398,52.314
2026-07-24T20:15:29,2975,12.064,25.121,1,0.6292,52.316
2026-07-24T20:15:29,2976,12.434,25.531,1,0.711,52.27
2026-07-24T20:15:29,2977,11.369,26.761,1,0.6846,52.176
2026-07-24T20:15:29,2978,13.357,24.257,1,0.5941,52.105
2026-07-24T20:15:29,2979,10.993,26.212,1,0.6078,52.024
2026-07-24T20:15:29,2980,11.929,26.467,1,0.661,51.874
2026-07-24T20:15:29,2981,11.857,26.104,1,0.6147,51.701
2026-07-24T20:15:30,2982,13.52,25.088,1,0.7202,51.51
2026-07-24T20:15:30,2983,10.46,25.781,1,0.612,51.358
2026-07-24T20:15:30,2984,13.482,24.522,1,0.5954,51.247
2026-07-24T20:15:30,2985,10.91,25.553,1,0.6547,51.161
2026-07-24T20:15:30,2986,12.904,25.233,1,0.7358,51.082
2026-07-24T20:15:30,2987,11.193,26.126,1,0.7458,50.886
2026-07-24T20:15:30,2988,12.711,25.942,1,0.6672,50.754
2026-07-24T20:15:30,2989,11.05,26.796,1,0.6277,50.641
2026-07-24T20:15:30,2990,12.319,24.736,1,0.6325,50.543
2026-07-24T20:15:30,2991,12.509,25.895,1,0.6328,50.369
2026-07-24T20:15:30,2992,11.997,25.515,1,0.5977,50.192
2026-07-24T20:15:30,2993,11.137,25.192,1,0.6688,50.048
2026-07-24T20:15:31,2994,13.482,25.199,1,0.5939,49.926
2026-07-24T20:15:31,2995,10.666,25.957,1,0.6565,49.847
2026-07-24T20:15:31,2996,12.383,26.039,1,0.7309,49.909
2026-07-24T20:15:31,2997,12.043,25.298,1,0.6219,49.766
2026-07-24T20:15:31,2998,11.803,24.962,1,0.5379,49.589
2026-07-24T20:15:31,2999,12.244,24.252,1,0.5203,49.664
2026-07-24T20:15:31,3000,12.075,26.508,2,0.5386,50.054
2026-07-24T20:15:31,3001,11.455,27.159,2,0.5345,50.639
2026-07-24T20:15:31,3002,12.514,25.497,2,0.4431,51.244
2026-07-24T20:15:31,3003,11.258,26.065,1,0.48,51.273
2026-07-24T20:15:31,3004,13.353,24.966,2,0.425,51.013
2026-07-24T20:15:31,3005,10.767,25.758,2,0.4134,50.982
2026-07-24T20:15:32,3006,12.389,25.548,2,0.5042,50.977
2026-07-24T20:15:32,3007,13.178,24.594,1,0.5937,51.07
2026-07-24T20:15:32,3008,10.574,25.856,1,0.5005,51.114
2026-07-24T20:15:32,3009,12.591,25.154,1,0.5055,51.099
2026-07-24T20:15:32,3010,11.673,25.773,1,0.6029,51.116
2026-07-24T20:15:32,3011,12.612,24.755,1,0.6017,51.044
2026-07-24T20:15:32,3012,12.011,25.237,1,0.6823,51.021
2026-07-24T20:15:32,3013,11.554,25.361,1,0.6747,50.989
2026-07-24T20:15:32,3014,11.516,25.698,1,0.7119,50.955
2026-07-24T20:15:32,3015,12.389,24.832,1,0.7483,50.985
2026-07-24T20:15:32,3016,12.637,24.233,2,0.5817,50.952
2026-07-24T20:15:32,3017,11.2,25.545,1,0.3853,50.828
2026-07-24T20:15:33,3018,12.01,25.138,3,0.4843,50.869
2026-07-24T20:15:33,3019,13.056,24.933,1,0.5741,51.014
2026-07-24T20:15:33,3020,10.522,26.323,2,0.4822,51.277
2026-07-24T20:15:33,3021,12.661,25.246,2,0.5677,51.444
2026-07-24T20:15:33,3022,12.338,26.235,3,0.5089,51.463
2026-07-24T20:15:33,3023,11.219,24.817,1,0.7117,51.487
2026-07-24T20:15:33,3024,12.243,26.077,2,0.5658,51.578
2026-07-24T20:15:33,3025,13.301,25.734,2,0.5725,51.637
2026-07-24T20:15:33,3026,10.561,26.312,2,0.5703,51.639
2026-07-24T20:15:33,3027,13.42,23.942,2,0.5605,51.63
2026-07-24T20:15:33,3028,10.722,24.996,2,0.5411,51.642
2026-07-24T20:15:33,3029,13.144,25.718,2,0.5803,51.647
2026-07-24T20:15:34,3030,10.917,25.305,2,0.6289,51.643
2026-07-24T20:15:34,3031,14.221,25.506,2,0.6177,51.657
2026-07-24T20:15:34,3032,11.321,25.67,2,0.6058,51.655
2026-07-24T20:15:34,3033,10.812,26.309,1,0.6895,51.648
2026-07-24T20:15:34,3034,12.727,26.425,2,0.5946,51.602
2026-07-24T20:15:34,3035,11.419,27.013,2,0.5862,51.592
2026-07-24T20:15:34,3036,13.149,25.421,1,0.6776,51.577
2026-07-24T20:15:34,3037,11.067,27.153,1,0.6688,51.558
2026-07-24T20:15:34,3038,13.324,25.743,1,0.6154,51.534
2026-07-24T20:15:34,3039,10.352,27.367,2,0.5211,51.497
2026-07-24T20:15:34,3040,13.893,24.597,2,0.5323,51.459
2026-07-24T20:15:35,3041,10.878,26.454,1,0.7303,51.434
2026-07-24T20:15:35,3042,12.644,24.636,1,0.7365,51.386
2026-07-24T20:15:35,3043,11.448,27.186,1,0.6602,51.236
2026-07-24T20:15:35,3044,12.437,25.856,1,0.6248,51.219
2026-07-24T20:15:35,3045,11.717,26.166,2,0.5454,51.158
2026-07-24T20:15:35,3046,12.562,24.964,1,0.6485,51.135
2026-07-24T20:15:35,3047,11.468,25.207,2,0.5372,51.143
2026-07-24T20:15:35,3048,12.01,25.577,2,0.5805,51.162
2026-07-24T20:15:35,3049,11.607,26.606,2,0.574,51.179
2026-07-24T20:15:35,3050,13.0,25.227,1,0.7568,51.197
2026-07-24T20:15:35,3051,10.881,26.607,1,0.746,51.217
2026-07-24T20:15:35,3052,16.202,23.535,2,0.5958,51.205
2026-07-24T20:15:35,3053,24.423,22.109,2,0.5482,51.211
2026-07-24T20:15:35,3054,25.533,20.737,2,0.5888,51.187
2026-07-24T20:15:36,3055,23.748,21.689,1,0.7335,51.116
2026-07-24T20:15:36,3056,22.803,21.004,1,0.7183,51.014
2026-07-24T20:15:36,3057,23.857,21.314,1,0.717,50.855
2026-07-24T20:15:36,3058,24.394,20.467,1,0.709,50.621
2026-07-24T20:15:36,3059,24.117,20.45,2,0.536,50.385
2026-07-24T20:15:36,3060,23.973,21.305,1,0.4254,50.233
2026-07-24T20:15:36,3061,26.612,20.988,1,0.5551,50.089
2026-07-24T20:15:36,3062,20.148,20.679,1,0.5607,49.993
2026-07-24T20:15:36,3063,25.42,20.564,1,0.571,49.896
2026-07-24T20:15:36,3064,23.813,20.89,1,0.6511,49.836
2026-07-24T20:15:36,3065,22.434,25.552,1,0.6866,49.787
2026-07-24T20:15:36,3066,25.111,22.249,1,0.7359,49.739
2026-07-24T20:15:36,3067,23.948,22.286,1,0.7361,49.723
2026-07-24T20:15:36,3068,23.729,21.73,1,0.6999,49.686
2026-07-24T20:15:36,3069,23.653,21.428,1,0.6596,49.659
2026-07-24T20:15:36,3070,23.432,22.187,1,0.6345,49.652
2026-07-24T20:15:36,3071,24.082,22.091,1,0.6376,49.676
2026-07-24T20:15:36,3072,26.491,21.663,1,0.6507,49.695
2026-07-24T20:15:36,3073,21.895,21.117,1,0.6312,49.694
2026-07-24T20:15:36,3074,24.232,21.507,1,0.6826,49.713
2026-07-24T20:15:36,3075,23.835,21.547,1,0.675,49.723
2026-07-24T20:15:36,3076,23.555,21.927,1,0.6962,49.738
2026-07-24T20:15:36,3077,24.509,21.607,1,0.5786,49.749
2026-07-24T20:15:36,3078,24.007,21.306,1,0.656,49.808
2026-07-24T20:15:37,3079,23.63,21.664,1,0.6563,49.868
2026-07-24T20:15:37,3080,23.777,21.722,1,0.6145,49.943
2026-07-24T20:15:37,3081,23.73,21.431,1,0.6527,49.975
2026-07-24T20:15:37,3082,24.391,21.34,1,0.6641,49.996
2026-07-24T20:15:37,3083,23.534,21.798,1,0.6049,50.02
2026-07-24T20:15:37,3084,24.936,21.52,1,0.5489,50.024
2026-07-24T20:15:37,3085,24.202,21.639,1,0.439,50.042
2026-07-24T20:15:37,3086,22.58,21.467,1,0.5008,50.048
2026-07-24T20:15:37,3087,24.814,21.197,1,0.5827,50.06
2026-07-24T20:15:37,3088,23.507,21.466,1,0.6426,50.1
2026-07-24T20:15:37,3089,23.811,21.713,1,0.644,50.105
2026-07-24T20:15:37,3090,23.967,21.394,1,0.6471,50.104
2026-07-24T20:15:37,3091,23.792,21.773,1,0.6287,50.13
2026-07-24T20:15:37,3092,24.504,21.293,1,0.6155,50.194
2026-07-24T20:15:37,3093,23.429,21.105,1,0.6161,50.321
2026-07-24T20:15:37,3094,23.496,21.615,1,0.6034,50.377
2026-07-24T20:15:37,3095,24.601,21.391,1,0.6074,50.462
2026-07-24T20:15:37,3096,23.269,22.13,1,0.5306,50.557
2026-07-24T20:15:37,3097,9.503,25.389,0,0.0,50.714
2026-07-24T20:15:37,3098,13.622,24.191,0,0.0,50.843
2026-07-24T20:15:38,3099,10.896,25.291,1,0.4869,50.929
2026-07-24T20:15:38,3100,12.031,26.035,1,0.3693,51.009
2026-07-24T20:15:38,3101,11.932,24.71,0,0.0,51.071
2026-07-24T20:15:38,3102,12.093,25.484,0,0.0,51.167
2026-07-24T20:15:38,3103,12.11,24.289,1,0.372,51.237
2026-07-24T20:15:38,3104,12.478,24.56,1,0.4242,51.177
2026-07-24T20:15:38,3105,10.88,24.58,2,0.4901,51.159
2026-07-24T20:15:38,3106,12.751,24.06,2,0.5269,51.267
2026-07-24T20:15:38,3107,11.502,25.813,1,0.6402,51.348
2026-07-24T20:15:38,3108,11.965,26.008,1,0.7795,51.482
2026-07-24T20:15:38,3109,12.985,25.418,1,0.7422,51.479
2026-07-24T20:15:38,3110,10.585,26.498,1,0.7019,51.422
2026-07-24T20:15:39,3111,12.418,25.918,1,0.7203,51.348
2026-07-24T20:15:39,3112,12.182,24.741,1,0.6891,51.32
2026-07-24T20:15:39,3113,12.908,23.028,1,0.697,51.376
2026-07-24T20:15:39,3114,11.198,24.982,1,0.7041,51.425
2026-07-24T20:15:39,3115,12.675,26.329,1,0.6999,51.413
2026-07-24T20:15:39,3116,10.645,26.044,1,0.6295,51.421
2026-07-24T20:15:39,3117,13.663,25.149,2,0.51,51.483
2026-07-24T20:15:39,3118,11.081,24.671,2,0.5688,51.535
2026-07-24T20:15:39,3119,13.158,23.578,2,0.6044,51.642
2026-07-24T20:15:39,3120,10.501,26.163,2,0.5969,51.693
2026-07-24T20:15:39,3121,14.699,25.35,2,0.536,51.705
2026-07-24T20:15:39,3122,10.177,26.05,2,0.5433,51.746
2026-07-24T20:15:40,3123,14.108,23.483,1,0.6526,51.836
2026-07-24T20:15:40,3124,10.809,25.545,1,0.7191,51.907
2026-07-24T20:15:40,3125,11.872,25.864,1,0.655,51.975
2026-07-24T20:15:40,3126,11.934,25.483,1,0.5913,51.959
2026-07-24T20:15:40,3127,12.305,26.568,1,0.5858,51.822
2026-07-24T20:15:40,3128,11.773,24.784,1,0.6642,51.458
2026-07-24T20:15:40,3129,12.018,24.6,1,0.5749,51.169
2026-07-24T20:15:40,3130,11.542,25.836,1,0.6135,51.066
2026-07-24T20:15:40,3131,12.349,25.814,1,0.6692,50.94
2026-07-24T20:15:40,3132,11.791,25.785,1,0.5966,50.834
2026-07-24T20:15:40,3133,13.019,24.893,1,0.6091,50.788
2026-07-24T20:15:40,3134,11.245,24.772,1,0.5784,50.811
2026-07-24T20:15:41,3135,11.858,25.044,2,0.532,50.847
2026-07-24T20:15:41,3136,11.921,24.603,1,0.5574,50.851
2026-07-24T20:15:41,3137,12.127,24.429,1,0.51,50.878
2026-07-24T20:15:41,3138,11.74,25.376,1,0.6015,50.853
2026-07-24T20:15:41,3139,13.005,23.622,1,0.5349,50.785
2026-07-24T20:15:41,3140,10.708,25.804,1,0.5274,50.726
2026-07-24T20:15:41,3141,12.872,25.007,1,0.5288,50.577
2026-07-24T20:15:41,3142,11.052,26.051,1,0.5605,50.527
2026-07-24T20:15:41,3143,13.234,25.018,1,0.5106,50.457
2026-07-24T20:15:41,3144,11.518,23.869,1,0.471,50.369
2026-07-24T20:15:41,3145,11.602,25.47,1,0.505,50.503
2026-07-24T20:15:41,3146,13.2,24.982,2,0.5148,50.547
2026-07-24T20:15:42,3147,10.656,25.042,1,0.5603,50.692
2026-07-24T20:15:42,3148,13.573,24.873,1,0.463,50.757
2026-07-24T20:15:42,3149,11.107,25.584,1,0.442,50.809
2026-07-24T20:15:42,3150,11.672,25.254,1,0.4138,50.906
2026-07-24T20:15:42,3151,11.869,25.83,2,0.3665,50.969
2026-07-24T20:15:42,3152,13.322,24.303,2,0.4624,50.974
2026-07-24T20:15:42,3153,10.786,25.371,1,0.4872,50.93
2026-07-24T20:15:42,3154,12.183,26.074,1,0.4938,50.879
2026-07-24T20:15:42,3155,12.071,24.899,1,0.4282,50.912
2026-07-24T20:15:42,3156,11.777,25.879,1,0.496,50.906
2026-07-24T20:15:42,3157,11.765,26.532,1,0.4787,50.953
2026-07-24T20:15:42,3158,13.632,25.064,1,0.4119,51.013
2026-07-24T20:15:43,3159,10.926,25.459,2,0.441,51.172
2026-07-24T20:15:43,3160,11.866,25.871,1,0.5353,51.173
2026-07-24T20:15:43,3161,11.793,25.663,2,0.52,51.263
2026-07-24T20:15:43,3162,12.385,25.243,1,0.5245,51.34
2026-07-24T20:15:43,3163,11.895,25.456,2,0.5293,51.644
2026-07-24T20:15:43,3164,13.499,24.472,1,0.4877,52.089
2026-07-24T20:15:43,3165,10.424,24.738,1,0.4381,52.414
2026-07-24T20:15:43,3166,12.92,24.18,2,0.5381,52.714
2026-07-24T20:15:43,3167,11.133,24.958,0,0.0,52.932
2026-07-24T20:15:43,3168,12.51,29.574,1,0.4177,53.023
2026-07-24T20:15:43,3169,15.953,23.855,1,0.5132,53.104
2026-07-24T20:15:43,3170,9.963,29.077,1,0.5189,53.181
2026-07-24T20:15:44,3171,11.437,26.401,1,0.5973,53.249
2026-07-24T20:15:44,3172,12.925,27.384,1,0.6436,53.256
2026-07-24T20:15:44,3173,14.759,22.828,1,0.5747,53.227
2026-07-24T20:15:44,3174,22.474,21.645,1,0.5988,53.21
2026-07-24T20:15:44,3175,24.562,21.989,1,0.6611,53.155
2026-07-24T20:15:44,3176,24.161,20.72,1,0.6724,53.135
2026-07-24T20:15:44,3177,22.859,21.642,1,0.6786,53.12
2026-07-24T20:15:44,3178,24.247,21.59,1,0.6743,53.083
2026-07-24T20:15:44,3179,23.267,20.834,2,0.5342,53.07
2026-07-24T20:15:44,3180,9.513,25.844,1,0.6708,52.975
2026-07-24T20:15:44,3181,12.983,24.378,1,0.6362,52.854
2026-07-24T20:15:44,3182,11.189,24.94,2,0.5902,52.781
2026-07-24T20:15:44,3183,11.875,25.112,2,0.6449,52.838
2026-07-24T20:15:44,3184,10.748,35.088,2,0.6022,52.85
2026-07-24T20:15:44,3185,16.148,22.694,2,0.5776,52.76
2026-07-24T20:15:45,3186,11.191,25.136,2,0.5644,52.647
2026-07-24T20:15:45,3187,11.105,25.768,2,0.5886,52.653
2026-07-24T20:15:45,3188,11.722,25.702,1,0.6403,52.641
2026-07-24T20:15:45,3189,12.119,25.682,1,0.6679,52.59
2026-07-24T20:15:45,3190,11.819,25.821,1,0.7227,52.539
2026-07-24T20:15:45,3191,12.188,25.779,1,0.7106,52.424
2026-07-24T20:15:45,3192,12.779,25.973,1,0.7287,52.279
2026-07-24T20:15:45,3193,10.472,26.46,1,0.7535,52.179
2026-07-24T20:15:45,3194,12.947,24.78,1,0.7622,52.105
2026-07-24T20:15:45,3195,11.946,25.055,1,0.737,52.064
2026-07-24T20:15:45,3196,11.919,25.204,1,0.79,52.012
2026-07-24T20:15:45,3197,12.97,23.903,2,0.5711,51.967
2026-07-24T20:15:46,3198,11.092,26.506,1,0.759,51.924
2026-07-24T20:15:46,3199,11.79,25.351,1,0.7664,51.908
2026-07-24T20:15:46,3200,12.165,25.094,1,0.738,51.897
2026-07-24T20:15:46,3201,11.979,25.341,1,0.7391,51.943
2026-07-24T20:15:46,3202,12.242,25.183,1,0.6947,52.019
2026-07-24T20:15:46,3203,11.242,26.018,1,0.5474,52.151
2026-07-24T20:15:46,3204,12.876,24.709,1,0.6696,52.201
2026-07-24T20:15:46,3205,11.442,25.672,1,0.5979,52.257
2026-07-24T20:15:46,3206,12.458,25.633,1,0.5307,52.374
2026-07-24T20:15:46,3207,11.991,24.947,1,0.6564,52.428
2026-07-24T20:15:46,3208,11.354,24.789,1,0.7074,52.475
2026-07-24T20:15:46,3209,12.015,26.019,1,0.7089,52.473
2026-07-24T20:15:47,3210,12.138,25.439,1,0.7061,52.499
2026-07-24T20:15:47,3211,11.904,25.672,1,0.6556,52.505
2026-07-24T20:15:47,3212,11.829,26.208,1,0.665,52.496
2026-07-24T20:15:47,3213,12.044,25.449,1,0.6453,52.476
2026-07-24T20:15:47,3214,11.59,25.521,1,0.6643,52.453
2026-07-24T20:15:47,3215,12.502,25.318,1,0.6616,52.45
2026-07-24T20:15:47,3216,11.679,25.802,1,0.722,52.442
2026-07-24T20:15:47,3217,13.274,23.903,1,0.7328,52.363
2026-07-24T20:15:47,3218,10.459,25.671,1,0.6555,52.139
2026-07-24T20:15:47,3219,13.3,25.951,1,0.6954,51.896
2026-07-24T20:15:47,3220,11.062,25.434,1,0.6412,51.731
2026-07-24T20:15:47,3221,13.531,23.545,1,0.5207,51.716
2026-07-24T20:15:48,3222,10.996,25.975,1,0.5358,51.685
2026-07-24T20:15:48,3223,12.773,25.456,1,0.6068,51.701
2026-07-24T20:15:48,3224,10.827,26.174,1,0.6069,51.762
2026-07-24T20:15:48,3225,12.547,25.944,1,0.6408,51.754
2026-07-24T20:15:48,3226,12.114,25.155,1,0.632,51.684
2026-07-24T20:15:48,3227,12.665,23.802,1,0.6155,51.668
2026-07-24T20:15:48,3228,10.758,25.553,1,0.5756,51.58
2026-07-24T20:15:48,3229,13.557,26.286,1,0.5813,51.607
2026-07-24T20:15:48,3230,10.716,25.74,1,0.5638,51.528
2026-07-24T20:15:48,3231,12.882,25.314,1,0.5917,51.53
2026-07-24T20:15:48,3232,12.406,24.291,3,0.4001,51.797
2026-07-24T20:15:48,3233,10.628,25.798,1,0.6355,52.337
2026-07-24T20:15:49,3234,13.24,24.456,1,0.6596,52.886
2026-07-24T20:15:49,3235,11.89,26.431,1,0.683,53.123
2026-07-24T20:15:49,3236,11.425,25.448,2,0.5621,53.123
2026-07-24T20:15:49,3237,12.759,25.198,1,0.5917,53.091
2026-07-24T20:15:49,3238,10.853,25.709,1,0.5766,53.116
2026-07-24T20:15:49,3239,12.456,25.611,1,0.6416,53.066
2026-07-24T20:15:49,3240,11.958,25.663,1,0.6019,52.943
2026-07-24T20:15:49,3241,11.866,25.76,1,0.6591,52.885
2026-07-24T20:15:49,3242,13.044,25.082,1,0.6203,52.901
2026-07-24T20:15:49,3243,11.191,25.659,1,0.6157,52.933
2026-07-24T20:15:49,3244,11.392,25.28,1,0.6132,52.958
2026-07-24T20:15:49,3245,13.273,24.664,1,0.6431,52.981
2026-07-24T20:15:50,3246,11.093,25.196,2,0.538,53.026
2026-07-24T20:15:50,3247,13.127,24.195,1,0.729,52.913
2026-07-24T20:15:50,3248,11.013,24.674,2,0.6076,52.711
2026-07-24T20:15:50,3249,11.99,25.969,1,0.8047,52.44
2026-07-24T20:15:50,3250,12.103,25.694,2,0.5569,52.172
2026-07-24T20:15:50,3251,11.797,26.264,2,0.5749,52.142
2026-07-24T20:15:50,3252,11.921,26.159,1,0.6754,52.168
2026-07-24T20:15:50,3253,12.041,25.101,2,0.5797,52.175
2026-07-24T20:15:50,3254,14.163,24.736,1,0.6627,52.23
2026-07-24T20:15:50,3255,10.339,26.107,1,0.7464,52.268
2026-07-24T20:15:50,3256,11.959,25.667,1,0.7381,52.254
2026-07-24T20:15:50,3257,12.634,25.221,1,0.655,52.261
2026-07-24T20:15:51,3258,11.231,24.331,2,0.5219,52.272
2026-07-24T20:15:51,3259,11.997,25.856,1,0.6286,52.259
2026-07-24T20:15:51,3260,12.817,25.573,2,0.5016,52.27
2026-07-24T20:15:51,3261,11.113,25.792,2,0.5245,52.292
2026-07-24T20:15:51,3262,12.792,25.297,1,0.6581,52.286
2026-07-24T20:15:51,3263,10.863,25.065,1,0.6557,52.269
2026-07-24T20:15:51,3264,13.677,24.026,1,0.6703,52.26
2026-07-24T20:15:51,3265,10.667,25.161,1,0.7036,52.278
2026-07-24T20:15:51,3266,14.649,25.255,2,0.5259,52.262
2026-07-24T20:15:51,3267,10.402,26.399,2,0.4849,52.232
2026-07-24T20:15:51,3268,11.895,26.468,1,0.6105,52.217
2026-07-24T20:15:51,3269,11.901,26.348,1,0.5954,52.19
2026-07-24T20:15:52,3270,11.945,25.585,2,0.4694,52.168
2026-07-24T20:15:52,3271,13.006,24.646,3,0.4756,52.155
2026-07-24T20:15:52,3272,11.574,25.163,3,0.5311,52.157
2026-07-24T20:15:52,3273,11.541,26.061,2,0.5604,52.155
2026-07-24T20:15:52,3274,11.92,25.382,1,0.7405,52.176
2026-07-24T20:15:52,3275,11.933,25.859,1,0.6683,52.181
2026-07-24T20:15:52,3276,12.152,24.986,2,0.5133,52.176
2026-07-24T20:15:52,3277,11.906,25.453,1,0.6377,52.168
2026-07-24T20:15:52,3278,11.766,25.343,1,0.6272,52.204
2026-07-24T20:15:52,3279,13.482,24.676,1,0.5808,52.204
2026-07-24T20:15:52,3280,10.625,25.663,1,0.6499,52.206
2026-07-24T20:15:52,3281,13.409,24.559,1,0.7149,52.232
2026-07-24T20:15:53,3282,10.834,26.27,1,0.7022,52.245
2026-07-24T20:15:53,3283,11.778,26.164,2,0.4986,52.338
2026-07-24T20:15:53,3284,12.179,26.023,1,0.6746,52.393
2026-07-24T20:15:53,3285,12.016,25.942,1,0.6676,52.405
2026-07-24T20:15:53,3286,12.031,25.053,2,0.5084,52.428
2026-07-24T20:15:53,3287,12.117,25.884,2,0.5224,52.444
2026-07-24T20:15:53,3288,11.997,25.581,1,0.6787,52.448
2026-07-24T20:15:53,3289,11.33,26.048,1,0.7006,52.471
2026-07-24T20:15:53,3290,12.417,25.067,1,0.687,52.5
2026-07-24T20:15:53,3291,13.447,24.941,1,0.6445,52.521
2026-07-24T20:15:53,3292,10.602,25.773,1,0.6538,52.526
2026-07-24T20:15:53,3293,11.965,25.82,1,0.6624,52.551
2026-07-24T20:15:54,3294,14.778,24.561,1,0.5845,52.559
2026-07-24T20:15:54,3295,25.298,21.92,1,0.5595,52.552
2026-07-24T20:15:54,3296,24.157,22.61,1,0.5947,52.551
2026-07-24T20:15:54,3297,25.183,21.559,1,0.606,52.557
2026-07-24T20:15:54,3298,24.018,21.503,1,0.6445,52.546
2026-07-24T20:15:54,3299,23.875,20.988,1,0.6553,52.516
2026-07-24T20:15:54,3300,26.176,21.412,1,0.6393,52.489
2026-07-24T20:15:54,3301,21.254,21.476,2,0.4962,52.465
2026-07-24T20:15:54,3302,24.965,21.027,1,0.6415,52.396
2026-07-24T20:15:54,3303,9.2,24.679,1,0.6532,52.304
2026-07-24T20:15:54,3304,12.673,25.38,1,0.6666,52.283
2026-07-24T20:15:54,3305,12.067,25.815,1,0.6728,52.262
2026-07-24T20:15:54,3306,12.745,25.101,1,0.6939,52.262
2026-07-24T20:15:54,3307,11.57,26.662,1,0.6628,52.268
2026-07-24T20:15:54,3308,11.218,26.843,1,0.6171,52.274
2026-07-24T20:15:55,3309,12.058,25.32,1,0.6117,52.291
2026-07-24T20:15:55,3310,12.13,25.827,2,0.519,52.256
2026-07-24T20:15:55,3311,13.092,25.661,2,0.5261,52.256
2026-07-24T20:15:55,3312,10.63,26.272,1,0.6285,52.255
2026-07-24T20:15:55,3313,12.631,25.829,1,0.6687,52.247
2026-07-24T20:15:55,3314,11.931,25.38,1,0.6326,52.227
2026-07-24T20:15:55,3315,12.041,24.548,1,0.6297,52.222
2026-07-24T20:15:55,3316,12.703,24.607,1,0.6422,52.147
2026-07-24T20:15:55,3317,10.776,25.053,1,0.695,52.057
2026-07-24T20:15:55,3318,12.887,24.868,1,0.7325,51.992
2026-07-24T20:15:55,3319,11.26,26.444,1,0.7154,51.952
2026-07-24T20:15:55,3320,13.189,24.866,1,0.7319,51.909
2026-07-24T20:15:56,3321,11.225,25.683,1,0.618,51.883
2026-07-24T20:15:56,3322,12.541,25.992,1,0.6394,51.822
2026-07-24T20:15:56,3323,10.839,26.799,1,0.6081,51.783
2026-07-24T20:15:56,3324,12.658,25.399,1,0.6881,51.798
2026-07-24T20:15:56,3325,11.83,25.717,1,0.7781,51.817
2026-07-24T20:15:56,3326,12.247,24.384,1,0.6435,51.943
2026-07-24T20:15:56,3327,11.659,25.861,1,0.5472,52.166
2026-07-24T20:15:56,3328,11.928,26.194,1,0.4502,52.411
2026-07-24T20:15:56,3329,12.001,26.131,1,0.4358,52.75
2026-07-24T20:15:56,3330,12.263,24.947,1,0.4688,53.134
2026-07-24T20:15:56,3331,12.126,25.961,1,0.6063,53.551
2026-07-24T20:15:56,3332,12.466,24.645,2,0.4911,53.962
2026-07-24T20:15:57,3333,10.686,25.609,1,0.6043,54.405
2026-07-24T20:15:57,3334,12.354,26.187,1,0.6753,54.76
2026-07-24T20:15:57,3335,12.015,25.119,1,0.7324,55.071
2026-07-24T20:15:57,3336,12.045,24.666,1,0.7642,55.351
2026-07-24T20:15:57,3337,11.872,24.864,2,0.5434,55.628
2026-07-24T20:15:57,3338,12.768,25.245,1,0.7341,55.91
2026-07-24T20:15:57,3339,10.727,25.435,2,0.5684,56.157
2026-07-24T20:15:57,3340,13.767,24.117,1,0.772,56.299
2026-07-24T20:15:57,3341,11.031,25.326,1,0.7657,56.508
2026-07-24T20:15:57,3342,12.117,25.385,1,0.8025,56.688
2026-07-24T20:15:57,3343,11.585,25.385,1,0.7809,56.874
2026-07-24T20:15:57,3344,13.29,25.198,1,0.7799,57.0
2026-07-24T20:15:58,3345,11.539,25.746,1,0.7599,57.124
2026-07-24T20:15:58,3346,11.519,25.33,1,0.7708,57.133
2026-07-24T20:15:58,3347,11.682,26.054,1,0.7849,57.155
2026-07-24T20:15:58,3348,12.113,25.152,1,0.8243,57.203
2026-07-24T20:15:58,3349,11.97,25.796,1,0.8311,57.279
2026-07-24T20:15:58,3350,12.654,25.313,1,0.8176,57.356
2026-07-24T20:15:58,3351,11.96,24.924,1,0.7948,57.445
2026-07-24T20:15:58,3352,11.152,24.576,1,0.8016,57.471
2026-07-24T20:15:58,3353,12.279,24.412,1,0.8167,57.531
2026-07-24T20:15:58,3354,11.747,26.022,1,0.8143,57.703
2026-07-24T20:15:58,3355,11.887,25.439,1,0.7706,57.983
2026-07-24T20:15:58,3356,13.411,23.469,1,0.8227,58.13
2026-07-24T20:15:59,3357,10.641,25.658,1,0.7835,58.215
2026-07-24T20:15:59,3358,12.674,24.784,1,0.8212,58.451
2026-07-24T20:15:59,3359,11.503,24.824,1,0.836,58.569
2026-07-24T20:15:59,3360,12.919,25.376,1,0.8362,58.69
2026-07-24T20:15:59,3361,11.246,24.81,1,0.8322,58.91
2026-07-24T20:15:59,3362,12.124,24.938,1,0.8257,59.172
2026-07-24T20:15:59,3363,13.32,25.062,1,0.8251,59.206
2026-07-24T20:15:59,3364,10.152,25.867,1,0.8224,59.081
2026-07-24T20:15:59,3365,13.719,24.186,1,0.8127,59.004
2026-07-24T20:15:59,3366,10.793,27.248,1,0.7966,59.502
2026-07-24T20:15:59,3367,12.383,24.578,1,0.7731,59.146
2026-07-24T20:15:59,3368,11.59,26.525,1,0.7728,58.915
2026-07-24T20:16:00,3369,13.532,25.407,1,0.7592,58.723
2026-07-24T20:16:00,3370,11.067,25.68,1,0.7924,58.729
2026-07-24T20:16:00,3371,11.989,24.888,1,0.7536,58.547
2026-07-24T20:16:00,3372,11.98,24.795,1,0.7421,58.441
2026-07-24T20:16:00,3373,11.897,25.031,1,0.7056,58.491
2026-07-24T20:16:00,3374,11.999,25.095,1,0.7085,58.502
2026-07-24T20:16:00,3375,13.855,24.853,1,0.7268,58.506
2026-07-24T20:16:00,3376,9.986,26.633,1,0.7128,58.507
2026-07-24T20:16:00,3377,12.113,26.609,1,0.7438,58.561
2026-07-24T20:16:00,3378,12.209,26.029,1,0.774,58.593
2026-07-24T20:16:00,3379,11.956,25.293,1,0.7896,58.547
2026-07-24T20:16:00,3380,12.777,24.381,1,0.7769,58.572
2026-07-24T20:16:01,3381,11.901,24.628,1,0.7563,58.571
2026-07-24T20:16:01,3382,11.246,25.442,1,0.7539,58.652
2026-07-24T20:16:01,3383,12.141,25.172,1,0.7617,58.763
2026-07-24T20:16:01,3384,11.965,25.621,1,0.7366,58.885
2026-07-24T20:16:01,3385,11.842,25.975,1,0.7291,58.837
2026-07-24T20:16:01,3386,12.968,23.905,1,0.7353,58.733
2026-07-24T20:16:01,3387,10.671,25.644,1,0.7085,58.56
2026-07-24T20:16:01,3388,13.633,24.226,1,0.7002,58.578
2026-07-24T20:16:01,3389,10.358,29.148,1,0.7216,58.766
2026-07-24T20:16:01,3390,14.495,24.409,1,0.8291,58.18
2026-07-24T20:16:01,3391,10.627,25.069,1,0.8116,57.798
2026-07-24T20:16:01,3392,12.459,24.653,1,0.802,57.659
2026-07-24T20:16:02,3393,11.718,25.233,1,0.8081,57.555
2026-07-24T20:16:02,3394,12.155,25.408,1,0.7688,57.597
2026-07-24T20:16:02,3395,11.769,25.876,1,0.7413,57.655
2026-07-24T20:16:02,3396,12.919,24.131,1,0.7527,57.652
2026-07-24T20:16:02,3397,10.776,24.749,1,0.7634,57.643
2026-07-24T20:16:02,3398,13.368,24.702,1,0.7516,57.675
2026-07-24T20:16:02,3399,10.753,25.901,1,0.7716,57.83
2026-07-24T20:16:02,3400,14.305,24.793,1,0.7913,57.839
2026-07-24T20:16:02,3401,10.464,25.554,1,0.7662,57.882
2026-07-24T20:16:02,3402,11.979,25.963,1,0.7798,57.92
2026-07-24T20:16:02,3403,11.636,26.76,1,0.758,57.866
2026-07-24T20:16:02,3404,12.403,25.69,1,0.7726,57.815
2026-07-24T20:16:03,3405,12.06,25.303,1,0.7497,57.805
2026-07-24T20:16:03,3406,12.223,29.391,1,0.7518,57.752
2026-07-24T20:16:03,3407,24.7,23.197,1,0.796,57.735
2026-07-24T20:16:03,3408,11.005,26.128,1,0.7955,57.763
2026-07-24T20:16:03,3409,12.383,25.1,1,0.7928,57.811
2026-07-24T20:16:03,3410,12.043,24.701,1,0.8136,57.858
2026-07-24T20:16:03,3411,12.021,24.327,1,0.8011,57.924
2026-07-24T20:16:03,3412,12.117,24.506,1,0.8007,58.04
2026-07-24T20:16:03,3413,12.908,23.815,1,0.7973,58.115
2026-07-24T20:16:03,3414,10.992,25.413,1,0.8174,58.155
2026-07-24T20:16:03,3415,12.321,25.186,1,0.8261,58.191
2026-07-24T20:16:03,3416,11.174,25.845,1,0.817,58.189
2026-07-24T20:16:03,3417,12.459,24.884,1,0.8216,58.188
2026-07-24T20:16:04,3418,12.909,25.037,1,0.7776,58.168
2026-07-24T20:16:04,3419,11.98,24.549,1,0.763,58.187
2026-07-24T20:16:04,3420,10.651,25.883,1,0.7561,58.192
2026-07-24T20:16:04,3421,13.109,24.717,1,0.7767,58.178
2026-07-24T20:16:04,3422,11.083,25.908,1,0.7408,58.21
2026-07-24T20:16:04,3423,13.383,23.931,1,0.7572,58.24
2026-07-24T20:16:04,3424,11.105,25.354,1,0.7598,58.285
2026-07-24T20:16:04,3425,12.751,26.339,1,0.7804,58.328
2026-07-24T20:16:04,3426,10.914,25.438,1,0.7569,58.363
2026-07-24T20:16:04,3427,13.953,24.852,1,0.7478,58.427
2026-07-24T20:16:04,3428,14.439,21.928,1,0.7763,58.711
2026-07-24T20:16:04,3429,20.594,22.224,1,0.7793,58.914
2026-07-24T20:16:04,3430,26.245,20.477,1,0.8059,58.594
2026-07-24T20:16:05,3431,24.11,20.498,1,0.7863,58.683
2026-07-24T20:16:05,3432,26.293,21.647,1,0.7864,58.619
2026-07-24T20:16:05,3433,20.716,20.502,1,0.7839,58.791
2026-07-24T20:16:05,3434,24.718,21.207,1,0.7954,58.888
2026-07-24T20:16:05,3435,25.013,20.999,1,0.7953,58.975
2026-07-24T20:16:05,3436,23.518,20.19,1,0.754,58.814
2026-07-24T20:16:05,3437,23.461,22.294,1,0.7627,58.833
2026-07-24T20:16:05,3438,12.699,21.923,1,0.7903,58.848
2026-07-24T20:16:05,3439,24.936,20.798,1,0.7568,59.082
2026-07-24T20:16:05,3440,23.088,22.091,1,0.6615,58.849
2026-07-24T20:16:05,3441,24.32,21.295,1,0.6766,58.935
2026-07-24T20:16:05,3442,23.8,21.646,1,0.6851,59.35
2026-07-24T20:16:05,3443,21.235,26.47,1,0.5765,59.493
2026-07-24T20:16:05,3444,25.515,20.673,1,0.5882,59.984
2026-07-24T20:16:05,3445,22.75,20.862,1,0.6397,60.086
2026-07-24T20:16:05,3446,25.677,20.371,1,0.6,60.238
2026-07-24T20:16:05,3447,22.438,20.809,1,0.4603,60.719
2026-07-24T20:16:05,3448,18.382,35.131,0,0.0,60.954
2026-07-24T20:16:05,3449,14.274,25.058,1,0.4941,61.184
2026-07-24T20:16:05,3450,23.541,21.098,2,0.4144,60.908
2026-07-24T20:16:05,3451,19.344,30.02,1,0.3737,60.757
2026-07-24T20:16:06,3452,10.8,23.668,0,0.0,60.037
2026-07-24T20:16:06,3453,11.313,25.188,0,0.0,58.803
2026-07-24T20:16:06,3454,13.976,25.156,1,0.7247,57.963
2026-07-24T20:16:06,3455,10.193,25.983,1,0.5211,57.362
2026-07-24T20:16:06,3456,13.238,25.698,1,0.4996,55.725
2026-07-24T20:16:06,3457,12.005,25.123,1,0.4383,55.389
2026-07-24T20:16:06,3458,10.945,26.271,1,0.5851,55.873
2026-07-24T20:16:06,3459,12.254,25.719,0,0.0,55.94
2026-07-24T20:16:06,3460,12.702,26.35,1,0.6486,54.67
2026-07-24T20:16:06,3461,11.42,29.295,1,0.8604,54.624
2026-07-24T20:16:06,3462,15.268,24.236,1,0.9074,54.264
2026-07-24T20:16:06,3463,25.95,22.439,1,0.8836,53.063
2026-07-24T20:16:06,3464,25.276,23.578,1,0.8126,52.26
2026-07-24T20:16:06,3465,22.789,21.185,1,0.6628,51.615
2026-07-24T20:16:07,3466,23.891,21.367,1,0.5978,51.335
2026-07-24T20:16:07,3467,24.335,21.005,1,0.4543,50.924
2026-07-24T20:16:07,3468,24.629,20.072,0,0.0,51.045
2026-07-24T20:16:07,3469,22.581,20.742,0,0.0,51.523
2026-07-24T20:16:07,3470,23.38,21.011,1,0.3968,52.318
2026-07-24T20:16:07,3471,24.383,21.4,1,0.4266,53.371
2026-07-24T20:16:07,3472,23.308,20.78,1,0.3849,54.398
2026-07-24T20:16:07,3473,24.301,20.857,0,0.0,55.421
2026-07-24T20:16:07,3474,23.63,21.511,0,0.0,56.449
2026-07-24T20:16:07,3475,23.966,21.09,0,0.0,57.453
2026-07-24T20:16:07,3476,24.072,20.735,0,0.0,58.274
2026-07-24T20:16:07,3477,24.302,20.449,0,0.0,59.059
2026-07-24T20:16:07,3478,22.884,20.811,0,0.0,59.748
2026-07-24T20:16:07,3479,24.985,20.645,0,0.0,60.303
2026-07-24T20:16:07,3480,22.754,21.119,0,0.0,60.786
2026-07-24T20:16:07,3481,24.36,20.672,0,0.0,61.213
2026-07-24T20:16:07,3482,24.747,19.997,0,0.0,61.815
2026-07-24T20:16:07,3483,26.996,20.888,0,0.0,63.175
2026-07-24T20:16:07,3484,23.275,20.156,0,0.0,63.686
2026-07-24T20:16:07,3485,20.987,20.772,0,0.0,64.075
2026-07-24T20:16:07,3486,24.561,20.922,0,0.0,64.414
2026-07-24T20:16:07,3487,24.748,20.486,0,0.0,64.668
2026-07-24T20:16:07,3488,23.802,20.323,0,0.0,64.914
2026-07-24T20:16:07,3489,22.877,22.592,0,0.0,65.149
2026-07-24T20:16:08,3490,26.129,22.219,0,0.0,65.347
2026-07-24T20:16:08,3491,21.623,21.131,0,0.0,65.525
2026-07-24T20:16:08,3492,25.31,21.37,0,0.0,65.707
2026-07-24T20:16:08,3493,23.842,20.414,0,0.0,65.872
2026-07-24T20:16:08,3494,23.585,21.052,0,0.0,66.007
2026-07-24T20:16:08,3495,24.216,21.735,0,0.0,66.077
2026-07-24T20:16:08,3496,24.712,20.662,0,0.0,66.147
2026-07-24T20:16:08,3497,22.203,21.28,0,0.0,66.247
2026-07-24T20:16:08,3498,25.02,20.973,0,0.0,66.371
2026-07-24T20:16:08,3499,23.17,21.11,0,0.0,66.463
2026-07-24T20:16:08,3500,24.702,20.873,0,0.0,66.547
2026-07-24T20:16:08,3501,23.928,20.372,0,0.0,66.626
2026-07-24T20:16:08,3502,23.918,20.939,0,0.0,66.723
2026-07-24T20:16:08,3503,24.032,20.165,0,0.0,66.833
2026-07-24T20:16:08,3504,21.776,22.298,0,0.0,66.97
2026-07-24T20:16:08,3505,25.101,21.672,0,0.0,67.084
2026-07-24T20:16:08,3506,23.588,21.868,0,0.0,67.178
2026-07-24T20:16:08,3507,24.707,21.428,0,0.0,67.262
2026-07-24T20:16:08,3508,26.984,21.347,0,0.0,67.32
2026-07-24T20:16:08,3509,21.215,21.561,0,0.0,67.367
2026-07-24T20:16:08,3510,24.236,21.661,0,0.0,67.421
2026-07-24T20:16:08,3511,22.986,21.689,0,0.0,67.462
2026-07-24T20:16:08,3512,24.869,21.376,0,0.0,67.503
2026-07-24T20:16:08,3513,24.055,20.901,0,0.0,67.543
2026-07-24T20:16:09,3514,22.996,21.391,0,0.0,67.594
2026-07-24T20:16:09,3515,24.455,21.11,0,0.0,67.639
2026-07-24T20:16:09,3516,23.668,21.334,0,0.0,67.685
2026-07-24T20:16:09,3517,23.836,21.383,0,0.0,67.723
2026-07-24T20:16:09,3518,24.179,21.026,0,0.0,67.758
2026-07-24T20:16:09,3519,23.886,21.026,0,0.0,67.795
2026-07-24T20:16:09,3520,25.801,21.359,0,0.0,67.824
2026-07-24T20:16:09,3521,21.391,21.546,0,0.0,67.852
2026-07-24T20:16:09,3522,25.477,20.728,0,0.0,67.883
2026-07-24T20:16:09,3523,23.377,20.877,0,0.0,67.901
2026-07-24T20:16:09,3524,23.97,21.453,0,0.0,67.903
2026-07-24T20:16:09,3525,24.099,21.095,0,0.0,67.911
2026-07-24T20:16:09,3526,23.609,21.019,0,0.0,67.91
2026-07-24T20:16:09,3527,24.213,21.382,0,0.0,67.927
2026-07-24T20:16:09,3528,23.589,20.93,0,0.0,67.944
2026-07-24T20:16:09,3529,23.843,21.068,0,0.0,67.959
2026-07-24T20:16:09,3530,23.812,21.328,0,0.0,67.982
2026-07-24T20:16:09,3531,23.88,21.135,0,0.0,68.017
2026-07-24T20:16:09,3532,26.29,21.008,0,0.0,68.047
2026-07-24T20:16:09,3533,22.609,21.735,0,0.0,68.068
2026-07-24T20:16:09,3534,23.738,20.928,0,0.0,68.131
2026-07-24T20:16:09,3535,23.618,21.401,0,0.0,68.191
2026-07-24T20:16:09,3536,24.134,20.883,0,0.0,68.229
2026-07-24T20:16:10,3537,23.737,21.275,0,0.0,68.28
2026-07-24T20:16:10,3538,24.132,21.497,0,0.0,68.334
2026-07-24T20:16:10,3539,24.034,21.173,0,0.0,68.387
2026-07-24T20:16:10,3540,23.716,21.553,0,0.0,68.434
2026-07-24T20:16:10,3541,23.726,21.405,0,0.0,68.471
2026-07-24T20:16:10,3542,24.479,21.193,0,0.0,68.52
2026-07-24T20:16:10,3543,23.029,21.569,0,0.0,68.559
2026-07-24T20:16:10,3544,24.372,21.653,0,0.0,68.588
2026-07-24T20:16:10,3545,25.109,21.211,0,0.0,68.615
2026-07-24T20:16:10,3546,22.397,21.394,0,0.0,68.656
2026-07-24T20:16:10,3547,25.127,20.936,0,0.0,68.692
2026-07-24T20:16:10,3548,23.305,20.993,0,0.0,68.722
2026-07-24T20:16:10,3549,23.604,21.224,0,0.0,68.751
2026-07-24T20:16:10,3550,24.491,20.73,0,0.0,68.784
2026-07-24T20:16:10,3551,22.655,21.423,0,0.0,68.81
2026-07-24T20:16:10,3552,24.475,21.196,0,0.0,68.829
2026-07-24T20:16:10,3553,23.702,21.494,0,0.0,68.853
2026-07-24T20:16:10,3554,23.876,21.415,0,0.0,68.872
2026-07-24T20:16:10,3555,23.867,21.521,0,0.0,68.893
2026-07-24T20:16:10,3556,23.489,21.805,0,0.0,68.909
2026-07-24T20:16:10,3557,25.889,22.469,0,0.0,68.916
2026-07-24T20:16:10,3558,22.717,21.025,0,0.0,68.911
2026-07-24T20:16:10,3559,23.682,21.766,0,0.0,68.898
2026-07-24T20:16:10,3560,24.301,21.734,0,0.0,68.921
2026-07-24T20:16:11,3561,23.953,21.408,0,0.0,68.952
2026-07-24T20:16:11,3562,23.972,21.427,0,0.0,68.974
2026-07-24T20:16:11,3563,23.737,21.568,0,0.0,69.015
2026-07-24T20:16:11,3564,23.857,21.587,0,0.0,69.041
2026-07-24T20:16:11,3565,24.284,21.099,0,0.0,69.066
2026-07-24T20:16:11,3566,23.341,21.482,0,0.0,69.088
2026-07-24T20:16:11,3567,24.365,21.323,0,0.0,69.076
2026-07-24T20:16:11,3568,23.504,21.202,0,0.0,69.06
2026-07-24T20:16:11,3569,26.49,21.833,0,0.0,69.04
2026-07-24T20:16:11,3570,23.195,20.775,0,0.0,69.026
2026-07-24T20:16:11,3571,22.298,21.015,0,0.0,69.022
2026-07-24T20:16:11,3572,24.24,21.438,0,0.0,69.024
2026-07-24T20:16:11,3573,24.357,20.953,0,0.0,69.026
2026-07-24T20:16:11,3574,23.386,21.052,0,0.0,69.028
2026-07-24T20:16:11,3575,23.975,21.345,0,0.0,69.028
2026-07-24T20:16:11,3576,23.347,21.033,0,0.0,69.045
2026-07-24T20:16:11,3577,24.3,21.535,0,0.0,69.053
2026-07-24T20:16:11,3578,24.559,21.025,0,0.0,69.069
2026-07-24T20:16:11,3579,23.288,21.079,0,0.0,69.081
2026-07-24T20:16:11,3580,24.256,21.312,0,0.0,69.102
2026-07-24T20:16:11,3581,23.316,21.892,0,0.0,69.134
2026-07-24T20:16:11,3582,25.834,21.725,0,0.0,69.164
2026-07-24T20:16:11,3583,22.345,21.568,0,0.0,69.193
2026-07-24T20:16:11,3584,24.752,20.645,0,0.0,69.228
2026-07-24T20:16:12,3585,23.434,21.108,0,0.0,69.259
2026-07-24T20:16:12,3586,23.802,21.422,0,0.0,69.281
2026-07-24T20:16:12,3587,24.813,20.735,0,0.0,69.283
2026-07-24T20:16:12,3588,23.046,21.276,0,0.0,69.289
2026-07-24T20:16:12,3589,24.101,21.704,0,0.0,69.292
2026-07-24T20:16:12,3590,23.72,21.747,0,0.0,69.3
2026-07-24T20:16:12,3591,24.04,21.023,0,0.0,69.299
2026-07-24T20:16:12,3592,24.283,21.108,0,0.0,69.296
2026-07-24T20:16:12,3593,23.296,22.01,0,0.0,69.3
2026-07-24T20:16:12,3594,26.12,21.261,0,0.0,69.306
2026-07-24T20:16:12,3595,22.023,21.491,0,0.0,69.315
2026-07-24T20:16:12,3596,24.851,21.031,0,0.0,69.301
2026-07-24T20:16:12,3597,23.782,21.109,0,0.0,69.275
2026-07-24T20:16:12,3598,23.305,21.58,0,0.0,69.254
2026-07-24T20:16:12,3599,24.102,21.585,0,0.0,69.232
2026-07-24T20:16:12,3600,23.606,21.833,0,0.0,69.212
2026-07-24T20:16:12,3601,24.087,20.801,0,0.0,69.191
2026-07-24T20:16:12,3602,23.831,21.441,0,0.0,69.158
2026-07-24T20:16:12,3603,24.175,21.161,0,0.0,69.134
2026-07-24T20:16:12,3604,24.839,21.15,0,0.0,69.104
2026-07-24T20:16:12,3605,22.607,21.433,0,0.0,69.078
2026-07-24T20:16:12,3606,27.432,21.637,0,0.0,69.056
2026-07-24T20:16:12,3607,21.123,21.034,0,0.0,69.039
2026-07-24T20:16:12,3608,24.314,21.622,0,0.0,69.022
2026-07-24T20:16:13,3609,23.736,21.451,0,0.0,69.02
2026-07-24T20:16:13,3610,24.068,21.364,0,0.0,69.022
2026-07-24T20:16:13,3611,23.736,21.021,0,0.0,69.029
2026-07-24T20:16:13,3612,23.967,20.889,0,0.0,69.027
2026-07-24T20:16:13,3613,23.817,21.046,0,0.0,69.023
2026-07-24T20:16:13,3614,24.185,21.126,0,0.0,69.045
2026-07-24T20:16:13,3615,24.079,20.998,0,0.0,69.046
2026-07-24T20:16:13,3616,23.937,20.421,0,0.0,69.046
2026-07-24T20:16:13,3617,24.155,21.332,0,0.0,69.045
2026-07-24T20:16:13,3618,24.087,20.714,0,0.0,69.05
2026-07-24T20:16:13,3619,24.941,20.907,0,0.0,69.045
2026-07-24T20:16:13,3620,22.301,20.799,0,0.0,69.048
2026-07-24T20:16:13,3621,23.927,21.185,0,0.0,69.052
2026-07-24T20:16:13,3622,24.286,21.193,0,0.0,69.048
2026-07-24T20:16:13,3623,24.053,20.658,0,0.0,69.035
2026-07-24T20:16:13,3624,24.29,20.607,0,0.0,69.02
2026-07-24T20:16:13,3625,23.349,20.263,0,0.0,69.01
2026-07-24T20:16:13,3626,24.547,20.27,0,0.0,68.995
2026-07-24T20:16:13,3627,22.595,21.947,0,0.0,68.98
2026-07-24T20:16:13,3628,27.716,20.958,0,0.0,68.957
2026-07-24T20:16:13,3629,22.884,20.523,0,0.0,68.946
2026-07-24T20:16:13,3630,22.266,20.617,0,0.0,68.94
2026-07-24T20:16:13,3631,25.347,20.267,0,0.0,68.927
2026-07-24T20:16:13,3632,22.411,21.039,0,0.0,68.928
2026-07-24T20:16:14,3633,24.231,21.228,0,0.0,68.941
2026-07-24T20:16:14,3634,24.253,20.621,0,0.0,68.949
2026-07-24T20:16:14,3635,23.502,21.306,0,0.0,68.96
2026-07-24T20:16:14,3636,23.635,21.58,0,0.0,68.971
2026-07-24T20:16:14,3637,25.051,20.78,0,0.0,68.984
2026-07-24T20:16:14,3638,23.242,20.715,0,0.0,69.001
2026-07-24T20:16:14,3639,24.088,21.577,0,0.0,69.023
2026-07-24T20:16:14,3640,24.51,20.548,0,0.0,69.049
2026-07-24T20:16:14,3641,22.773,20.99,0,0.0,69.069
2026-07-24T20:16:14,3642,25.219,21.035,0,0.0,69.092
2026-07-24T20:16:14,3643,26.761,20.821,0,0.0,69.085
2026-07-24T20:16:14,3644,20.64,20.718,0,0.0,69.087
2026-07-24T20:16:14,3645,25.52,20.309,0,0.0,69.067
2026-07-24T20:16:14,3646,22.357,21.275,0,0.0,69.084
2026-07-24T20:16:14,3647,24.611,21.422,0,0.0,69.105
2026-07-24T20:16:14,3648,24.14,21.283,0,0.0,69.125
2026-07-24T20:16:14,3649,24.019,20.648,0,0.0,69.128
2026-07-24T20:16:14,3650,23.634,21.323,0,0.0,69.122
2026-07-24T20:16:14,3651,24.624,20.229,0,0.0,69.131
2026-07-24T20:16:14,3652,23.115,20.304,0,0.0,69.128
2026-07-24T20:16:14,3653,24.5,20.103,0,0.0,69.129
2026-07-24T20:16:14,3654,22.854,20.958,0,0.0,69.124
2026-07-24T20:16:14,3655,25.163,20.559,0,0.0,69.125
2026-07-24T20:16:14,3656,23.051,21.873,0,0.0,69.129
2026-07-24T20:16:15,3657,24.268,21.361,0,0.0,69.145
2026-07-24T20:16:15,3658,23.633,20.875,0,0.0,69.162
2026-07-24T20:16:15,3659,23.623,21.446,0,0.0,69.164
2026-07-24T20:16:15,3660,23.815,21.444,0,0.0,69.176
2026-07-24T20:16:15,3661,24.198,21.49,0,0.0,69.182
2026-07-24T20:16:15,3662,23.623,21.367,0,0.0,69.183
2026-07-24T20:16:15,3663,24.55,20.651,0,0.0,69.191
2026-07-24T20:16:15,3664,24.428,20.755,0,0.0,69.192
2026-07-24T20:16:15,3665,22.796,20.749,0,0.0,69.219
2026-07-24T20:16:15,3666,24.496,20.845,0,0.0,69.24
2026-07-24T20:16:15,3667,23.637,21.48,0,0.0,69.285
2026-07-24T20:16:15,3668,24.683,21.332,0,0.0,69.316
2026-07-24T20:16:15,3669,22.847,21.214,0,0.0,69.336
2026-07-24T20:16:15,3670,25.198,20.303,0,0.0,69.355
2026-07-24T20:16:15,3671,22.772,19.873,0,0.0,69.384
2026-07-24T20:16:15,3672,24.265,20.983,0,0.0,69.405
2026-07-24T20:16:15,3673,24.078,21.155,0,0.0,69.421
2026-07-24T20:16:15,3674,23.69,20.74,0,0.0,69.424
2026-07-24T20:16:15,3675,24.875,20.243,0,0.0,69.428
2026-07-24T20:16:15,3676,22.573,20.785,0,0.0,69.432
2026-07-24T20:16:15,3677,24.705,20.704,0,0.0,69.434
2026-07-24T20:16:15,3678,23.693,20.509,0,0.0,69.428
2026-07-24T20:16:15,3679,24.586,20.781,0,0.0,69.43
2026-07-24T20:16:15,3680,27.539,20.332,0,0.0,69.432
2026-07-24T20:16:16,3681,19.881,21.238,0,0.0,69.43
2026-07-24T20:16:16,3682,25.244,20.959,0,0.0,69.427
2026-07-24T20:16:16,3683,23.947,21.159,0,0.0,69.419
2026-07-24T20:16:16,3684,24.213,20.484,0,0.0,69.419
2026-07-24T20:16:16,3685,24.773,21.217,0,0.0,69.416
2026-07-24T20:16:16,3686,21.541,21.574,0,0.0,69.418
2026-07-24T20:16:16,3687,25.398,21.327,0,0.0,69.423
2026-07-24T20:16:16,3688,25.034,20.703,0,0.0,69.428
2026-07-24T20:16:16,3689,22.663,20.892,0,0.0,69.436
2026-07-24T20:16:16,3690,25.293,21.143,0,0.0,69.447
2026-07-24T20:16:16,3691,22.613,21.339,0,0.0,69.457
2026-07-24T20:16:16,3692,26.497,20.684,0,0.0,69.446
2026-07-24T20:16:16,3693,22.53,21.762,0,0.0,69.444
2026-07-24T20:16:16,3694,23.744,20.868,0,0.0,69.438
2026-07-24T20:16:16,3695,23.552,22.168,0,0.0,69.443
2026-07-24T20:16:16,3696,24.28,21.255,0,0.0,69.436
2026-07-24T20:16:16,3697,23.306,20.528,0,0.0,69.434
2026-07-24T20:16:16,3698,25.338,20.286,0,0.0,69.432
2026-07-24T20:16:16,3699,22.483,20.462,0,0.0,69.428
2026-07-24T20:16:16,3700,24.323,20.439,0,0.0,69.424
2026-07-24T20:16:16,3701,22.69,21.718,0,0.0,69.412
2026-07-24T20:16:16,3702,25.219,20.671,0,0.0,69.405
2026-07-24T20:16:16,3703,23.636,20.803,0,0.0,69.397
2026-07-24T20:16:16,3704,24.494,19.661,0,0.0,69.392
2026-07-24T20:16:17,3705,23.764,21.398,0,0.0,69.377
2026-07-24T20:16:17,3706,23.431,20.132,0,0.0,69.372
2026-07-24T20:16:17,3707,23.748,21.619,0,0.0,69.365
2026-07-24T20:16:17,3708,24.107,20.702,0,0.0,69.366
2026-07-24T20:16:17,3709,24.174,20.799,0,0.0,69.362
2026-07-24T20:16:17,3710,23.94,20.766,0,0.0,69.354
2026-07-24T20:16:17,3711,22.946,21.342,0,0.0,69.357
2026-07-24T20:16:17,3712,24.688,21.301,0,0.0,69.352
2026-07-24T20:16:17,3713,23.934,21.146,0,0.0,69.35
2026-07-24T20:16:17,3714,23.957,20.414,0,0.0,69.345
2026-07-24T20:16:17,3715,23.388,21.231,0,0.0,69.338
2026-07-24T20:16:17,3716,24.452,20.566,0,0.0,69.337
2026-07-24T20:16:17,3717,26.013,20.299,0,0.0,69.332
2026-07-24T20:16:17,3718,21.283,20.698,0,0.0,69.336
2026-07-24T20:16:17,3719,24.661,20.73,0,0.0,69.305
2026-07-24T20:16:17,3720,23.674,21.271,0,0.0,69.302
2026-07-24T20:16:17,3721,23.971,20.675,0,0.0,69.308
2026-07-24T20:16:17,3722,24.881,20.349,0,0.0,69.323
2026-07-24T20:16:17,3723,22.707,21.026,0,0.0,69.317
2026-07-24T20:16:17,3724,22.703,23.088,0,0.0,69.303
2026-07-24T20:16:17,3725,26.02,21.208,0,0.0,69.292
2026-07-24T20:16:17,3726,22.802,21.683,0,0.0,69.28
2026-07-24T20:16:17,3727,24.679,21.398,0,0.0,69.265
2026-07-24T20:16:17,3728,23.658,21.534,0,0.0,69.262
2026-07-24T20:16:18,3729,25.808,21.322,0,0.0,69.262
2026-07-24T20:16:18,3730,25.215,21.235,0,0.0,69.261
2026-07-24T20:16:18,3731,20.314,21.789,0,0.0,69.256
2026-07-24T20:16:18,3732,25.513,21.562,0,0.0,69.257
2026-07-24T20:16:18,3733,24.031,21.736,0,0.0,69.252
2026-07-24T20:16:18,3734,24.277,21.26,0,0.0,69.261
2026-07-24T20:16:18,3735,24.415,20.337,0,0.0,69.275
2026-07-24T20:16:18,3736,22.712,21.021,0,0.0,69.281
2026-07-24T20:16:18,3737,24.768,21.215,0,0.0,69.294
2026-07-24T20:16:18,3738,23.125,22.104,0,0.0,69.304
2026-07-24T20:16:18,3739,24.777,21.062,0,0.0,69.306
2026-07-24T20:16:18,3740,23.051,21.779,0,0.0,69.311
2026-07-24T20:16:18,3741,23.927,22.128,0,0.0,69.316
2026-07-24T20:16:18,3742,26.731,21.078,0,0.0,69.312
2026-07-24T20:16:18,3743,20.962,21.336,0,0.0,69.312
2026-07-24T20:16:18,3744,24.903,21.193,0,0.0,69.325
2026-07-24T20:16:18,3745,23.487,21.712,0,0.0,69.318
2026-07-24T20:16:18,3746,24.113,21.469,0,0.0,69.31
2026-07-24T20:16:18,3747,24.363,21.098,0,0.0,69.312
2026-07-24T20:16:18,3748,23.354,21.358,0,0.0,69.312
2026-07-24T20:16:18,3749,24.216,21.37,0,0.0,69.316
2026-07-24T20:16:18,3750,23.482,21.421,0,0.0,69.306
2026-07-24T20:16:18,3751,24.165,21.145,0,0.0,69.302
2026-07-24T20:16:18,3752,23.602,21.765,0,0.0,69.309
2026-07-24T20:16:19,3753,24.021,21.76,0,0.0,69.309
2026-07-24T20:16:19,3754,25.094,21.365,0,0.0,69.311
2026-07-24T20:16:19,3755,22.501,21.888,0,0.0,69.309
2026-07-24T20:16:19,3756,24.859,21.212,0,0.0,69.307
2026-07-24T20:16:19,3757,23.217,22.135,0,0.0,69.31
2026-07-24T20:16:19,3758,24.399,21.775,0,0.0,69.307
2026-07-24T20:16:19,3759,23.995,20.492,0,0.0,69.311
2026-07-24T20:16:19,3760,23.292,21.659,0,0.0,69.309
2026-07-24T20:16:19,3761,24.735,21.149,0,0.0,69.309
2026-07-24T20:16:19,3762,23.574,21.24,0,0.0,69.31
2026-07-24T20:16:19,3763,24.021,21.027,0,0.0,69.311
2026-07-24T20:16:19,3764,9.622,25.948,0,0.0,69.303
2026-07-24T20:16:19,3765,12.723,25.48,0,0.0,69.277
2026-07-24T20:16:19,3766,11.062,24.888,0,0.0,69.273
2026-07-24T20:16:19,3767,12.481,24.748,0,0.0,69.263
2026-07-24T20:16:19,3768,11.895,23.686,0,0.0,69.245
2026-07-24T20:16:19,3769,11.982,25.22,0,0.0,69.226
2026-07-24T20:16:20,3770,12.717,23.661,0,0.0,69.202
2026-07-24T20:16:20,3771,12.332,24.712,0,0.0,69.192
2026-07-24T20:16:20,3772,10.492,25.951,0,0.0,69.17
2026-07-24T20:16:20,3773,12.419,25.222,0,0.0,69.156
2026-07-24T20:16:20,3774,11.894,25.412,0,0.0,69.136
2026-07-24T20:16:20,3775,12.743,24.957,0,0.0,69.107
2026-07-24T20:16:20,3776,10.849,25.298,0,0.0,69.098
2026-07-24T20:16:20,3777,13.898,25.575,0,0.0,69.083
2026-07-24T20:16:20,3778,10.456,26.343,0,0.0,69.075
2026-07-24T20:16:20,3779,13.641,24.069,0,0.0,69.114
2026-07-24T20:16:20,3780,10.994,26.03,0,0.0,69.122
2026-07-24T20:16:20,3781,12.088,25.23,0,0.0,69.135
2026-07-24T20:16:21,3782,11.965,25.234,0,0.0,69.135
2026-07-24T20:16:21,3783,12.415,25.44,0,0.0,69.125
2026-07-24T20:16:21,3784,11.211,26.209,0,0.0,69.093
2026-07-24T20:16:21,3785,12.41,24.551,0,0.0,69.05
2026-07-24T20:16:21,3786,11.596,25.717,0,0.0,68.975
2026-07-24T20:16:21,3787,11.833,26.485,0,0.0,68.9
2026-07-24T20:16:21,3788,12.198,24.886,0,0.0,68.887
2026-07-24T20:16:21,3789,12.916,24.813,0,0.0,68.859
2026-07-24T20:16:21,3790,11.143,25.259,0,0.0,68.816
2026-07-24T20:16:21,3791,12.263,26.317,0,0.0,68.778
2026-07-24T20:16:21,3792,11.542,25.558,0,0.0,68.724
2026-07-24T20:16:21,3793,12.113,25.868,0,0.0,68.678
2026-07-24T20:16:22,3794,11.893,26.57,0,0.0,68.635
2026-07-24T20:16:22,3795,12.885,24.528,0,0.0,68.589
2026-07-24T20:16:22,3796,11.096,24.846,0,0.0,68.525
2026-07-24T20:16:22,3797,12.142,24.99,0,0.0,68.453
2026-07-24T20:16:22,3798,11.76,25.921,0,0.0,68.355
2026-07-24T20:16:22,3799,12.013,26.008,0,0.0,68.241
2026-07-24T20:16:22,3800,12.625,25.285,0,0.0,68.081
2026-07-24T20:16:22,3801,10.917,25.78,0,0.0,67.841
2026-07-24T20:16:22,3802,14.008,25.009,0,0.0,67.482
2026-07-24T20:16:22,3803,10.429,25.012,0,0.0,66.891
2026-07-24T20:16:22,3804,13.443,24.577,0,0.0,65.902
2026-07-24T20:16:22,3805,11.215,25.288,0,0.0,64.643
2026-07-24T20:16:23,3806,11.881,25.575,0,0.0,62.727
2026-07-24T20:16:23,3807,11.856,24.915,0,0.0,62.522
2026-07-24T20:16:23,3808,12.844,25.832,1,0.4828,62.507
2026-07-24T20:16:23,3809,11.32,24.851,1,0.4765,62.34
2026-07-24T20:16:23,3810,12.202,25.288,1,0.6163,61.76
2026-07-24T20:16:23,3811,11.496,25.313,1,0.5263,61.245
2026-07-24T20:16:23,3812,12.323,24.747,0,0.0,60.82
2026-07-24T20:16:23,3813,11.754,24.822,0,0.0,60.902
2026-07-24T20:16:23,3814,13.665,25.313,0,0.0,60.955
2026-07-24T20:16:23,3815,10.41,26.558,1,0.5067,61.206
2026-07-24T20:16:23,3816,12.159,25.612,1,0.6471,61.39
2026-07-24T20:16:23,3817,11.574,26.901,1,0.7192,61.47
2026-07-24T20:16:24,3818,12.434,25.568,1,0.6862,61.836
2026-07-24T20:16:24,3819,12.692,25.208,2,0.4656,62.264
2026-07-24T20:16:24,3820,11.731,26.029,1,0.6861,62.563
2026-07-24T20:16:24,3821,11.029,26.712,1,0.7878,62.288
2026-07-24T20:16:24,3822,12.324,25.861,1,0.7509,61.213
2026-07-24T20:16:24,3823,12.118,25.598,1,0.8178,59.264
2026-07-24T20:16:24,3824,12.749,24.327,1,0.766,56.679
2026-07-24T20:16:24,3825,11.042,26.209,1,0.7701,56.633
2026-07-24T20:16:24,3826,12.05,26.132,1,0.7714,57.059
2026-07-24T20:16:24,3827,13.147,25.193,1,0.7345,57.692
2026-07-24T20:16:24,3828,10.754,24.765,1,0.7621,57.981
2026-07-24T20:16:24,3829,13.577,23.436,1,0.81,58.085
2026-07-24T20:16:25,3830,10.955,25.263,1,0.7777,58.133
2026-07-24T20:16:25,3831,12.025,24.841,1,0.8218,58.151
2026-07-24T20:16:25,3832,12.032,25.286,1,0.8428,58.04
2026-07-24T20:16:25,3833,11.875,25.782,1,0.8169,57.621
2026-07-24T20:16:25,3834,11.875,25.731,1,0.8258,57.222
2026-07-24T20:16:25,3835,12.19,24.897,1,0.8409,56.963
2026-07-24T20:16:25,3836,11.788,25.022,1,0.8249,56.816
2026-07-24T20:16:25,3837,12.076,24.327,1,0.804,56.818
2026-07-24T20:16:25,3838,11.641,25.11,1,0.8223,56.718
2026-07-24T20:16:25,3839,14.247,24.816,1,0.8087,56.676
2026-07-24T20:16:25,3840,10.329,26.372,1,0.8047,56.631
2026-07-24T20:16:26,3841,11.924,26.651,1,0.8273,56.615
2026-07-24T20:16:26,3842,15.89,23.161,1,0.8364,56.58
2026-07-24T20:16:26,3843,12.485,23.779,1,0.8,56.574
2026-07-24T20:16:26,3844,23.951,23.519,1,0.7509,56.566
2026-07-24T20:16:26,3845,25.573,21.621,1,0.7657,56.555
2026-07-24T20:16:26,3846,23.593,21.228,1,0.7793,56.536
2026-07-24T20:16:26,3847,23.452,22.505,1,0.7663,56.534
2026-07-24T20:16:26,3848,24.126,22.14,1,0.7479,56.555
2026-07-24T20:16:26,3849,23.861,21.588,1,0.7332,56.57
2026-07-24T20:16:26,3850,24.598,21.029,1,0.7539,56.559
2026-07-24T20:16:26,3851,22.657,23.224,1,0.749,56.577
2026-07-24T20:16:26,3852,25.466,21.233,1,0.7607,56.575
2026-07-24T20:16:26,3853,24.21,21.0,1,0.7558,56.57
2026-07-24T20:16:26,3854,24.01,20.617,1,0.7611,56.543
2026-07-24T20:16:26,3855,23.137,21.748,1,0.7393,56.503
2026-07-24T20:16:26,3856,22.609,23.571,1,0.7129,56.42
2026-07-24T20:16:26,3857,24.278,23.066,1,0.713,56.299
2026-07-24T20:16:26,3858,23.251,24.277,1,0.7273,56.225
2026-07-24T20:16:26,3859,22.991,25.975,1,0.734,56.155
2026-07-24T20:16:26,3860,24.266,25.692,1,0.7154,56.102
2026-07-24T20:16:26,3861,23.48,26.062,1,0.6806,56.075
2026-07-24T20:16:26,3862,25.877,22.801,1,0.7125,56.13
2026-07-24T20:16:26,3863,24.256,22.642,1,0.7042,56.103
2026-07-24T20:16:27,3864,23.017,24.185,1,0.6839,56.037
2026-07-24T20:16:27,3865,24.474,22.755,1,0.6941,55.954
2026-07-24T20:16:27,3866,23.314,23.475,1,0.6714,55.858
2026-07-24T20:16:27,3867,24.369,23.358,1,0.6529,55.732
2026-07-24T20:16:27,3868,24.194,22.521,1,0.6591,55.567
2026-07-24T20:16:27,3869,23.719,22.923,1,0.6384,55.464
2026-07-24T20:16:27,3870,23.427,23.643,1,0.629,55.399
2026-07-24T20:16:27,3871,24.381,23.184,1,0.6319,55.329
2026-07-24T20:16:27,3872,22.278,26.596,1,0.6402,55.31
2026-07-24T20:16:27,3873,23.252,27.696,1,0.6671,55.252
2026-07-24T20:16:27,3874,12.047,24.041,1,0.6127,55.059
2026-07-24T20:16:27,3875,24.871,24.232,1,0.6628,54.932
2026-07-24T20:16:27,3876,24.555,23.704,1,0.6811,54.803
2026-07-24T20:16:27,3877,25.587,21.769,1,0.6682,54.721
2026-07-24T20:16:27,3878,22.484,23.761,1,0.6984,54.771
2026-07-24T20:16:27,3879,24.6,22.721,1,0.6735,54.916
2026-07-24T20:16:27,3880,24.531,21.58,1,0.6407,54.977
2026-07-24T20:16:27,3881,22.855,23.039,1,0.6113,55.073
2026-07-24T20:16:27,3882,24.322,23.139,1,0.6283,55.129
2026-07-24T20:16:27,3883,24.16,22.424,1,0.6722,55.2
2026-07-24T20:16:27,3884,23.776,22.454,1,0.6852,55.356
2026-07-24T20:16:27,3885,23.143,23.452,1,0.6931,55.456
2026-07-24T20:16:27,3886,24.215,23.44,1,0.6504,55.536
2026-07-24T20:16:28,3887,20.829,29.733,1,0.6284,55.598
2026-07-24T20:16:28,3888,12.008,27.97,1,0.6734,55.697
2026-07-24T20:16:28,3889,11.818,23.375,1,0.6522,55.786
2026-07-24T20:16:28,3890,11.688,25.066,1,0.6658,55.824
2026-07-24T20:16:28,3891,11.868,25.438,1,0.6646,55.82
2026-07-24T20:16:28,3892,13.12,24.408,1,0.7068,55.848
2026-07-24T20:16:28,3893,24.763,23.467,1,0.7136,55.874
2026-07-24T20:16:28,3894,23.425,23.584,1,0.7024,55.724
2026-07-24T20:16:28,3895,24.068,23.4,1,0.6865,55.487
2026-07-24T20:16:28,3896,24.365,23.113,1,0.6229,55.188
2026-07-24T20:16:28,3897,24.361,22.435,1,0.5327,54.722
2026-07-24T20:16:28,3898,22.975,23.895,1,0.4865,54.45
2026-07-24T20:16:28,3899,23.858,23.566,1,0.6621,55.9
2026-07-24T20:16:28,3900,21.939,27.531,2,0.6331,58.144
2026-07-24T20:16:28,3901,12.004,28.436,1,0.686,61.931
2026-07-24T20:16:28,3902,12.552,22.803,1,0.7011,63.417
2026-07-24T20:16:28,3903,21.66,27.137,2,0.5452,62.887
2026-07-24T20:16:29,3904,12.622,23.233,2,0.4918,62.547
2026-07-24T20:16:29,3905,24.273,22.387,1,0.6931,62.331
2026-07-24T20:16:29,3906,24.339,21.771,1,0.795,62.397
2026-07-24T20:16:29,3907,22.764,22.768,1,0.7082,62.435
2026-07-24T20:16:29,3908,25.249,21.955,1,0.678,62.388
2026-07-24T20:16:29,3909,23.431,22.395,1,0.6216,62.344
2026-07-24T20:16:29,3910,23.919,22.533,2,0.5092,62.428
2026-07-24T20:16:29,3911,23.597,23.135,1,0.5828,62.517
2026-07-24T20:16:29,3912,24.065,22.719,1,0.6918,62.595
2026-07-24T20:16:29,3913,24.583,22.023,1,0.6935,62.716
2026-07-24T20:16:29,3914,23.303,23.0,1,0.5233,62.919
2026-07-24T20:16:29,3915,24.502,21.631,1,0.3888,62.429
2026-07-24T20:16:29,3916,23.757,21.973,1,0.4517,61.094
2026-07-24T20:16:29,3917,23.276,22.285,1,0.6923,59.599
2026-07-24T20:16:29,3918,24.017,21.793,2,0.6024,57.5
2026-07-24T20:16:29,3919,24.497,21.481,1,0.455,55.891
2026-07-24T20:16:29,3920,23.097,21.492,2,0.5853,56.319
2026-07-24T20:16:29,3921,25.54,21.139,2,0.6135,56.576
2026-07-24T20:16:29,3922,23.168,21.364,2,0.619,55.996
2026-07-24T20:16:29,3923,23.317,22.751,1,0.653,54.943
2026-07-24T20:16:29,3924,25.001,21.831,2,0.5806,53.567
2026-07-24T20:16:29,3925,23.92,21.683,1,0.6894,52.558
2026-07-24T20:16:29,3926,22.093,24.369,2,0.5485,52.106
2026-07-24T20:16:30,3927,24.056,23.812,1,0.6421,51.618
2026-07-24T20:16:30,3928,25.353,21.867,1,0.7882,51.389
2026-07-24T20:16:30,3929,22.219,25.762,1,0.7581,51.329
2026-07-24T20:16:30,3930,23.974,24.681,1,0.663,51.37
2026-07-24T20:16:30,3931,25.937,22.704,1,0.7631,51.477
2026-07-24T20:16:30,3932,21.203,26.067,1,0.7909,51.836
2026-07-24T20:16:30,3933,25.169,24.172,1,0.824,52.04
2026-07-24T20:16:30,3934,25.939,21.463,1,0.8102,52.099
2026-07-24T20:16:30,3935,23.321,22.524,1,0.794,52.739
2026-07-24T20:16:30,3936,24.158,22.842,1,0.8088,52.639
2026-07-24T20:16:30,3937,24.24,22.527,1,0.7589,52.535
2026-07-24T20:16:30,3938,23.771,21.97,1,0.8286,52.451
2026-07-24T20:16:30,3939,21.356,26.922,1,0.837,52.325
2026-07-24T20:16:30,3940,25.066,24.653,1,0.8252,52.108
2026-07-24T20:16:30,3941,22.507,26.765,1,0.7982,52.188
2026-07-24T20:16:30,3942,11.76,23.141,1,0.7652,52.059
2026-07-24T20:16:30,3943,11.832,23.949,1,0.7983,51.8
2026-07-24T20:16:30,3944,11.807,23.777,1,0.6504,51.911
2026-07-24T20:16:30,3945,11.875,24.58,1,0.7241,52.21
2026-07-24T20:16:31,3946,11.447,24.515,1,0.8168,53.008
2026-07-24T20:16:31,3947,10.367,27.742,1,0.8137,52.77
2026-07-24T20:16:31,3948,12.852,26.731,2,0.601,52.228
2026-07-24T20:16:31,3949,10.982,25.834,1,0.6844,51.931
2026-07-24T20:16:31,3950,12.011,26.317,2,0.5878,51.803
2026-07-24T20:16:31,3951,13.104,26.653,1,0.7763,52.263
2026-07-24T20:16:31,3952,11.116,24.55,1,0.7759,52.08
2026-07-24T20:16:31,3953,11.856,25.02,1,0.7232,52.018
2026-07-24T20:16:31,3954,12.094,25.175,1,0.6902,52.099
2026-07-24T20:16:31,3955,12.992,25.019,1,0.7309,52.219
2026-07-24T20:16:31,3956,11.812,25.758,2,0.5802,51.945
2026-07-24T20:16:31,3957,11.542,24.977,2,0.5416,51.858
2026-07-24T20:16:32,3958,11.338,25.212,1,0.7508,51.795
2026-07-24T20:16:32,3959,12.204,25.003,2,0.669,51.819
2026-07-24T20:16:32,3960,12.312,24.017,2,0.5816,51.894
2026-07-24T20:16:32,3961,11.819,24.384,1,0.6939,52.08
2026-07-24T20:16:32,3962,12.109,23.862,1,0.6662,52.176
2026-07-24T20:16:32,3963,12.209,25.162,1,0.7032,52.202
2026-07-24T20:16:32,3964,11.129,25.349,2,0.571,52.155
2026-07-24T20:16:32,3965,12.285,24.788,1,0.6891,52.152
2026-07-24T20:16:32,3966,14.349,24.209,1,0.7292,52.134
2026-07-24T20:16:32,3967,23.866,21.522,1,0.7465,52.166
2026-07-24T20:16:32,3968,27.819,19.985,1,0.7607,52.185
2026-07-24T20:16:32,3969,24.901,20.072,1,0.7952,52.233
2026-07-24T20:16:32,3970,23.517,20.926,1,0.7857,52.249
2026-07-24T20:16:32,3971,23.963,21.378,1,0.8049,52.226
2026-07-24T20:16:32,3972,23.609,20.805,1,0.8094,52.228
2026-07-24T20:16:33,3973,25.61,20.664,1,0.8045,52.291
2026-07-24T20:16:33,3974,22.399,20.319,1,0.8203,52.359
2026-07-24T20:16:33,3975,24.467,20.84,1,0.7877,52.372
2026-07-24T20:16:33,3976,23.129,20.592,1,0.7864,52.358
2026-07-24T20:16:33,3977,24.405,20.634,1,0.7744,52.332
2026-07-24T20:16:33,3978,23.985,20.573,1,0.7539,52.288
2026-07-24T20:16:33,3979,23.948,20.567,1,0.7568,52.27
2026-07-24T20:16:33,3980,23.393,20.864,1,0.7315,52.281
2026-07-24T20:16:33,3981,24.763,20.738,1,0.6944,52.255
2026-07-24T20:16:33,3982,22.798,20.677,1,0.737,52.215
2026-07-24T20:16:33,3983,24.836,20.73,1,0.7152,52.205
2026-07-24T20:16:33,3984,23.384,20.771,1,0.6983,52.206
2026-07-24T20:16:33,3985,27.735,20.448,2,0.534,52.192
2026-07-24T20:16:33,3986,20.916,20.21,2,0.6643,52.215
2026-07-24T20:16:33,3987,24.036,20.414,1,0.708,52.28
2026-07-24T20:16:33,3988,23.915,21.123,2,0.5813,52.35
2026-07-24T20:16:33,3989,23.764,21.831,2,0.5372,52.432
2026-07-24T20:16:33,3990,24.619,20.649,1,0.7198,52.437
2026-07-24T20:16:33,3991,22.982,20.447,1,0.7484,52.421
2026-07-24T20:16:33,3992,23.923,20.731,1,0.7461,52.407
2026-07-24T20:16:33,3993,24.305,21.161,1,0.7436,52.384
2026-07-24T20:16:33,3994,24.445,20.167,1,0.7332,52.325
2026-07-24T20:16:33,3995,23.162,20.543,1,0.7459,52.268
2026-07-24T20:16:33,3996,24.579,20.359,2,0.6013,52.209
2026-07-24T20:16:34,3997,22.741,22.097,2,0.681,52.17
2026-07-24T20:16:34,3998,26.407,21.005,2,0.7061,52.154
2026-07-24T20:16:34,3999,21.735,21.145,2,0.7139,52.125
2026-07-24T20:16:34,4000,24.576,21.322,2,0.6797,52.092
2026-07-24T20:16:34,4001,24.005,20.636,2,0.6456,52.084
2026-07-24T20:16:34,4002,23.899,20.93,1,0.7364,52.1
2026-07-24T20:16:34,4003,24.925,20.016,1,0.7424,52.12
2026-07-24T20:16:34,4004,24.242,20.486,1,0.7343,52.122
2026-07-24T20:16:34,4005,23.0,20.209,1,0.7116,52.117
2026-07-24T20:16:34,4006,24.471,20.701,1,0.726,52.133
2026-07-24T20:16:34,4007,9.87,28.02,1,0.7397,52.139
2026-07-24T20:16:34,4008,16.502,20.475,1,0.6717,52.265
2026-07-24T20:16:34,4009,18.685,22.896,1,0.7131,52.282
2026-07-24T20:16:34,4010,27.542,20.072,2,0.5588,52.203
2026-07-24T20:16:34,4011,25.733,20.596,2,0.5722,52.184
2026-07-24T20:16:34,4012,21.07,22.314,2,0.5681,52.087
2026-07-24T20:16:34,4013,25.902,21.157,1,0.6779,52.105
2026-07-24T20:16:34,4014,23.248,21.108,1,0.6799,52.199
2026-07-24T20:16:34,4015,23.312,23.167,1,0.7172,52.223
2026-07-24T20:16:34,4016,25.158,22.335,1,0.7288,52.244
2026-07-24T20:16:34,4017,25.376,19.549,1,0.7256,52.239
2026-07-24T20:16:34,4018,22.149,20.088,2,0.5949,52.282
2026-07-24T20:16:35,4019,26.164,19.932,2,0.5476,52.353
2026-07-24T20:16:35,4020,23.839,20.181,1,0.7565,52.457
2026-07-24T20:16:35,4021,9.622,23.695,1,0.7787,52.543
2026-07-24T20:16:35,4022,12.494,24.289,1,0.7534,52.61
2026-07-24T20:16:35,4023,12.211,23.748,1,0.7281,52.512
2026-07-24T20:16:35,4024,10.375,26.076,2,0.5797,52.469
2026-07-24T20:16:35,4025,12.33,25.215,1,0.7262,52.515
2026-07-24T20:16:35,4026,13.297,24.645,1,0.7354,52.461
2026-07-24T20:16:35,4027,11.505,24.788,1,0.6997,52.428
2026-07-24T20:16:35,4028,11.205,25.17,2,0.5444,52.563
2026-07-24T20:16:35,4029,12.255,24.858,1,0.7218,52.595
2026-07-24T20:16:35,4030,11.563,24.86,2,0.5716,52.546
2026-07-24T20:16:36,4031,12.293,24.781,2,0.6425,52.513
2026-07-24T20:16:36,4032,12.532,25.081,1,0.7695,52.484
2026-07-24T20:16:36,4033,11.621,25.071,1,0.7489,52.524
2026-07-24T20:16:36,4034,12.167,23.265,2,0.6252,52.553
2026-07-24T20:16:36,4035,11.149,26.233,2,0.5575,52.543
2026-07-24T20:16:36,4036,12.401,24.759,1,0.7707,52.623
2026-07-24T20:16:36,4037,12.006,25.404,1,0.7614,52.639
2026-07-24T20:16:36,4038,12.385,24.69,2,0.565,52.66
2026-07-24T20:16:36,4039,11.722,25.167,2,0.6695,52.64
2026-07-24T20:16:36,4040,11.396,25.145,2,0.7115,52.67
2026-07-24T20:16:36,4041,12.955,24.193,2,0.6979,52.786
2026-07-24T20:16:36,4042,10.984,25.522,2,0.6175,52.934
2026-07-24T20:16:37,4043,12.761,24.388,1,0.7801,53.092
2026-07-24T20:16:37,4044,11.403,25.332,1,0.7705,53.174
2026-07-24T20:16:37,4045,14.328,23.974,2,0.6045,53.384
2026-07-24T20:16:37,4046,10.158,25.277,1,0.7635,53.419
2026-07-24T20:16:37,4047,13.073,25.131,2,0.5766,53.431
2026-07-24T20:16:37,4048,11.262,25.331,1,0.7568,53.468
2026-07-24T20:16:37,4049,12.154,24.67,2,0.57,53.345
2026-07-24T20:16:37,4050,11.639,24.562,2,0.5704,53.196
2026-07-24T20:16:37,4051,13.495,24.918,1,0.7937,53.157
2026-07-24T20:16:37,4052,10.672,25.264,2,0.6078,53.079
2026-07-24T20:16:37,4053,12.068,25.372,1,0.7887,53.113
2026-07-24T20:16:37,4054,11.936,25.802,1,0.7875,53.12
2026-07-24T20:16:38,4055,11.873,25.242,1,0.8005,53.203
2026-07-24T20:16:38,4056,12.15,24.005,2,0.6589,53.237
2026-07-24T20:16:38,4057,14.08,24.115,2,0.6612,53.198
2026-07-24T20:16:38,4058,10.359,23.992,2,0.6304,53.145
2026-07-24T20:16:38,4059,12.037,24.95,2,0.6437,52.984
2026-07-24T20:16:38,4060,11.672,26.212,1,0.8216,52.881
2026-07-24T20:16:38,4061,12.196,25.341,2,0.6684,52.912
2026-07-24T20:16:38,4062,12.006,25.648,1,0.8073,52.818
2026-07-24T20:16:38,4063,11.931,25.748,2,0.644,52.881
2026-07-24T20:16:38,4064,12.124,24.118,2,0.6382,52.883
2026-07-24T20:16:38,4065,11.726,24.84,2,0.6692,52.839
2026-07-24T20:16:38,4066,12.04,24.784,2,0.6394,52.762
2026-07-24T20:16:39,4067,11.822,24.962,2,0.6805,52.729
2026-07-24T20:16:39,4068,12.989,24.031,2,0.6701,52.667
2026-07-24T20:16:39,4069,10.716,25.318,2,0.6669,52.67
2026-07-24T20:16:39,4070,13.494,25.136,2,0.7065,52.835
2026-07-24T20:16:39,4071,12.068,25.938,2,0.6419,52.992
2026-07-24T20:16:39,4072,10.674,24.628,1,0.8064,53.168
2026-07-24T20:16:39,4073,13.058,23.528,2,0.6225,53.04
2026-07-24T20:16:39,4074,11.294,24.579,2,0.6157,53.071
2026-07-24T20:16:39,4075,12.712,25.059,2,0.6718,53.172
2026-07-24T20:16:39,4076,12.28,25.497,2,0.6171,53.052
2026-07-24T20:16:39,4077,11.002,25.387,2,0.6585,53.077
2026-07-24T20:16:39,4078,12.869,24.669,2,0.6202,53.092
2026-07-24T20:16:40,4079,10.94,24.666,2,0.6199,53.133
2026-07-24T20:16:40,4080,12.123,26.425,1,0.7967,53.191
2026-07-24T20:16:40,4081,12.259,24.481,1,0.816,53.104
2026-07-24T20:16:40,4082,12.874,25.342,1,0.8069,53.435
2026-07-24T20:16:40,4083,10.019,33.57,1,0.7163,53.226
2026-07-24T20:16:40,4084,14.882,22.935,1,0.6281,53.33
2026-07-24T20:16:40,4085,10.798,24.068,1,0.5242,54.96
2026-07-24T20:16:40,4086,12.326,25.071,0,0.0,56.801
2026-07-24T20:16:40,4087,12.508,24.722,1,0.6939,57.709
2026-07-24T20:16:40,4088,12.49,25.053,1,0.6209,56.791
2026-07-24T20:16:40,4089,10.672,25.612,1,0.5159,53.995
2026-07-24T20:16:40,4090,12.231,24.452,1,0.6553,52.885
2026-07-24T20:16:41,4091,12.143,24.139,1,0.4969,52.119
2026-07-24T20:16:41,4092,11.891,24.475,1,0.7662,52.304
2026-07-24T20:16:41,4093,11.982,29.487,0,0.0,53.223
2026-07-24T20:16:41,4094,12.154,24.713,1,0.3821,54.102
2026-07-24T20:16:41,4095,11.617,25.058,1,0.6272,53.744
2026-07-24T20:16:41,4096,12.07,25.043,1,0.6595,52.83
2026-07-24T20:16:41,4097,11.838,25.657,1,0.6511,52.664
2026-07-24T20:16:41,4098,13.15,23.741,0,0.0,53.508
2026-07-24T20:16:41,4099,10.531,24.892,0,0.0,55.062
2026-07-24T20:16:41,4100,12.907,25.658,0,0.0,56.869
2026-07-24T20:16:41,4101,12.56,24.765,0,0.0,58.535
2026-07-24T20:16:41,4102,10.915,25.593,0,0.0,59.73
2026-07-24T20:16:42,4103,13.062,24.345,0,0.0,60.738
2026-07-24T20:16:42,4104,10.889,24.784,0,0.0,61.737
2026-07-24T20:16:42,4105,12.635,25.11,0,0.0,63.285
2026-07-24T20:16:42,4106,11.543,24.996,0,0.0,63.884
2026-07-24T20:16:42,4107,13.654,24.238,0,0.0,64.325
2026-07-24T20:16:42,4108,10.7,25.544,0,0.0,64.746
2026-07-24T20:16:42,4109,12.003,24.466,0,0.0,65.122
2026-07-24T20:16:42,4110,11.852,25.129,0,0.0,65.488
2026-07-24T20:16:42,4111,11.909,26.408,0,0.0,65.84
2026-07-24T20:16:42,4112,12.333,25.103,0,0.0,66.153
2026-07-24T20:16:42,4113,13.217,24.446,0,0.0,66.412
2026-07-24T20:16:42,4114,10.196,26.523,0,0.0,66.649
2026-07-24T20:16:43,4115,12.469,25.298,0,0.0,66.844
2026-07-24T20:16:43,4116,12.207,24.232,0,0.0,66.988
2026-07-24T20:16:43,4117,11.952,24.92,0,0.0,67.094
2026-07-24T20:16:43,4118,12.479,24.176,0,0.0,67.208
2026-07-24T20:16:43,4119,11.685,25.151,0,0.0,67.339
2026-07-24T20:16:43,4120,11.25,25.766,0,0.0,67.465
2026-07-24T20:16:43,4121,12.705,24.797,0,0.0,67.609
2026-07-24T20:16:43,4122,11.663,25.842,0,0.0,67.703
2026-07-24T20:16:43,4123,11.867,25.798,0,0.0,67.767
2026-07-24T20:16:43,4124,11.575,29.019,0,0.0,67.844
2026-07-24T20:16:43,4125,16.958,26.185,0,0.0,67.921
2026-07-24T20:16:43,4126,23.711,27.281,0,0.0,67.952
2026-07-24T20:16:44,4127,7.675,66.021,0,0.0,68.012
2026-07-24T20:16:44,4128,11.028,25.624,0,0.0,68.075
2026-07-24T20:16:44,4129,11.525,25.779,0,0.0,68.14
2026-07-24T20:16:44,4130,11.707,25.428,0,0.0,68.243
2026-07-24T20:16:44,4131,11.915,24.969,0,0.0,68.373
2026-07-24T20:16:44,4132,11.609,24.523,0,0.0,68.53
2026-07-24T20:16:44,4133,12.644,23.591,0,0.0,68.652
2026-07-24T20:16:44,4134,11.072,24.809,0,0.0,68.744
2026-07-24T20:16:44,4135,12.265,23.781,0,0.0,68.785
2026-07-24T20:16:44,4136,11.866,24.572,0,0.0,68.795
2026-07-24T20:16:44,4137,14.91,23.06,0,0.0,68.842
2026-07-24T20:16:44,4138,26.121,22.29,0,0.0,68.878
2026-07-24T20:16:44,4139,23.536,20.75,0,0.0,68.914
2026-07-24T20:16:44,4140,27.895,20.807,0,0.0,68.958
2026-07-24T20:16:45,4141,23.796,21.274,0,0.0,68.971
2026-07-24T20:16:45,4142,19.515,21.176,0,0.0,68.984
2026-07-24T20:16:45,4143,25.386,20.542,0,0.0,69.021
2026-07-24T20:16:45,4144,24.855,21.779,0,0.0,69.058
2026-07-24T20:16:45,4145,24.287,20.237,0,0.0,69.098
2026-07-24T20:16:45,4146,22.958,20.675,0,0.0,69.125
2026-07-24T20:16:45,4147,24.676,20.707,0,0.0,69.15
2026-07-24T20:16:45,4148,23.181,20.799,0,0.0,69.176
2026-07-24T20:16:45,4149,24.935,19.928,0,0.0,69.197
2026-07-24T20:16:45,4150,23.888,20.522,0,0.0,69.217
2026-07-24T20:16:45,4151,24.633,20.434,0,0.0,69.227
2026-07-24T20:16:45,4152,22.007,20.858,0,0.0,69.245
2026-07-24T20:16:45,4153,24.283,20.778,0,0.0,69.258
2026-07-24T20:16:45,4154,24.378,20.276,0,0.0,69.264
2026-07-24T20:16:45,4155,23.349,20.632,0,0.0,69.262
2026-07-24T20:16:45,4156,24.516,20.267,0,0.0,69.251
2026-07-24T20:16:45,4157,23.206,20.535,0,0.0,69.242
2026-07-24T20:16:45,4158,24.086,20.466,0,0.0,69.21
2026-07-24T20:16:45,4159,24.114,20.577,0,0.0,69.208
2026-07-24T20:16:45,4160,24.359,19.775,0,0.0,69.214
2026-07-24T20:16:45,4161,23.397,19.78,0,0.0,69.196
2026-07-24T20:16:45,4162,23.699,20.48,0,0.0,69.193
2026-07-24T20:16:45,4163,25.377,20.467,0,0.0,69.185
2026-07-24T20:16:45,4164,22.382,20.326,0,0.0,69.181
2026-07-24T20:16:46,4165,25.217,20.114,0,0.0,69.198
2026-07-24T20:16:46,4166,21.456,22.754,0,0.0,69.236
2026-07-24T20:16:46,4167,26.304,20.446,0,0.0,69.263
2026-07-24T20:16:46,4168,22.426,21.241,0,0.0,69.293
2026-07-24T20:16:46,4169,24.27,21.42,0,0.0,69.323
2026-07-24T20:16:46,4170,24.466,21.041,0,0.0,69.35
2026-07-24T20:16:46,4171,23.783,20.883,0,0.0,69.372
2026-07-24T20:16:46,4172,24.472,20.553,0,0.0,69.392
2026-07-24T20:16:46,4173,23.384,20.727,0,0.0,69.412
2026-07-24T20:16:46,4174,24.226,20.504,0,0.0,69.443
2026-07-24T20:16:46,4175,25.209,20.578,0,0.0,69.465
2026-07-24T20:16:46,4176,22.325,21.37,0,0.0,69.482
2026-07-24T20:16:46,4177,24.844,20.906,0,0.0,69.487
2026-07-24T20:16:46,4178,22.924,21.041,0,0.0,69.489
2026-07-24T20:16:46,4179,24.78,20.957,0,0.0,69.488
2026-07-24T20:16:46,4180,24.071,20.484,0,0.0,69.451
2026-07-24T20:16:46,4181,23.672,20.61,0,0.0,69.41
2026-07-24T20:16:46,4182,23.303,20.803,0,0.0,69.394
2026-07-24T20:16:46,4183,25.34,20.503,0,0.0,69.387
2026-07-24T20:16:46,4184,22.868,21.032,0,0.0,69.354
2026-07-24T20:16:46,4185,24.002,20.635,0,0.0,69.346
2026-07-24T20:16:46,4186,24.694,20.437,0,0.0,69.303
2026-07-24T20:16:46,4187,26.478,20.866,0,0.0,69.275
2026-07-24T20:16:46,4188,21.387,21.333,0,0.0,69.245
2026-07-24T20:16:47,4189,24.5,20.489,0,0.0,69.217
2026-07-24T20:16:47,4190,23.32,20.85,0,0.0,69.189
2026-07-24T20:16:47,4191,24.021,21.303,0,0.0,69.164
2026-07-24T20:16:47,4192,24.104,20.983,0,0.0,69.134
2026-07-24T20:16:47,4193,23.165,21.339,0,0.0,69.114
2026-07-24T20:16:47,4194,25.187,20.705,0,0.0,69.091
2026-07-24T20:16:47,4195,22.727,21.013,0,0.0,69.057
2026-07-24T20:16:47,4196,24.137,21.136,0,0.0,69.033
2026-07-24T20:16:47,4197,24.664,20.846,0,0.0,69.025
2026-07-24T20:16:47,4198,22.978,20.976,0,0.0,69.013
2026-07-24T20:16:47,4199,25.024,21.262,0,0.0,69.008
2026-07-24T20:16:47,4200,23.769,21.321,0,0.0,68.999
2026-07-24T20:16:47,4201,23.022,20.879,0,0.0,68.997
2026-07-24T20:16:47,4202,24.878,20.507,0,0.0,68.997
2026-07-24T20:16:47,4203,22.829,21.078,0,0.0,68.993
2026-07-24T20:16:47,4204,24.924,20.566,0,0.0,68.998
2026-07-24T20:16:47,4205,23.647,20.894,0,0.0,68.986
2026-07-24T20:16:47,4206,23.822,21.281,0,0.0,68.982
2026-07-24T20:16:47,4207,24.024,20.961,0,0.0,68.969
2026-07-24T20:16:47,4208,23.341,20.716,0,0.0,68.967
2026-07-24T20:16:47,4209,24.78,20.651,0,0.0,68.964
2026-07-24T20:16:47,4210,22.992,21.152,0,0.0,68.959
2026-07-24T20:16:47,4211,24.07,21.398,0,0.0,68.943
2026-07-24T20:16:47,4212,25.488,21.312,0,0.0,68.934
2026-07-24T20:16:48,4213,21.676,21.344,0,0.0,68.928
2026-07-24T20:16:48,4214,24.722,21.834,0,0.0,68.925
2026-07-24T20:16:48,4215,24.315,21.138,0,0.0,68.925
2026-07-24T20:16:48,4216,24.189,20.592,0,0.0,68.911
2026-07-24T20:16:48,4217,23.474,21.384,0,0.0,68.899
2026-07-24T20:16:48,4218,26.081,22.229,0,0.0,68.89
2026-07-24T20:16:48,4219,24.994,21.951,0,0.0,68.898
2026-07-24T20:16:48,4220,19.819,21.928,0,0.0,68.895
2026-07-24T20:16:48,4221,25.695,20.515,0,0.0,68.897
2026-07-24T20:16:48,4222,23.769,21.02,0,0.0,68.893
2026-07-24T20:16:48,4223,23.571,21.106,0,0.0,68.897
2026-07-24T20:16:48,4224,9.576,24.687,0,0.0,68.917
2026-07-24T20:16:48,4225,12.459,24.064,0,0.0,68.938
2026-07-24T20:16:48,4226,11.914,25.634,0,0.0,68.964
2026-07-24T20:16:48,4227,11.909,24.247,0,0.0,68.995
2026-07-24T20:16:48,4228,11.685,25.652,0,0.0,69.031
2026-07-24T20:16:48,4229,11.918,25.74,0,0.0,69.046
2026-07-24T20:16:49,4230,12.957,25.256,0,0.0,69.061
2026-07-24T20:16:49,4231,11.249,24.987,0,0.0,69.093
2026-07-24T20:16:49,4232,12.068,24.849,0,0.0,69.128
2026-07-24T20:16:49,4233,11.908,24.604,0,0.0,69.156
2026-07-24T20:16:49,4234,12.065,24.731,0,0.0,69.153
2026-07-24T20:16:49,4235,11.863,25.187,0,0.0,69.158
2026-07-24T20:16:49,4236,13.273,24.316,0,0.0,69.175
2026-07-24T20:16:49,4237,10.378,25.341,0,0.0,69.199
2026-07-24T20:16:49,4238,13.103,24.826,0,0.0,69.211
2026-07-24T20:16:49,4239,11.547,23.886,0,0.0,69.211
2026-07-24T20:16:49,4240,11.876,24.68,0,0.0,69.186
2026-07-24T20:16:49,4241,12.819,24.029,0,0.0,69.175
2026-07-24T20:16:50,4242,11.394,25.282,0,0.0,69.185
2026-07-24T20:16:50,4243,11.649,24.468,0,0.0,69.172
2026-07-24T20:16:50,4244,12.101,24.218,0,0.0,69.163
2026-07-24T20:16:50,4245,11.944,24.835,0,0.0,69.169
2026-07-24T20:16:50,4246,12.043,24.527,0,0.0,69.151
2026-07-24T20:16:50,4247,11.493,26.08,0,0.0,69.206
2026-07-24T20:16:50,4248,12.802,24.748,0,0.0,69.243
2026-07-24T20:16:50,4249,11.087,26.008,0,0.0,69.284
2026-07-24T20:16:50,4250,13.413,24.89,0,0.0,69.328
2026-07-24T20:16:50,4251,11.233,24.418,0,0.0,69.356
2026-07-24T20:16:50,4252,11.951,24.947,0,0.0,69.371
2026-07-24T20:16:50,4253,11.815,25.189,0,0.0,69.392
2026-07-24T20:16:51,4254,12.156,24.902,0,0.0,69.408
2026-07-24T20:16:51,4255,12.646,24.446,0,0.0,69.428
2026-07-24T20:16:51,4256,11.053,26.096,0,0.0,69.432
2026-07-24T20:16:51,4257,12.135,25.477,0,0.0,69.454
2026-07-24T20:16:51,4258,12.048,24.549,0,0.0,69.47
2026-07-24T20:16:51,4259,11.936,25.314,0,0.0,69.468
2026-07-24T20:16:51,4260,11.979,25.187,0,0.0,69.472
2026-07-24T20:16:51,4261,12.611,24.196,0,0.0,69.456
2026-07-24T20:16:51,4262,10.945,24.782,0,0.0,69.463
2026-07-24T20:16:51,4263,13.067,25.279,0,0.0,69.453
2026-07-24T20:16:51,4264,11.054,25.558,0,0.0,69.436
2026-07-24T20:16:51,4265,12.35,24.388,0,0.0,69.426
2026-07-24T20:16:52,4266,12.921,23.821,0,0.0,69.41
2026-07-24T20:16:52,4267,11.911,25.076,0,0.0,69.412
2026-07-24T20:16:52,4268,10.663,25.095,0,0.0,69.422
2026-07-24T20:16:52,4269,13.271,24.348,0,0.0,69.432
2026-07-24T20:16:52,4270,11.087,26.291,0,0.0,69.436
2026-07-24T20:16:52,4271,13.166,24.194,0,0.0,69.442
2026-07-24T20:16:52,4272,10.796,25.106,0,0.0,69.444
2026-07-24T20:16:52,4273,14.038,24.833,0,0.0,69.421
2026-07-24T20:16:52,4274,10.348,25.753,0,0.0,69.417
2026-07-24T20:16:52,4275,13.853,24.02,0,0.0,69.423
2026-07-24T20:16:52,4276,10.925,24.765,0,0.0,69.427
2026-07-24T20:16:52,4277,12.051,24.746,0,0.0,69.44
2026-07-24T20:16:53,4278,11.924,24.664,0,0.0,69.438
2026-07-24T20:16:53,4279,12.929,24.393,0,0.0,69.44
2026-07-24T20:16:53,4280,10.855,25.321,0,0.0,69.441
2026-07-24T20:16:53,4281,13.33,23.995,0,0.0,69.467
2026-07-24T20:16:53,4282,13.836,23.81,0,0.0,69.476
2026-07-24T20:16:53,4283,21.223,23.816,0,0.0,69.473
2026-07-24T20:16:53,4284,24.898,22.056,0,0.0,69.48
2026-07-24T20:16:53,4285,26.303,21.208,0,0.0,69.482
2026-07-24T20:16:53,4286,24.375,20.744,0,0.0,69.483
2026-07-24T20:16:53,4287,26.352,20.75,0,0.0,69.483
2026-07-24T20:16:53,4288,22.172,20.41,0,0.0,69.49
2026-07-24T20:16:53,4289,26.305,20.822,0,0.0,69.498
2026-07-24T20:16:53,4290,22.118,20.437,0,0.0,69.509
2026-07-24T20:16:53,4291,24.891,19.892,0,0.0,69.514
2026-07-24T20:16:53,4292,22.396,19.899,0,0.0,69.522
2026-07-24T20:16:53,4293,23.606,20.817,0,0.0,69.52
2026-07-24T20:16:53,4294,24.354,20.258,0,0.0,69.519
2026-07-24T20:16:53,4295,24.861,20.32,0,0.0,69.523
2026-07-24T20:16:53,4296,23.174,19.874,0,0.0,69.521
2026-07-24T20:16:54,4297,24.383,19.93,0,0.0,69.523
2026-07-24T20:16:54,4298,23.097,20.804,0,0.0,69.52
2026-07-24T20:16:54,4299,24.542,19.848,0,0.0,69.528
2026-07-24T20:16:54,4300,12.636,22.427,0,0.0,69.515
2026-07-24T20:16:54,4301,20.344,20.761,0,0.0,69.514
2026-07-24T20:16:54,4302,24.783,20.69,0,0.0,69.52
2026-07-24T20:16:54,4303,24.772,20.515,0,0.0,69.521
2026-07-24T20:16:54,4304,27.349,21.135,0,0.0,69.523
2026-07-24T20:16:54,4305,23.726,21.466,0,0.0,69.525
2026-07-24T20:16:54,4306,20.485,20.737,0,0.0,69.522
2026-07-24T20:16:54,4307,25.546,19.952,0,0.0,69.52
2026-07-24T20:16:54,4308,24.072,20.265,0,0.0,69.516
2026-07-24T20:16:54,4309,24.024,20.482,0,0.0,69.515
2026-07-24T20:16:54,4310,23.059,20.25,0,0.0,69.508
2026-07-24T20:16:54,4311,24.78,20.201,0,0.0,69.52
2026-07-24T20:16:54,4312,23.117,21.615,0,0.0,69.517
2026-07-24T20:16:54,4313,26.496,20.69,0,0.0,69.528
2026-07-24T20:16:54,4314,21.095,20.46,0,0.0,69.538
2026-07-24T20:16:54,4315,12.564,23.178,0,0.0,69.546
2026-07-24T20:16:54,4316,18.531,22.516,0,0.0,69.551
2026-07-24T20:16:54,4317,27.83,20.721,0,0.0,69.556
2026-07-24T20:16:54,4318,28.246,20.173,0,0.0,69.556
2026-07-24T20:16:55,4319,22.934,19.957,0,0.0,69.551
2026-07-24T20:16:55,4320,24.186,20.516,0,0.0,69.552
2026-07-24T20:16:55,4321,23.709,19.674,0,0.0,69.549
2026-07-24T20:16:55,4322,23.901,20.436,0,0.0,69.548
2026-07-24T20:16:55,4323,23.014,21.59,0,0.0,69.546
2026-07-24T20:16:55,4324,24.305,22.267,0,0.0,69.541
2026-07-24T20:16:55,4325,23.364,20.774,0,0.0,69.544
2026-07-24T20:16:55,4326,24.196,21.636,0,0.0,69.538
2026-07-24T20:16:55,4327,23.528,21.588,0,0.0,69.535
2026-07-24T20:16:55,4328,24.72,20.721,0,0.0,69.527
2026-07-24T20:16:55,4329,23.23,20.828,0,0.0,69.529
2026-07-24T20:16:55,4330,24.13,21.032,0,0.0,69.522
2026-07-24T20:16:55,4331,23.804,21.621,0,0.0,69.517
2026-07-24T20:16:55,4332,24.019,20.85,0,0.0,69.511
2026-07-24T20:16:55,4333,23.625,20.963,0,0.0,69.508
2026-07-24T20:16:55,4334,23.918,21.461,0,0.0,69.51
2026-07-24T20:16:55,4335,24.096,20.938,0,0.0,69.511
2026-07-24T20:16:55,4336,26.017,21.067,0,0.0,69.514
2026-07-24T20:16:55,4337,21.416,21.239,0,0.0,69.513
2026-07-24T20:16:55,4338,25.832,21.696,0,0.0,69.517
2026-07-24T20:16:55,4339,22.754,20.422,0,0.0,69.517
2026-07-24T20:16:55,4340,23.464,21.705,0,0.0,69.518
2026-07-24T20:16:55,4341,24.239,21.706,0,0.0,69.503
2026-07-24T20:16:55,4342,26.237,22.751,0,0.0,69.493
2026-07-24T20:16:56,4343,25.07,21.827,0,0.0,69.486
2026-07-24T20:16:56,4344,19.879,21.739,0,0.0,69.481
2026-07-24T20:16:56,4345,25.713,20.763,0,0.0,69.476
2026-07-24T20:16:56,4346,23.873,21.096,0,0.0,69.472
2026-07-24T20:16:56,4347,23.523,21.356,0,0.0,69.479
2026-07-24T20:16:56,4348,26.173,21.294,0,0.0,69.485
2026-07-24T20:16:56,4349,22.149,21.571,0,0.0,69.481
2026-07-24T20:16:56,4350,24.307,21.001,0,0.0,69.488
2026-07-24T20:16:56,4351,23.865,21.157,0,0.0,69.481
2026-07-24T20:16:56,4352,23.473,21.401,0,0.0,69.488
2026-07-24T20:16:56,4353,24.023,21.596,0,0.0,69.492
2026-07-24T20:16:56,4354,24.501,20.779,0,0.0,69.501
2026-07-24T20:16:56,4355,23.282,21.168,0,0.0,69.507
2026-07-24T20:16:56,4356,23.821,21.561,0,0.0,69.513
2026-07-24T20:16:56,4357,24.036,21.272,0,0.0,69.513
2026-07-24T20:16:56,4358,24.175,20.989,0,0.0,69.521
2026-07-24T20:16:56,4359,23.696,21.52,0,0.0,69.527
2026-07-24T20:16:56,4360,23.651,21.664,0,0.0,69.535
2026-07-24T20:16:56,4361,25.497,22.72,0,0.0,69.539
2026-07-24T20:16:56,4362,23.151,21.254,0,0.0,69.551
2026-07-24T20:16:56,4363,23.156,21.871,0,0.0,69.56
2026-07-24T20:16:56,4364,25.01,21.111,0,0.0,69.542
2026-07-24T20:16:56,4365,22.807,21.564,0,0.0,69.545
2026-07-24T20:16:56,4366,24.998,21.063,0,0.0,69.538
2026-07-24T20:16:57,4367,22.557,21.859,0,0.0,69.511
2026-07-24T20:16:57,4368,25.828,21.275,0,0.0,69.492
2026-07-24T20:16:57,4369,23.066,21.261,0,0.0,69.471
2026-07-24T20:16:57,4370,24.243,21.702,0,0.0,69.461
2026-07-24T20:16:57,4371,23.347,22.17,0,0.0,69.452
2026-07-24T20:16:57,4372,24.406,21.264,0,0.0,69.446
2026-07-24T20:16:57,4373,25.369,20.764,0,0.0,69.438
2026-07-24T20:16:57,4374,21.643,21.261,0,0.0,69.449
2026-07-24T20:16:57,4375,24.402,21.173,0,0.0,69.446
2026-07-24T20:16:57,4376,23.738,22.08,0,0.0,69.445
2026-07-24T20:16:57,4377,24.276,21.565,0,0.0,69.448
2026-07-24T20:16:57,4378,23.002,22.984,0,0.0,69.443
2026-07-24T20:16:57,4379,25.64,20.699,0,0.0,69.466
2026-07-24T20:16:57,4380,22.887,21.342,0,0.0,69.491
2026-07-24T20:16:57,4381,24.108,21.207,0,0.0,69.51
2026-07-24T20:16:57,4382,23.576,21.446,0,0.0,69.529
2026-07-24T20:16:57,4383,26.459,21.871,0,0.0,69.55
2026-07-24T20:16:57,4384,25.389,21.802,0,0.0,69.567
2026-07-24T20:16:57,4385,22.107,22.26,0,0.0,69.576
2026-07-24T20:16:57,4386,23.266,21.908,0,0.0,69.581
2026-07-24T20:16:57,4387,22.524,21.825,0,0.0,69.586
2026-07-24T20:16:57,4388,25.333,21.55,0,0.0,69.586
2026-07-24T20:16:57,4389,23.22,21.488,0,0.0,69.589
2026-07-24T20:16:57,4390,23.851,21.225,0,0.0,69.591
2026-07-24T20:16:58,4391,23.999,21.428,0,0.0,69.589
2026-07-24T20:16:58,4392,23.823,21.097,0,0.0,69.593
2026-07-24T20:16:58,4393,24.129,21.437,0,0.0,69.596
2026-07-24T20:16:58,4394,24.034,21.083,0,0.0,69.59
2026-07-24T20:16:58,4395,23.327,21.9,0,0.0,69.589
2026-07-24T20:16:58,4396,24.046,21.981,0,0.0,69.579
2026-07-24T20:16:58,4397,23.545,22.959,0,0.0,69.579
2026-07-24T20:16:58,4398,26.351,21.125,0,0.0,69.578
2026-07-24T20:16:58,4399,21.571,21.484,0,0.0,69.578
2026-07-24T20:16:58,4400,24.531,21.473,0,0.0,69.578
2026-07-24T20:16:58,4401,24.393,21.825,0,0.0,69.574
2026-07-24T20:16:58,4402,23.478,21.394,0,0.0,69.57
2026-07-24T20:16:58,4403,24.358,21.323,0,0.0,69.563
2026-07-24T20:16:58,4404,23.707,21.92,0,0.0,69.554
2026-07-24T20:16:58,4405,23.597,21.395,0,0.0,69.546
2026-07-24T20:16:58,4406,24.003,21.935,0,0.0,69.543
2026-07-24T20:16:58,4407,23.815,21.613,0,0.0,69.527
2026-07-24T20:16:58,4408,24.227,21.774,0,0.0,69.517
2026-07-24T20:16:58,4409,23.851,21.683,0,0.0,69.513
2026-07-24T20:16:58,4410,25.381,21.92,0,0.0,69.507
2026-07-24T20:16:58,4411,22.434,21.516,0,0.0,69.511
2026-07-24T20:16:58,4412,24.134,21.477,0,0.0,69.507
2026-07-24T20:16:58,4413,24.693,21.231,0,0.0,69.516
2026-07-24T20:16:58,4414,22.715,21.81,0,0.0,69.516
2026-07-24T20:16:59,4415,24.532,22.064,0,0.0,69.52
2026-07-24T20:16:59,4416,24.044,21.482,0,0.0,69.531
2026-07-24T20:16:59,4417,23.29,21.761,0,0.0,69.534
2026-07-24T20:16:59,4418,24.844,22.063,0,0.0,69.532
2026-07-24T20:16:59,4419,23.361,21.703,0,0.0,69.523
2026-07-24T20:16:59,4420,24.059,21.216,0,0.0,69.5
2026-07-24T20:16:59,4421,24.348,20.993,0,0.0,69.468
2026-07-24T20:16:59,4422,26.967,21.721,0,0.0,69.418
2026-07-24T20:16:59,4423,20.415,22.04,0,0.0,69.39
2026-07-24T20:16:59,4424,25.555,21.413,0,0.0,69.362
2026-07-24T20:16:59,4425,23.26,21.403,0,0.0,69.348
2026-07-24T20:16:59,4426,24.379,20.901,0,0.0,69.346
2026-07-24T20:16:59,4427,23.07,21.723,0,0.0,69.342
2026-07-24T20:16:59,4428,24.64,21.962,0,0.0,69.341
2026-07-24T20:16:59,4429,22.994,22.153,0,0.0,69.345
2026-07-24T20:16:59,4430,24.651,22.031,0,0.0,69.348
2026-07-24T20:16:59,4431,24.127,20.882,0,0.0,69.351
2026-07-24T20:16:59,4432,23.297,21.568,0,0.0,69.357
2026-07-24T20:16:59,4433,23.196,23.085,0,0.0,69.365
2026-07-24T20:16:59,4434,26.684,20.56,0,0.0,69.378
2026-07-24T20:16:59,4435,26.86,20.104,0,0.0,69.388
2026-07-24T20:16:59,4436,19.801,20.398,0,0.0,69.395
2026-07-24T20:16:59,4437,24.526,20.76,0,0.0,69.405
2026-07-24T20:17:00,4438,12.347,23.487,0,0.0,69.434
2026-07-24T20:17:00,4439,19.597,22.177,0,0.0,69.446
2026-07-24T20:17:00,4440,10.116,24.877,0,0.0,69.461
2026-07-24T20:17:00,4441,12.345,25.359,0,0.0,69.476
2026-07-24T20:17:00,4442,12.199,25.416,0,0.0,69.504
2026-07-24T20:17:00,4443,14.295,24.99,0,0.0,69.51
2026-07-24T20:17:00,4444,23.295,22.358,0,0.0,69.507
2026-07-24T20:17:00,4445,26.899,21.226,0,0.0,69.507
2026-07-24T20:17:00,4446,25.128,20.768,0,0.0,69.514
2026-07-24T20:17:00,4447,23.3,20.409,0,0.0,69.525
2026-07-24T20:17:00,4448,23.869,21.031,0,0.0,69.535
2026-07-24T20:17:00,4449,23.68,20.932,0,0.0,69.542
2026-07-24T20:17:00,4450,24.373,20.647,0,0.0,69.551
2026-07-24T20:17:00,4451,24.807,20.352,0,0.0,69.547
2026-07-24T20:17:00,4452,22.604,20.18,0,0.0,69.541
2026-07-24T20:17:00,4453,24.595,20.568,0,0.0,69.54
2026-07-24T20:17:00,4454,27.22,21.347,0,0.0,69.547
2026-07-24T20:17:00,4455,20.924,20.238,0,0.0,69.543
2026-07-24T20:17:00,4456,24.875,20.854,0,0.0,69.545
2026-07-24T20:17:01,4457,23.021,20.012,0,0.0,69.549
2026-07-24T20:17:01,4458,24.42,20.675,0,0.0,69.564
2026-07-24T20:17:01,4459,23.989,20.481,0,0.0,69.56
2026-07-24T20:17:01,4460,24.232,20.022,0,0.0,69.562
2026-07-24T20:17:01,4461,23.521,19.935,0,0.0,69.574
2026-07-24T20:17:01,4462,23.459,20.634,0,0.0,69.58
2026-07-24T20:17:01,4463,24.984,20.705,0,0.0,69.59
2026-07-24T20:17:01,4464,22.749,19.907,0,0.0,69.593
2026-07-24T20:17:01,4465,24.946,20.615,0,0.0,69.601
2026-07-24T20:17:01,4466,23.355,20.528,0,0.0,69.6
2026-07-24T20:17:01,4467,25.071,20.343,0,0.0,69.613
2026-07-24T20:17:01,4468,22.479,19.93,0,0.0,69.619
2026-07-24T20:17:01,4469,24.127,20.563,0,0.0,69.611
2026-07-24T20:17:01,4470,24.519,20.793,0,0.0,69.606
2026-07-24T20:17:01,4471,23.177,20.704,0,0.0,69.599
2026-07-24T20:17:01,4472,24.393,20.242,0,0.0,69.599
2026-07-24T20:17:01,4473,23.711,20.441,0,0.0,69.612
2026-07-24T20:17:01,4474,23.612,21.127,0,0.0,69.617
2026-07-24T20:17:01,4475,24.307,20.252,0,0.0,69.61
2026-07-24T20:17:01,4476,24.263,20.385,0,0.0,69.614
2026-07-24T20:17:01,4477,22.971,20.652,0,0.0,69.618
2026-07-24T20:17:01,4478,24.771,20.398,0,0.0,69.614
2026-07-24T20:17:01,4479,24.375,20.858,0,0.0,69.613
2026-07-24T20:17:01,4480,22.845,20.257,0,0.0,69.611
2026-07-24T20:17:02,4481,24.345,20.629,0,0.0,69.602
2026-07-24T20:17:02,4482,23.486,20.341,0,0.0,69.595
2026-07-24T20:17:02,4483,24.659,20.301,0,0.0,69.588
2026-07-24T20:17:02,4484,23.304,20.412,0,0.0,69.585
2026-07-24T20:17:02,4485,25.175,19.529,0,0.0,69.589
2026-07-24T20:17:02,4486,22.228,20.751,0,0.0,69.585
2026-07-24T20:17:02,4487,24.383,20.647,0,0.0,69.587
2026-07-24T20:17:02,4488,24.56,20.695,0,0.0,69.587
2026-07-24T20:17:02,4489,23.528,20.461,0,0.0,69.583
2026-07-24T20:17:02,4490,23.627,21.207,0,0.0,69.589
2026-07-24T20:17:02,4491,26.131,20.696,0,0.0,69.585
2026-07-24T20:17:02,4492,21.89,19.889,0,0.0,69.581
2026-07-24T20:17:02,4493,25.298,19.807,0,0.0,69.578
2026-07-24T20:17:02,4494,22.943,19.916,0,0.0,69.585
2026-07-24T20:17:02,4495,23.553,20.908,0,0.0,69.584
2026-07-24T20:17:02,4496,24.506,20.58,0,0.0,69.578
2026-07-24T20:17:02,4497,23.415,20.587,0,0.0,69.575
2026-07-24T20:17:02,4498,24.553,20.553,0,0.0,69.565
2026-07-24T20:17:02,4499,23.124,20.614,0,0.0,69.57
2026-07-24T20:17:02,4500,24.663,20.616,0,0.0,69.572
2026-07-24T20:17:02,4501,23.824,20.23,0,0.0,69.571
2026-07-24T20:17:02,4502,24.432,19.766,0,0.0,69.566
2026-07-24T20:17:02,4503,23.995,20.459,0,0.0,69.565
2026-07-24T20:17:02,4504,24.054,20.742,0,0.0,69.563
2026-07-24T20:17:03,4505,22.543,20.578,0,0.0,69.565
2026-07-24T20:17:03,4506,24.684,21.218,0,0.0,69.544
2026-07-24T20:17:03,4507,24.499,20.456,0,0.0,69.513
2026-07-24T20:17:03,4508,22.982,20.414,0,0.0,69.492
2026-07-24T20:17:03,4509,24.77,20.854,0,0.0,69.485
2026-07-24T20:17:03,4510,23.405,20.374,0,0.0,69.471
2026-07-24T20:17:03,4511,24.562,20.926,0,0.0,69.463
2026-07-24T20:17:03,4512,23.314,20.394,0,0.0,69.463
2026-07-24T20:17:03,4513,24.657,21.057,0,0.0,69.464
2026-07-24T20:17:03,4514,23.355,20.369,0,0.0,69.462
2026-07-24T20:17:03,4515,24.108,21.122,0,0.0,69.462
2026-07-24T20:17:03,4516,24.707,20.67,0,0.0,69.472
2026-07-24T20:17:03,4517,22.239,20.432,0,0.0,69.476
2026-07-24T20:17:03,4518,26.061,19.738,0,0.0,69.488
2026-07-24T20:17:03,4519,21.787,21.036,0,0.0,69.475
2026-07-24T20:17:03,4520,25.377,20.31,0,0.0,69.465
2026-07-24T20:17:03,4521,23.112,21.297,0,0.0,69.471
2026-07-24T20:17:03,4522,25.011,19.808,0,0.0,69.48
2026-07-24T20:17:03,4523,22.803,20.776,0,0.0,69.483
2026-07-24T20:17:03,4524,25.405,20.024,0,0.0,69.487
2026-07-24T20:17:03,4525,22.38,20.19,0,0.0,69.488
2026-07-24T20:17:03,4526,24.628,20.761,0,0.0,69.495
2026-07-24T20:17:03,4527,24.066,20.432,0,0.0,69.505
2026-07-24T20:17:03,4528,25.85,20.824,0,0.0,69.515
2026-07-24T20:17:04,4529,21.703,20.75,0,0.0,69.52
2026-07-24T20:17:04,4530,25.113,20.683,0,0.0,69.518
2026-07-24T20:17:04,4531,22.96,20.747,0,0.0,69.516
2026-07-24T20:17:04,4532,24.436,21.084,0,0.0,69.517
2026-07-24T20:17:04,4533,24.127,20.113,0,0.0,69.525
2026-07-24T20:17:04,4534,23.964,19.196,0,0.0,69.533
2026-07-24T20:17:04,4535,23.555,19.853,0,0.0,69.545
2026-07-24T20:17:04,4536,24.058,19.923,0,0.0,69.556
2026-07-24T20:17:04,4537,23.545,19.97,0,0.0,69.562
2026-07-24T20:17:04,4538,24.989,19.899,0,0.0,69.568
2026-07-24T20:17:04,4539,22.048,20.923,0,0.0,69.573
2026-07-24T20:17:04,4540,26.422,20.918,0,0.0,69.576
2026-07-24T20:17:04,4541,22.575,22.419,0,0.0,69.578
2026-07-24T20:17:04,4542,22.69,22.033,0,0.0,69.578
2026-07-24T20:17:04,4543,24.984,21.921,0,0.0,69.591
2026-07-24T20:17:04,4544,23.43,21.263,0,0.0,69.591
2026-07-24T20:17:04,4545,23.672,21.8,0,0.0,69.587
2026-07-24T20:17:04,4546,24.425,21.914,0,0.0,69.582
2026-07-24T20:17:04,4547,23.255,21.912,0,0.0,69.57
2026-07-24T20:17:04,4548,24.49,21.369,0,0.0,69.549
2026-07-24T20:17:04,4549,23.552,22.152,0,0.0,69.534
2026-07-24T20:17:04,4550,24.098,21.737,0,0.0,69.517
2026-07-24T20:17:04,4551,24.202,21.414,0,0.0,69.5
2026-07-24T20:17:04,4552,23.351,21.759,0,0.0,69.484
2026-07-24T20:17:05,4553,25.942,21.391,0,0.0,69.467
2026-07-24T20:17:05,4554,22.136,21.165,0,0.0,69.457
2026-07-24T20:17:05,4555,24.501,21.748,0,0.0,69.453
2026-07-24T20:17:05,4556,24.77,21.151,0,0.0,69.449
2026-07-24T20:17:05,4557,22.447,21.795,0,0.0,69.437
2026-07-24T20:17:05,4558,25.059,21.853,0,0.0,69.429
2026-07-24T20:17:05,4559,23.34,21.901,0,0.0,69.427
2026-07-24T20:17:05,4560,23.792,22.256,0,0.0,69.423
2026-07-24T20:17:05,4561,25.405,20.944,0,0.0,69.421
2026-07-24T20:17:05,4562,22.27,21.881,0,0.0,69.418
2026-07-24T20:17:05,4563,25.055,21.847,0,0.0,69.409
2026-07-24T20:17:05,4564,24.037,20.423,0,0.0,69.397
2026-07-24T20:17:05,4565,24.555,22.072,0,0.0,69.394
2026-07-24T20:17:05,4566,22.384,22.228,0,0.0,69.39
2026-07-24T20:17:05,4567,24.016,22.03,0,0.0,69.383
2026-07-24T20:17:05,4568,24.483,21.559,0,0.0,69.377
2026-07-24T20:17:05,4569,23.499,21.984,0,0.0,69.377
2026-07-24T20:17:05,4570,23.842,21.719,0,0.0,69.369
2026-07-24T20:17:05,4571,23.972,21.875,0,0.0,69.368
2026-07-24T20:17:05,4572,23.448,21.66,0,0.0,69.371
2026-07-24T20:17:05,4573,24.597,21.766,0,0.0,69.367
2026-07-24T20:17:05,4574,23.631,21.537,0,0.0,69.369
2026-07-24T20:17:05,4575,24.17,21.837,0,0.0,69.361
2026-07-24T20:17:05,4576,23.699,21.918,0,0.0,69.351
2026-07-24T20:17:06,4577,26.642,21.787,0,0.0,69.359
2026-07-24T20:17:06,4578,21.597,21.908,0,0.0,69.348
2026-07-24T20:17:06,4579,24.518,22.078,0,0.0,69.352
2026-07-24T20:17:06,4580,23.702,21.783,0,0.0,69.361
2026-07-24T20:17:06,4581,24.048,21.727,0,0.0,69.36
2026-07-24T20:17:06,4582,23.588,21.669,0,0.0,69.352
2026-07-24T20:17:06,4583,23.454,21.733,0,0.0,69.354
2026-07-24T20:17:06,4584,24.422,21.335,0,0.0,69.344
2026-07-24T20:17:06,4585,23.921,21.134,0,0.0,69.345
2026-07-24T20:17:06,4586,23.837,21.283,0,0.0,69.344
2026-07-24T20:17:06,4587,23.277,21.994,0,0.0,69.336
2026-07-24T20:17:06,4588,24.705,21.372,0,0.0,69.331
2026-07-24T20:17:06,4589,23.249,22.397,0,0.0,69.327
2026-07-24T20:17:06,4590,25.038,21.903,0,0.0,69.328
2026-07-24T20:17:06,4591,22.598,21.653,0,0.0,69.33
2026-07-24T20:17:06,4592,24.05,21.633,0,0.0,69.331
2026-07-24T20:17:06,4593,23.954,22.134,0,0.0,69.342
2026-07-24T20:17:06,4594,24.156,21.381,0,0.0,69.336
2026-07-24T20:17:06,4595,24.018,21.696,0,0.0,69.337
2026-07-24T20:17:06,4596,23.414,21.539,0,0.0,69.341
2026-07-24T20:17:06,4597,23.517,21.782,0,0.0,69.349
2026-07-24T20:17:06,4598,24.38,22.315,0,0.0,69.346
2026-07-24T20:17:06,4599,24.434,21.516,0,0.0,69.349
2026-07-24T20:17:06,4600,23.981,21.622,0,0.0,69.356
2026-07-24T20:17:07,4601,23.545,22.483,0,0.0,69.358
2026-07-24T20:17:07,4602,24.767,22.196,0,0.0,69.361
2026-07-24T20:17:07,4603,22.671,22.254,0,0.0,69.365
2026-07-24T20:17:07,4604,25.336,21.582,0,0.0,69.368
2026-07-24T20:17:07,4605,22.6,22.023,0,0.0,69.37
2026-07-24T20:17:07,4606,25.584,21.371,0,0.0,69.371
2026-07-24T20:17:07,4607,22.528,22.174,0,0.0,69.372
2026-07-24T20:17:07,4608,25.265,21.869,0,0.0,69.368
2026-07-24T20:17:07,4609,23.032,21.892,0,0.0,69.377
2026-07-24T20:17:07,4610,24.663,21.97,0,0.0,69.366
2026-07-24T20:17:07,4611,23.807,21.408,0,0.0,69.366
2026-07-24T20:17:07,4612,23.359,22.035,0,0.0,69.368
2026-07-24T20:17:07,4613,24.337,21.571,0,0.0,69.376
2026-07-24T20:17:07,4614,27.496,21.518,0,0.0,69.372
2026-07-24T20:17:07,4615,20.376,21.899,0,0.0,69.367
2026-07-24T20:17:07,4616,24.856,22.258,0,0.0,69.36
2026-07-24T20:17:07,4617,23.723,20.812,0,0.0,69.353
2026-07-24T20:17:07,4618,23.86,21.467,0,0.0,69.347
2026-07-24T20:17:07,4619,23.84,21.67,0,0.0,69.355
2026-07-24T20:17:07,4620,25.105,21.937,0,0.0,69.35
2026-07-24T20:17:07,4621,22.725,21.137,0,0.0,69.352
2026-07-24T20:17:07,4622,23.637,21.809,0,0.0,69.355
2026-07-24T20:17:07,4623,24.694,21.056,0,0.0,69.366
2026-07-24T20:17:07,4624,23.143,21.757,0,0.0,69.366
2026-07-24T20:17:08,4625,23.883,22.034,0,0.0,69.361
2026-07-24T20:17:08,4626,24.023,22.368,0,0.0,69.362
2026-07-24T20:17:08,4627,25.546,21.303,0,0.0,69.362
2026-07-24T20:17:08,4628,22.235,21.704,0,0.0,69.362
2026-07-24T20:17:08,4629,23.963,22.059,0,0.0,69.364
2026-07-24T20:17:08,4630,24.106,22.011,0,0.0,69.364
2026-07-24T20:17:08,4631,23.485,22.479,0,0.0,69.367
2026-07-24T20:17:08,4632,24.656,21.929,0,0.0,69.36
2026-07-24T20:17:08,4633,10.357,26.041,0,0.0,69.35
2026-07-24T20:17:08,4634,10.771,24.927,0,0.0,69.329
2026-07-24T20:17:08,4635,13.641,23.975,0,0.0,69.316
2026-07-24T20:17:08,4636,10.793,25.643,0,0.0,69.317
2026-07-24T20:17:08,4637,12.105,25.467,0,0.0,69.304
2026-07-24T20:17:08,4638,12.354,25.302,0,0.0,69.298
2026-07-24T20:17:08,4639,11.383,25.776,0,0.0,69.292
2026-07-24T20:17:09,4640,13.058,23.896,0,0.0,69.266
2026-07-24T20:17:09,4641,10.783,25.22,0,0.0,69.24
2026-07-24T20:17:09,4642,13.72,23.431,0,0.0,69.225
2026-07-24T20:17:09,4643,10.669,24.818,0,0.0,69.206
2026-07-24T20:17:09,4644,13.494,24.139,0,0.0,69.201
2026-07-24T20:17:09,4645,11.117,25.239,0,0.0,69.188
2026-07-24T20:17:09,4646,11.895,24.584,0,0.0,69.168
2026-07-24T20:17:09,4647,11.801,24.643,0,0.0,69.159
2026-07-24T20:17:09,4648,12.26,25.157,0,0.0,69.156
2026-07-24T20:17:09,4649,11.717,26.065,0,0.0,69.15
2026-07-24T20:17:09,4650,11.889,25.809,0,0.0,69.149
2026-07-24T20:17:09,4651,12.508,23.74,0,0.0,69.151
2026-07-24T20:17:10,4652,11.178,25.883,0,0.0,69.171
2026-07-24T20:17:10,4653,12.576,24.419,0,0.0,69.187
2026-07-24T20:17:10,4654,13.26,23.869,0,0.0,69.195
2026-07-24T20:17:10,4655,10.744,24.987,0,0.0,69.203
2026-07-24T20:17:10,4656,11.724,25.614,0,0.0,69.205
2026-07-24T20:17:10,4657,12.067,24.696,0,0.0,69.217
2026-07-24T20:17:10,4658,11.935,25.067,0,0.0,69.204
2026-07-24T20:17:10,4659,12.159,24.876,0,0.0,69.198
2026-07-24T20:17:10,4660,13.411,22.933,0,0.0,69.196
2026-07-24T20:17:10,4661,10.444,25.301,0,0.0,69.196
2026-07-24T20:17:10,4662,12.203,24.49,0,0.0,69.188
2026-07-24T20:17:10,4663,12.034,24.279,0,0.0,69.195
2026-07-24T20:17:11,4664,12.131,24.569,0,0.0,69.178
2026-07-24T20:17:11,4665,12.783,22.932,0,0.0,69.153
2026-07-24T20:17:11,4666,11.444,25.361,0,0.0,69.126
2026-07-24T20:17:11,4667,11.453,24.806,0,0.0,69.097
2026-07-24T20:17:11,4668,12.245,24.672,0,0.0,69.07
2026-07-24T20:17:11,4669,11.876,24.91,0,0.0,69.054
2026-07-24T20:17:11,4670,12.005,23.969,0,0.0,69.038
2026-07-24T20:17:11,4671,11.733,24.794,0,0.0,69.012
2026-07-24T20:17:11,4672,12.036,25.33,0,0.0,68.987
2026-07-24T20:17:11,4673,12.001,24.834,0,0.0,68.97
2026-07-24T20:17:11,4674,11.996,24.794,0,0.0,68.969
2026-07-24T20:17:11,4675,13.053,23.108,0,0.0,68.949
2026-07-24T20:17:12,4676,10.55,25.324,0,0.0,68.95
2026-07-24T20:17:12,4677,12.396,25.205,0,0.0,68.945
2026-07-24T20:17:12,4678,12.162,25.067,0,0.0,68.945
2026-07-24T20:17:12,4679,12.234,25.228,0,0.0,68.955
2026-07-24T20:17:12,4680,11.754,24.247,0,0.0,68.964
2026-07-24T20:17:12,4681,11.779,24.881,0,0.0,68.969
2026-07-24T20:17:12,4682,12.057,23.902,0,0.0,68.97
2026-07-24T20:17:12,4683,11.837,23.953,0,0.0,68.971
2026-07-24T20:17:12,4684,11.994,24.978,0,0.0,68.968
2026-07-24T20:17:12,4685,13.746,23.409,0,0.0,68.967
2026-07-24T20:17:12,4686,10.093,25.369,0,0.0,68.963
2026-07-24T20:17:12,4687,13.522,24.219,0,0.0,68.963
2026-07-24T20:17:13,4688,10.968,24.235,0,0.0,68.973
2026-07-24T20:17:13,4689,12.977,23.998,0,0.0,68.98
2026-07-24T20:17:13,4690,11.277,25.558,0,0.0,68.968
2026-07-24T20:17:13,4691,12.811,24.803,0,0.0,68.968
2026-07-24T20:17:13,4692,10.772,24.596,0,0.0,68.982
2026-07-24T20:17:13,4693,13.52,23.916,0,0.0,68.973
2026-07-24T20:17:13,4694,10.883,25.445,0,0.0,68.983
2026-07-24T20:17:13,4695,12.592,24.399,0,0.0,68.996
2026-07-24T20:17:13,4696,11.521,24.855,0,0.0,69.012
2026-07-24T20:17:13,4697,13.313,25.026,0,0.0,69.003
2026-07-24T20:17:13,4698,11.113,25.011,0,0.0,68.998
2026-07-24T20:17:13,4699,11.918,24.812,0,0.0,69.03
2026-07-24T20:17:14,4700,12.547,23.57,0,0.0,69.027
2026-07-24T20:17:14,4701,10.984,24.626,0,0.0,69.02
2026-07-24T20:17:14,4702,12.542,24.475,0,0.0,68.997
2026-07-24T20:17:14,4703,12.064,24.669,0,0.0,68.977
2026-07-24T20:17:14,4704,11.738,24.809,0,0.0,68.951
2026-07-24T20:17:14,4705,12.762,23.698,0,0.0,68.92
2026-07-24T20:17:14,4706,10.899,24.137,0,0.0,68.879
2026-07-24T20:17:14,4707,12.347,24.89,0,0.0,68.853
2026-07-24T20:17:14,4708,11.926,24.583,0,0.0,68.837
2026-07-24T20:17:14,4709,11.932,25.66,0,0.0,68.832
2026-07-24T20:17:14,4710,13.186,23.965,0,0.0,68.821
2026-07-24T20:17:14,4711,10.611,24.735,0,0.0,68.802
2026-07-24T20:17:15,4712,12.374,24.734,0,0.0,68.79
2026-07-24T20:17:15,4713,11.774,24.271,0,0.0,68.752
2026-07-24T20:17:15,4714,12.041,25.376,0,0.0,68.73
2026-07-24T20:17:15,4715,12.716,24.249,0,0.0,68.699
2026-07-24T20:17:15,4716,11.387,24.866,0,0.0,68.679
2026-07-24T20:17:15,4717,11.732,24.658,0,0.0,68.635
2026-07-24T20:17:15,4718,12.252,24.038,0,0.0,68.602
2026-07-24T20:17:15,4719,11.634,25.37,0,0.0,68.583
2026-07-24T20:17:15,4720,12.003,25.311,0,0.0,68.525
2026-07-24T20:17:15,4721,12.131,25.192,0,0.0,68.435
2026-07-24T20:17:15,4722,12.663,25.65,0,0.0,68.309
2026-07-24T20:17:15,4723,11.03,24.799,0,0.0,68.133
2026-07-24T20:17:16,4724,12.331,25.133,0,0.0,67.837
2026-07-24T20:17:16,4725,12.672,24.06,0,0.0,67.617
2026-07-24T20:17:16,4726,10.952,24.497,0,0.0,67.347
2026-07-24T20:17:16,4727,12.317,24.176,0,0.0,66.933
2026-07-24T20:17:16,4728,12.443,25.297,0,0.0,66.387
2026-07-24T20:17:16,4729,11.022,25.749,0,0.0,65.854
2026-07-24T20:17:16,4730,12.474,24.918,0,0.0,65.286
2026-07-24T20:17:16,4731,12.0,25.181,0,0.0,64.006
2026-07-24T20:17:16,4732,11.856,24.063,0,0.0,63.665
2026-07-24T20:17:16,4733,11.94,24.456,0,0.0,63.534
2026-07-24T20:17:16,4734,12.986,24.847,0,0.0,64.043
2026-07-24T20:17:16,4735,10.791,24.878,0,0.0,64.128
2026-07-24T20:17:17,4736,12.283,25.192,0,0.0,64.09
2026-07-24T20:17:17,4737,11.981,24.785,0,0.0,64.005
2026-07-24T20:17:17,4738,11.89,24.166,0,0.0,63.763
2026-07-24T20:17:17,4739,11.861,25.736,0,0.0,63.294
2026-07-24T20:17:17,4740,13.103,24.474,0,0.0,61.631
2026-07-24T20:17:17,4741,10.964,24.591,0,0.0,60.197
2026-07-24T20:17:17,4742,12.164,24.945,0,0.0,59.325
2026-07-24T20:17:17,4743,11.707,25.156,0,0.0,59.67
2026-07-24T20:17:17,4744,12.919,24.316,0,0.0,60.235
2026-07-24T20:17:17,4745,11.26,25.258,0,0.0,59.405
2026-07-24T20:17:17,4746,11.993,25.785,0,0.0,58.453
2026-07-24T20:17:17,4747,11.912,25.546,1,0.5888,57.356
2026-07-24T20:17:18,4748,12.019,25.755,2,0.6127,56.211
2026-07-24T20:17:18,4749,11.895,25.681,3,0.6275,55.525
2026-07-24T20:17:18,4750,12.097,24.1,2,0.7039,55.159
2026-07-24T20:17:18,4751,11.925,24.089,3,0.6458,54.94
2026-07-24T20:17:18,4752,12.36,24.317,3,0.5901,54.605
2026-07-24T20:17:18,4753,11.562,25.279,2,0.589,54.476
2026-07-24T20:17:18,4754,12.219,24.346,2,0.6449,54.524
2026-07-24T20:17:18,4755,10.871,31.317,3,0.6619,54.357
2026-07-24T20:17:18,4756,12.835,26.279,2,0.6738,54.137
2026-07-24T20:17:18,4757,11.494,26.196,2,0.5687,53.875
2026-07-24T20:17:18,4758,12.497,24.874,2,0.6311,53.724
2026-07-24T20:17:18,4759,12.933,24.599,2,0.6944,53.749
2026-07-24T20:17:19,4760,11.195,23.994,2,0.712,53.896
2026-07-24T20:17:19,4761,11.669,24.717,2,0.7417,53.974
2026-07-24T20:17:19,4762,12.185,23.974,2,0.7445,53.993
2026-07-24T20:17:19,4763,11.786,24.84,2,0.752,54.082
2026-07-24T20:17:19,4764,12.728,24.931,2,0.7306,54.115
2026-07-24T20:17:19,4765,11.373,31.223,3,0.5819,54.175
2026-07-24T20:17:19,4766,13.007,24.496,2,0.6839,54.349
2026-07-24T20:17:19,4767,10.708,24.535,3,0.5995,54.308
2026-07-24T20:17:19,4768,12.328,25.08,3,0.6395,54.194
2026-07-24T20:17:19,4769,12.677,23.878,3,0.6621,54.006
2026-07-24T20:17:19,4770,11.31,24.413,3,0.6863,53.861
2026-07-24T20:17:19,4771,12.558,25.696,3,0.7045,53.72
2026-07-24T20:17:20,4772,10.933,26.44,2,0.7943,53.616
2026-07-24T20:17:20,4773,12.491,25.496,2,0.8018,53.501
2026-07-24T20:17:20,4774,12.059,24.167,2,0.7838,53.405
2026-07-24T20:17:20,4775,12.004,24.316,2,0.7905,53.487
2026-07-24T20:17:20,4776,11.762,24.888,2,0.7955,53.472
2026-07-24T20:17:20,4777,11.845,26.293,2,0.782,53.546
2026-07-24T20:17:20,4778,11.965,25.699,2,0.7298,53.568
2026-07-24T20:17:20,4779,12.238,24.816,2,0.7668,53.432
2026-07-24T20:17:20,4780,11.842,25.087,2,0.762,53.268
2026-07-24T20:17:20,4781,12.006,25.322,2,0.7779,53.158
2026-07-24T20:17:20,4782,11.847,24.257,2,0.7698,53.116
2026-07-24T20:17:20,4783,11.983,24.449,2,0.8061,53.166
2026-07-24T20:17:21,4784,12.73,23.937,2,0.7539,53.121
2026-07-24T20:17:21,4785,11.381,24.337,2,0.7329,53.039
2026-07-24T20:17:21,4786,11.8,23.864,2,0.7414,52.937
2026-07-24T20:17:21,4787,12.057,24.701,2,0.8053,52.876
2026-07-24T20:17:21,4788,11.606,25.901,2,0.7501,52.82
2026-07-24T20:17:21,4789,12.097,25.632,2,0.7287,52.813
2026-07-24T20:17:21,4790,12.57,25.043,2,0.7251,52.873
2026-07-24T20:17:21,4791,11.285,24.417,2,0.7841,52.912
2026-07-24T20:17:21,4792,12.301,24.692,2,0.7844,52.967
2026-07-24T20:17:21,4793,11.933,23.728,2,0.7492,52.99
2026-07-24T20:17:21,4794,12.098,23.98,2,0.752,53.025
2026-07-24T20:17:21,4795,12.634,23.312,2,0.7434,53.098
2026-07-24T20:17:22,4796,13.64,23.439,2,0.7378,53.145
2026-07-24T20:17:22,4797,9.54,25.708,2,0.7687,53.362
2026-07-24T20:17:22,4798,13.763,24.337,2,0.7068,53.436
2026-07-24T20:17:22,4799,11.652,24.951,2,0.7805,53.176
2026-07-24T20:17:22,4800,11.43,24.932,2,0.7725,53.491
2026-07-24T20:17:22,4801,11.992,24.999,3,0.5587,53.307
2026-07-24T20:17:22,4802,12.834,24.571,2,0.5616,53.794
2026-07-24T20:17:22,4803,10.547,24.885,1,0.7608,54.701
2026-07-24T20:17:22,4804,13.36,24.596,1,0.6446,55.238
2026-07-24T20:17:22,4805,11.277,25.731,1,0.7275,56.395
2026-07-24T20:17:22,4806,12.056,24.925,1,0.4668,54.7
2026-07-24T20:17:22,4807,11.76,25.419,1,0.5779,52.483
2026-07-24T20:17:23,4808,12.589,25.934,1,0.651,52.092
2026-07-24T20:17:23,4809,11.354,26.132,1,0.4577,52.217
2026-07-24T20:17:23,4810,12.68,25.708,1,0.4657,52.42
2026-07-24T20:17:23,4811,11.144,25.123,1,0.51,52.83
2026-07-24T20:17:23,4812,12.387,24.676,1,0.7026,53.043
2026-07-24T20:17:23,4813,11.928,25.094,1,0.8059,53.36
2026-07-24T20:17:23,4814,11.755,26.877,1,0.7652,53.631
2026-07-24T20:17:23,4815,13.52,23.798,1,0.7716,53.84
2026-07-24T20:17:23,4816,10.32,26.429,1,0.7446,54.03
2026-07-24T20:17:23,4817,14.331,24.247,1,0.664,54.057
2026-07-24T20:17:23,4818,10.334,26.054,1,0.6364,53.94
2026-07-24T20:17:23,4819,13.003,25.4,1,0.7042,54.428
2026-07-24T20:17:24,4820,11.568,25.31,1,0.4841,57.291
2026-07-24T20:17:24,4821,12.029,25.112,2,0.566,60.007
2026-07-24T20:17:24,4822,11.818,24.832,1,0.8479,58.028
2026-07-24T20:17:24,4823,12.2,24.693,1,0.7395,56.309
2026-07-24T20:17:24,4824,11.577,25.856,1,0.6578,55.242
2026-07-24T20:17:24,4825,12.172,25.194,2,0.5142,54.435
2026-07-24T20:17:24,4826,12.104,24.441,2,0.5796,54.297
2026-07-24T20:17:24,4827,13.23,24.447,2,0.5929,54.258
2026-07-24T20:17:24,4828,10.232,26.213,2,0.5887,54.198
2026-07-24T20:17:24,4829,14.314,24.882,2,0.6042,54.219
2026-07-24T20:17:24,4830,10.618,25.824,2,0.6739,54.144
2026-07-24T20:17:24,4831,11.989,26.111,2,0.6659,54.035
2026-07-24T20:17:25,4832,12.684,24.801,2,0.6442,54.002
2026-07-24T20:17:25,4833,11.392,26.643,2,0.6301,53.939
2026-07-24T20:17:25,4834,11.852,25.592,2,0.6712,53.946
2026-07-24T20:17:25,4835,12.683,24.436,2,0.6362,53.906
2026-07-24T20:17:25,4836,10.851,26.414,2,0.6474,53.888
2026-07-24T20:17:25,4837,13.656,24.092,2,0.6726,53.916
2026-07-24T20:17:25,4838,10.815,25.367,2,0.6561,53.925
2026-07-24T20:17:25,4839,14.168,24.848,2,0.6734,53.96
2026-07-24T20:17:25,4840,10.687,25.605,2,0.6483,54.106
2026-07-24T20:17:25,4841,11.887,25.274,2,0.6814,54.198
2026-07-24T20:17:25,4842,11.747,25.111,2,0.628,54.346
2026-07-24T20:17:26,4843,11.804,26.685,2,0.6039,54.453
2026-07-24T20:17:26,4844,13.451,24.211,2,0.6334,54.469
2026-07-24T20:17:26,4845,11.163,25.602,2,0.5847,54.439
2026-07-24T20:17:26,4846,11.925,25.242,2,0.6632,54.393
2026-07-24T20:17:26,4847,11.498,26.402,2,0.6646,54.402
2026-07-24T20:17:26,4848,12.137,25.709,2,0.6453,54.355
2026-07-24T20:17:26,4849,12.839,24.516,2,0.6233,54.351
2026-07-24T20:17:26,4850,11.452,25.081,2,0.6133,54.413
2026-07-24T20:17:26,4851,11.685,25.071,2,0.7126,54.529
2026-07-24T20:17:26,4852,13.007,24.843,3,0.5773,54.712
2026-07-24T20:17:26,4853,10.59,26.324,2,0.6213,54.835
2026-07-24T20:17:26,4854,13.48,25.031,2,0.6562,54.933
2026-07-24T20:17:27,4855,11.366,25.216,2,0.7006,54.953
2026-07-24T20:17:27,4856,11.95,24.944,2,0.7009,54.936
2026-07-24T20:17:27,4857,11.803,25.889,2,0.7245,54.906
2026-07-24T20:17:27,4858,12.261,24.837,2,0.6844,54.879
2026-07-24T20:17:27,4859,11.731,25.194,2,0.7,54.847
2026-07-24T20:17:27,4860,12.111,24.393,2,0.671,54.805
2026-07-24T20:17:27,4861,11.874,24.418,2,0.7028,54.837
2026-07-24T20:17:27,4862,11.89,25.758,2,0.6703,54.824
2026-07-24T20:17:27,4863,11.977,25.269,2,0.6526,54.818
2026-07-24T20:17:27,4864,13.529,24.515,2,0.6653,54.827
2026-07-24T20:17:27,4865,10.616,25.582,2,0.6992,54.861
2026-07-24T20:17:27,4866,11.88,26.105,2,0.6653,54.928
2026-07-24T20:17:28,4867,12.006,24.887,2,0.6362,55.0
2026-07-24T20:17:28,4868,11.923,25.454,2,0.6243,55.042
2026-07-24T20:17:28,4869,12.647,25.264,2,0.6664,55.082
2026-07-24T20:17:28,4870,11.461,28.02,2,0.6595,55.166
2026-07-24T20:17:28,4871,11.931,24.848,2,0.6965,55.199
2026-07-24T20:17:28,4872,11.897,25.194,2,0.7374,55.229
2026-07-24T20:17:28,4873,12.148,23.975,2,0.7411,55.241
2026-07-24T20:17:28,4874,12.401,25.29,2,0.7242,55.247
2026-07-24T20:17:28,4875,11.53,24.749,2,0.7286,55.269
2026-07-24T20:17:28,4876,12.229,25.868,2,0.7266,55.282
2026-07-24T20:17:28,4877,11.719,25.258,2,0.7502,55.28
2026-07-24T20:17:28,4878,11.723,25.478,2,0.7625,55.26
2026-07-24T20:17:29,4879,12.916,24.393,2,0.6968,55.277
2026-07-24T20:17:29,4880,11.036,26.006,2,0.6601,55.282
2026-07-24T20:17:29,4881,12.007,25.759,2,0.6175,55.277
2026-07-24T20:17:29,4882,11.726,26.745,2,0.6589,55.29
2026-07-24T20:17:29,4883,12.338,25.119,2,0.6353,55.295
2026-07-24T20:17:29,4884,11.764,26.059,2,0.6647,55.317
2026-07-24T20:17:29,4885,12.59,24.649,2,0.6671,55.319
2026-07-24T20:17:29,4886,11.274,26.052,2,0.6229,55.299
2026-07-24T20:17:29,4887,14.127,24.667,2,0.5768,55.27
2026-07-24T20:17:29,4888,10.698,25.859,2,0.6152,55.258
2026-07-24T20:17:29,4889,15.822,23.664,2,0.6671,55.24
2026-07-24T20:17:29,4890,23.46,21.877,2,0.6438,55.231
2026-07-24T20:17:29,4891,21.515,25.29,2,0.6356,55.226
2026-07-24T20:17:30,4892,10.741,24.191,2,0.6289,55.24
2026-07-24T20:17:30,4893,10.601,25.186,2,0.5251,55.385
2026-07-24T20:17:30,4894,12.821,23.923,2,0.4942,55.423
2026-07-24T20:17:30,4895,11.307,27.48,1,0.5344,55.593
2026-07-24T20:17:30,4896,13.747,24.903,1,0.627,56.065
2026-07-24T20:17:30,4897,10.438,25.528,2,0.6411,56.51
2026-07-24T20:17:30,4898,13.495,24.443,2,0.6395,57.557
2026-07-24T20:17:30,4899,10.733,25.79,1,0.5943,58.8
2026-07-24T20:17:30,4900,13.363,25.222,1,0.6745,59.232
2026-07-24T20:17:30,4901,11.218,25.35,1,0.6243,54.787
2026-07-24T20:17:30,4902,12.973,25.246,1,0.5541,51.099
2026-07-24T20:17:30,4903,10.789,25.957,1,0.6354,51.138
2026-07-24T20:17:31,4904,12.627,28.257,1,0.6988,51.68
2026-07-24T20:17:31,4905,11.907,25.152,1,0.5266,52.417
2026-07-24T20:17:31,4906,12.839,24.32,1,0.6522,53.223
2026-07-24T20:17:31,4907,10.718,24.797,1,0.6428,53.772
2026-07-24T20:17:31,4908,14.383,24.568,1,0.6521,54.176
2026-07-24T20:17:31,4909,10.02,25.659,1,0.5358,54.637
2026-07-24T20:17:31,4910,14.099,23.465,1,0.4788,55.059
2026-07-24T20:17:31,4911,10.768,25.612,1,0.4228,55.623
2026-07-24T20:17:31,4912,12.014,25.166,1,0.4983,56.146
2026-07-24T20:17:31,4913,11.875,25.778,0,0.0,56.638
2026-07-24T20:17:31,4914,12.071,25.965,1,0.3765,57.082
2026-07-24T20:17:31,4915,12.231,25.064,0,0.0,57.439
2026-07-24T20:17:32,4916,12.456,24.754,0,0.0,57.787
2026-07-24T20:17:32,4917,11.121,25.252,0,0.0,58.181
2026-07-24T20:17:32,4918,12.252,25.154,0,0.0,58.423
2026-07-24T20:17:32,4919,11.891,26.374,0,0.0,58.724
2026-07-24T20:17:32,4920,11.992,25.638,0,0.0,58.926
2026-07-24T20:17:32,4921,12.002,25.288,0,0.0,59.223
2026-07-24T20:17:32,4922,11.903,24.648,0,0.0,59.441
2026-07-24T20:17:32,4923,13.04,28.607,0,0.0,59.565
2026-07-24T20:17:32,4924,11.815,25.885,0,0.0,59.639
2026-07-24T20:17:32,4925,11.683,26.324,0,0.0,59.627
2026-07-24T20:17:32,4926,11.352,25.387,0,0.0,61.807
2026-07-24T20:17:32,4927,12.964,24.145,0,0.0,63.635
2026-07-24T20:17:33,4928,10.875,24.814,0,0.0,65.237
2026-07-24T20:17:33,4929,12.084,26.41,1,0.4028,68.3
2026-07-24T20:17:33,4930,12.047,25.045,2,0.7018,69.605
2026-07-24T20:17:33,4931,12.535,24.218,1,0.4201,68.502
2026-07-24T20:17:33,4932,11.152,25.703,1,0.5922,66.827
2026-07-24T20:17:33,4933,20.077,23.317,0,0.0,63.874
2026-07-24T20:17:33,4934,13.543,23.825,1,0.3977,62.232
2026-07-24T20:17:33,4935,15.194,23.506,1,0.5847,60.709
2026-07-24T20:17:33,4936,14.54,24.388,1,0.4832,59.418
2026-07-24T20:17:33,4937,16.122,22.023,1,0.6125,58.635
2026-07-24T20:17:33,4938,13.769,23.377,2,0.584,57.948
2026-07-24T20:17:33,4939,15.452,24.377,3,0.4977,57.391
2026-07-24T20:17:33,4940,15.064,23.707,2,0.747,56.954
2026-07-24T20:17:33,4941,15.701,23.398,3,0.504,56.655
2026-07-24T20:17:34,4942,12.831,26.58,2,0.6723,56.529
2026-07-24T20:17:34,4943,17.554,22.14,2,0.5179,56.335
2026-07-24T20:17:34,4944,13.829,23.563,2,0.621,56.254
2026-07-24T20:17:34,4945,15.614,22.71,2,0.679,56.172
2026-07-24T20:17:34,4946,15.074,23.447,2,0.6909,56.145
2026-07-24T20:17:34,4947,14.224,23.987,2,0.5862,56.174
2026-07-24T20:17:34,4948,15.707,23.694,2,0.6132,56.232
2026-07-24T20:17:34,4949,15.434,22.163,2,0.5685,56.342
2026-07-24T20:17:34,4950,13.996,23.729,2,0.6286,56.388
2026-07-24T20:17:34,4951,15.485,23.039,2,0.6283,56.396
2026-07-24T20:17:34,4952,14.994,23.46,2,0.6142,56.439
2026-07-24T20:17:34,4953,14.286,24.137,2,0.6171,56.395
2026-07-24T20:17:34,4954,15.103,23.333,2,0.5991,56.347
2026-07-24T20:17:34,4955,15.464,22.848,2,0.5776,56.35
2026-07-24T20:17:34,4956,15.126,23.917,2,0.612,56.393
2026-07-24T20:17:35,4957,14.241,23.445,2,0.6054,56.424
2026-07-24T20:17:35,4958,15.487,22.765,2,0.6453,56.416
2026-07-24T20:17:35,4959,14.426,23.859,2,0.6258,56.387
2026-07-24T20:17:35,4960,14.861,22.997,2,0.5985,56.373
2026-07-24T20:17:35,4961,15.417,23.232,2,0.5846,56.346
2026-07-24T20:17:35,4962,13.797,23.852,2,0.6067,56.4
2026-07-24T20:17:35,4963,16.653,22.309,2,0.5871,56.412
2026-07-24T20:17:35,4964,15.591,22.506,2,0.5704,56.395
2026-07-24T20:17:35,4965,12.736,23.723,2,0.5939,56.406
2026-07-24T20:17:35,4966,16.585,23.222,2,0.6307,56.484
2026-07-24T20:17:35,4967,17.339,20.818,2,0.6377,56.568
2026-07-24T20:17:35,4968,11.44,25.057,2,0.6515,56.707
2026-07-24T20:17:35,4969,18.813,20.926,2,0.6407,56.776
2026-07-24T20:17:35,4970,14.549,22.547,2,0.6328,56.677
2026-07-24T20:17:35,4971,14.064,23.225,2,0.651,56.632
2026-07-24T20:17:36,4972,16.069,22.854,2,0.591,56.669
2026-07-24T20:17:36,4973,14.558,23.423,2,0.5655,56.578
2026-07-24T20:17:36,4974,14.529,23.681,2,0.5791,56.506
2026-07-24T20:17:36,4975,14.93,23.192,2,0.5903,56.487
2026-07-24T20:17:36,4976,15.598,22.473,2,0.5873,56.409
2026-07-24T20:17:36,4977,14.057,23.881,2,0.5719,56.3
2026-07-24T20:17:36,4978,15.694,23.266,2,0.7042,56.178
2026-07-24T20:17:36,4979,15.062,23.538,2,0.6281,55.942
2026-07-24T20:17:36,4980,14.033,23.714,2,0.6622,55.613
2026-07-24T20:17:36,4981,15.831,22.8,2,0.5768,55.307
2026-07-24T20:17:36,4982,14.956,22.166,2,0.7205,54.976
2026-07-24T20:17:36,4983,14.207,23.39,2,0.7082,54.667
2026-07-24T20:17:36,4984,15.413,22.694,2,0.6408,54.564
2026-07-24T20:17:36,4985,14.975,22.544,2,0.6066,54.535
2026-07-24T20:17:36,4986,14.362,23.013,2,0.607,54.612
2026-07-24T20:17:37,4987,17.339,22.812,1,0.6753,54.73
2026-07-24T20:17:37,4988,13.282,22.326,2,0.5468,54.899
2026-07-24T20:17:37,4989,14.963,23.11,2,0.5653,55.364
2026-07-24T20:17:37,4990,14.976,23.048,1,0.6857,55.959
2026-07-24T20:17:37,4991,15.594,22.549,1,0.5293,56.482
2026-07-24T20:17:37,4992,13.457,23.563,2,0.4293,57.374
2026-07-24T20:17:37,4993,16.389,23.253,2,0.5191,57.677
2026-07-24T20:17:37,4994,15.234,22.263,0,0.0,55.4
2026-07-24T20:17:37,4995,14.915,23.072,0,0.0,51.286
2026-07-24T20:17:37,4996,13.676,23.468,0,0.0,49.639
2026-07-24T20:17:37,4997,16.731,21.828,0,0.0,50.945
2026-07-24T20:17:37,4998,13.611,23.564,0,0.0,52.754
2026-07-24T20:17:37,4999,15.685,23.039,0,0.0,54.177
2026-07-24T20:17:37,5000,15.117,23.328,0,0.0,55.637
2026-07-24T20:17:37,5001,14.464,22.663,0,0.0,57.48
2026-07-24T20:17:38,5002,11.455,24.079,0,0.0,58.008
2026-07-24T20:17:38,5003,11.244,24.179,0,0.0,59.396
2026-07-24T20:17:38,5004,12.13,24.758,0,0.0,61.275
2026-07-24T20:17:38,5005,11.665,24.881,0,0.0,61.831
2026-07-24T20:17:38,5006,12.236,24.465,0,0.0,62.255
2026-07-24T20:17:38,5007,11.851,25.375,0,0.0,62.588
2026-07-24T20:17:38,5008,12.052,24.745,0,0.0,62.9
2026-07-24T20:17:38,5009,11.885,24.407,0,0.0,63.232
2026-07-24T20:17:38,5010,11.824,24.443,0,0.0,63.624
2026-07-24T20:17:38,5011,12.009,24.908,0,0.0,64.051
2026-07-24T20:17:38,5012,12.204,24.429,0,0.0,64.426
2026-07-24T20:17:38,5013,11.78,24.294,0,0.0,64.744
2026-07-24T20:17:39,5014,11.924,24.627,0,0.0,65.01
2026-07-24T20:17:39,5015,12.569,24.656,0,0.0,65.217
2026-07-24T20:17:39,5016,10.749,25.783,0,0.0,65.392
2026-07-24T20:17:39,5017,12.589,25.545,0,0.0,65.538
2026-07-24T20:17:39,5018,12.397,23.641,0,0.0,65.661
2026-07-24T20:17:39,5019,11.479,25.059,0,0.0,65.776
2026-07-24T20:17:39,5020,12.233,24.188,0,0.0,65.867
2026-07-24T20:17:39,5021,13.498,23.662,0,0.0,65.949
2026-07-24T20:17:39,5022,10.152,24.901,0,0.0,66.025
2026-07-24T20:17:39,5023,14.879,23.608,0,0.0,66.091
2026-07-24T20:17:39,5024,10.061,26.36,0,0.0,66.148
2026-07-24T20:17:39,5025,12.302,25.214,0,0.0,66.196
2026-07-24T20:17:40,5026,12.063,24.302,0,0.0,66.247
2026-07-24T20:17:40,5027,13.03,24.834,0,0.0,66.309
2026-07-24T20:17:40,5028,11.177,24.29,0,0.0,66.369
2026-07-24T20:17:40,5029,12.01,24.305,0,0.0,66.43
2026-07-24T20:17:40,5030,11.676,24.246,0,0.0,66.48
2026-07-24T20:17:40,5031,11.983,25.732,0,0.0,66.524
2026-07-24T20:17:40,5032,11.902,25.726,0,0.0,66.586
2026-07-24T20:17:40,5033,12.802,25.078,0,0.0,66.65
2026-07-24T20:17:40,5034,10.966,25.433,0,0.0,66.716
2026-07-24T20:17:40,5035,12.155,25.344,0,0.0,66.762
2026-07-24T20:17:40,5036,12.131,25.04,0,0.0,66.806
2026-07-24T20:17:40,5037,12.078,23.728,0,0.0,66.87
2026-07-24T20:17:41,5038,12.349,23.836,0,0.0,66.934
2026-07-24T20:17:41,5039,11.635,25.235,0,0.0,66.988
2026-07-24T20:17:41,5040,11.768,25.079,0,0.0,67.039
2026-07-24T20:17:41,5041,11.958,25.151,0,0.0,67.083
2026-07-24T20:17:41,5042,12.209,23.743,0,0.0,67.124
2026-07-24T20:17:41,5043,12.233,25.012,0,0.0,67.178
2026-07-24T20:17:41,5044,11.425,24.924,0,0.0,67.213
2026-07-24T20:17:41,5045,11.866,25.428,0,0.0,67.245
2026-07-24T20:17:41,5046,12.925,24.386,0,0.0,67.272
2026-07-24T20:17:41,5047,10.982,24.852,0,0.0,67.273
2026-07-24T20:17:41,5048,13.341,23.6,0,0.0,67.264
2026-07-24T20:17:42,5049,10.832,24.138,0,0.0,67.267
2026-07-24T20:17:42,5050,12.308,24.625,0,0.0,67.268
2026-07-24T20:17:42,5051,11.761,25.037,0,0.0,67.288
2026-07-24T20:17:42,5052,12.233,24.372,0,0.0,67.314
2026-07-24T20:17:42,5053,12.409,24.896,0,0.0,67.345
2026-07-24T20:17:42,5054,11.271,25.152,0,0.0,67.378
2026-07-24T20:17:42,5055,12.113,24.208,0,0.0,67.406
2026-07-24T20:17:42,5056,11.92,25.034,0,0.0,67.443
2026-07-24T20:17:42,5057,11.872,24.611,0,0.0,67.479
2026-07-24T20:17:42,5058,13.163,24.155,0,0.0,67.509
2026-07-24T20:17:42,5059,10.667,24.898,0,0.0,67.532
2026-07-24T20:17:42,5060,12.627,25.248,0,0.0,67.541
2026-07-24T20:17:43,5061,11.728,24.865,0,0.0,67.55
2026-07-24T20:17:43,5062,12.052,24.667,0,0.0,67.543
2026-07-24T20:17:43,5063,12.021,24.21,0,0.0,67.529
2026-07-24T20:17:43,5064,12.444,25.693,0,0.0,67.517
2026-07-24T20:17:43,5065,10.769,26.357,0,0.0,67.501
2026-07-24T20:17:43,5066,12.658,24.581,0,0.0,67.482
2026-07-24T20:17:43,5067,11.768,24.829,0,0.0,67.468
2026-07-24T20:17:43,5068,13.04,25.22,0,0.0,67.457
2026-07-24T20:17:43,5069,10.917,26.918,0,0.0,67.454
2026-07-24T20:17:43,5070,12.374,28.577,0,0.0,67.454
2026-07-24T20:17:43,5071,15.473,26.066,0,0.0,67.461
2026-07-24T20:17:43,5072,12.649,23.027,0,0.0,67.466
2026-07-24T20:17:43,5073,21.188,22.691,0,0.0,67.468
2026-07-24T20:17:43,5074,25.348,22.011,0,0.0,67.47
2026-07-24T20:17:44,5075,25.162,20.631,0,0.0,67.473
2026-07-24T20:17:44,5076,22.53,20.865,0,0.0,67.477
2026-07-24T20:17:44,5077,23.699,21.472,0,0.0,67.48
2026-07-24T20:17:44,5078,24.557,21.185,0,0.0,67.481
2026-07-24T20:17:44,5079,26.871,20.772,0,0.0,67.481
2026-07-24T20:17:44,5080,20.295,19.711,0,0.0,67.48
2026-07-24T20:17:44,5081,26.143,20.86,0,0.0,67.479
2026-07-24T20:17:44,5082,22.418,20.829,0,0.0,67.477
2026-07-24T20:17:44,5083,23.735,21.552,0,0.0,67.473
2026-07-24T20:17:44,5084,24.521,21.327,0,0.0,67.471
2026-07-24T20:17:44,5085,24.031,20.935,0,0.0,67.469
2026-07-24T20:17:44,5086,23.907,20.792,0,0.0,67.466
2026-07-24T20:17:44,5087,23.265,21.16,0,0.0,67.465
2026-07-24T20:17:44,5088,24.518,20.56,0,0.0,67.464
2026-07-24T20:17:44,5089,24.012,19.836,0,0.0,67.464
2026-07-24T20:17:44,5090,23.204,20.488,0,0.0,67.463
2026-07-24T20:17:44,5091,24.465,20.451,0,0.0,67.462
2026-07-24T20:17:44,5092,23.707,20.586,0,0.0,67.46
2026-07-24T20:17:44,5093,27.384,21.171,0,0.0,67.456
2026-07-24T20:17:44,5094,21.942,21.622,0,0.0,67.453
2026-07-24T20:17:44,5095,22.847,20.338,0,0.0,67.45
2026-07-24T20:17:44,5096,24.555,20.343,0,0.0,67.45
2026-07-24T20:17:44,5097,24.075,20.161,0,0.0,67.448
2026-07-24T20:17:44,5098,23.144,20.401,0,0.0,67.446
2026-07-24T20:17:45,5099,25.11,20.644,0,0.0,67.447
2026-07-24T20:17:45,5100,18.257,31.002,0,0.0,67.447
2026-07-24T20:17:45,5101,10.682,23.515,0,0.0,67.451
2026-07-24T20:17:45,5102,13.091,24.013,0,0.0,67.454
2026-07-24T20:17:45,5103,12.283,25.634,0,0.0,67.457
2026-07-24T20:17:45,5104,10.45,25.934,0,0.0,67.461
2026-07-24T20:17:45,5105,12.201,25.69,0,0.0,67.466
2026-07-24T20:17:45,5106,12.012,24.956,0,0.0,67.472
2026-07-24T20:17:45,5107,13.494,23.952,0,0.0,67.479
2026-07-24T20:17:45,5108,10.487,25.909,0,0.0,67.482
2026-07-24T20:17:45,5109,13.9,24.72,0,0.0,67.487
2026-07-24T20:17:45,5110,10.686,24.671,0,0.0,67.492
2026-07-24T20:17:46,5111,12.324,24.392,0,0.0,67.497
2026-07-24T20:17:46,5112,11.814,25.093,0,0.0,67.503
2026-07-24T20:17:46,5113,12.459,24.025,0,0.0,67.512
2026-07-24T20:17:46,5114,10.961,26.01,0,0.0,67.515
2026-07-24T20:17:46,5115,12.751,29.429,0,0.0,67.515
2026-07-24T20:17:46,5116,11.371,25.275,0,0.0,67.515
2026-07-24T20:17:46,5117,12.645,24.031,0,0.0,67.515
2026-07-24T20:17:46,5118,11.931,24.2,0,0.0,67.513
2026-07-24T20:17:46,5119,11.815,25.537,0,0.0,67.512
2026-07-24T20:17:46,5120,11.623,26.587,0,0.0,67.509
2026-07-24T20:17:46,5121,12.806,25.467,0,0.0,67.51
2026-07-24T20:17:46,5122,11.427,25.993,0,0.0,67.514
2026-07-24T20:17:47,5123,12.12,24.701,0,0.0,67.522
2026-07-24T20:17:47,5124,11.785,24.414,0,0.0,67.521
2026-07-24T20:17:47,5125,12.054,25.334,0,0.0,67.523
2026-07-24T20:17:47,5126,11.983,24.963,0,0.0,67.529
2026-07-24T20:17:47,5127,12.895,23.659,0,0.0,67.526
2026-07-24T20:17:47,5128,11.132,24.879,0,0.0,67.523
2026-07-24T20:17:47,5129,11.956,25.048,0,0.0,67.525
2026-07-24T20:17:47,5130,12.003,24.082,0,0.0,67.517
2026-07-24T20:17:47,5131,11.864,24.379,0,0.0,67.51
2026-07-24T20:17:47,5132,12.593,24.225,0,0.0,67.495
2026-07-24T20:17:47,5133,10.857,26.644,0,0.0,67.49
2026-07-24T20:17:47,5134,12.56,24.755,0,0.0,67.49
2026-07-24T20:17:48,5135,12.029,24.215,0,0.0,67.493
2026-07-24T20:17:48,5136,11.794,25.123,0,0.0,67.496
2026-07-24T20:17:48,5137,13.106,24.033,0,0.0,67.496
2026-07-24T20:17:48,5138,10.681,25.595,0,0.0,67.495
2026-07-24T20:17:48,5139,12.678,24.195,0,0.0,67.494
2026-07-24T20:17:48,5140,13.101,24.148,0,0.0,67.496
2026-07-24T20:17:48,5141,10.524,25.261,0,0.0,67.491
2026-07-24T20:17:48,5142,13.114,24.604,0,0.0,67.477
2026-07-24T20:17:48,5143,10.83,25.511,0,0.0,67.461
2026-07-24T20:17:48,5144,13.205,24.885,0,0.0,67.466
2026-07-24T20:17:48,5145,10.959,25.551,0,0.0,67.48
2026-07-24T20:17:48,5146,14.213,24.468,0,0.0,67.497
2026-07-24T20:17:49,5147,10.559,25.44,0,0.0,67.503
2026-07-24T20:17:49,5148,12.14,25.258,0,0.0,67.501
2026-07-24T20:17:49,5149,11.875,25.322,0,0.0,67.494
2026-07-24T20:17:49,5150,12.116,24.808,0,0.0,67.491
2026-07-24T20:17:49,5151,11.659,24.432,0,0.0,67.488
2026-07-24T20:17:49,5152,14.324,23.736,0,0.0,67.485
2026-07-24T20:17:49,5153,10.039,25.43,0,0.0,67.478
2026-07-24T20:17:49,5154,12.128,25.792,0,0.0,67.47
2026-07-24T20:17:49,5155,12.002,24.954,0,0.0,67.463
2026-07-24T20:17:49,5156,11.922,25.681,0,0.0,67.457
2026-07-24T20:17:49,5157,13.146,22.945,0,0.0,67.452
2026-07-24T20:17:49,5158,11.39,25.047,0,0.0,67.447
2026-07-24T20:17:50,5159,11.758,24.663,0,0.0,67.442
2026-07-24T20:17:50,5160,11.999,24.761,0,0.0,67.441
2026-07-24T20:17:50,5161,11.724,25.402,0,0.0,67.436
2026-07-24T20:17:50,5162,12.556,25.016,0,0.0,67.429
2026-07-24T20:17:50,5163,11.356,24.795,0,0.0,67.424
2026-07-24T20:17:50,5164,11.822,26.222,0,0.0,67.424
2026-07-24T20:17:50,5165,12.25,25.138,0,0.0,67.419
2026-07-24T20:17:50,5166,11.691,25.49,0,0.0,67.411
2026-07-24T20:17:50,5167,12.958,24.283,0,0.0,67.4
2026-07-24T20:17:50,5168,11.206,24.483,0,0.0,67.389
2026-07-24T20:17:50,5169,11.86,25.524,0,0.0,67.386
2026-07-24T20:17:50,5170,11.981,25.61,0,0.0,67.377
2026-07-24T20:17:51,5171,12.296,24.957,0,0.0,67.365
2026-07-24T20:17:51,5172,12.162,24.516,0,0.0,67.371
2026-07-24T20:17:51,5173,11.547,25.369,0,0.0,67.385
2026-07-24T20:17:51,5174,12.298,24.28,0,0.0,67.399
2026-07-24T20:17:51,5175,11.55,24.768,0,0.0,67.414
2026-07-24T20:17:51,5176,12.329,24.405,0,0.0,67.421
2026-07-24T20:17:51,5177,13.743,23.187,0,0.0,67.433
2026-07-24T20:17:51,5178,10.276,23.729,0,0.0,67.447
2026-07-24T20:17:51,5179,12.232,24.68,0,0.0,67.462
2026-07-24T20:17:51,5180,11.691,26.147,0,0.0,67.476
2026-07-24T20:17:51,5181,11.989,24.978,0,0.0,67.493
2026-07-24T20:17:51,5182,12.758,24.918,0,0.0,67.508
2026-07-24T20:17:52,5183,11.578,25.173,0,0.0,67.529
2026-07-24T20:17:52,5184,11.476,24.819,0,0.0,67.545
2026-07-24T20:17:52,5185,12.459,24.143,0,0.0,67.555
2026-07-24T20:17:52,5186,11.649,24.053,0,0.0,67.563
2026-07-24T20:17:52,5187,13.061,23.872,0,0.0,67.571
2026-07-24T20:17:52,5188,10.927,24.268,0,0.0,67.58
2026-07-24T20:17:52,5189,13.254,25.766,0,0.0,67.587
2026-07-24T20:17:52,5190,10.289,27.423,0,0.0,67.589
2026-07-24T20:17:52,5191,12.989,24.677,0,0.0,67.589
2026-07-24T20:17:52,5192,12.536,23.583,0,0.0,67.595
2026-07-24T20:17:52,5193,11.59,23.861,0,0.0,67.6
2026-07-24T20:17:52,5194,11.598,24.902,0,0.0,67.604
2026-07-24T20:17:53,5195,12.124,25.583,0,0.0,67.611
2026-07-24T20:17:53,5196,12.029,25.4,0,0.0,67.619
2026-07-24T20:17:53,5197,12.056,24.542,0,0.0,67.609
2026-07-24T20:17:53,5198,11.767,25.363,0,0.0,67.596
2026-07-24T20:17:53,5199,11.937,25.259,0,0.0,67.579
2026-07-24T20:17:53,5200,12.195,24.743,0,0.0,67.561
2026-07-24T20:17:53,5201,11.76,25.547,0,0.0,67.552
2026-07-24T20:17:53,5202,13.325,23.509,0,0.0,67.537
2026-07-24T20:17:53,5203,10.585,25.745,0,0.0,67.525
2026-07-24T20:17:53,5204,12.123,25.246,0,0.0,67.509
2026-07-24T20:17:53,5205,11.927,24.648,0,0.0,67.495
2026-07-24T20:17:53,5206,12.255,23.577,0,0.0,67.484
2026-07-24T20:17:54,5207,12.68,23.777,0,0.0,67.477
2026-07-24T20:17:54,5208,12.07,24.543,0,0.0,67.472
2026-07-24T20:17:54,5209,11.216,25.358,0,0.0,67.461
2026-07-24T20:17:54,5210,13.971,24.551,0,0.0,67.45
2026-07-24T20:17:54,5211,9.739,26.847,0,0.0,67.44
2026-07-24T20:17:54,5212,14.0,24.587,0,0.0,67.43
2026-07-24T20:17:54,5213,10.824,24.832,0,0.0,67.416
2026-07-24T20:17:54,5214,13.559,23.995,0,0.0,67.406
2026-07-24T20:17:54,5215,10.31,26.72,0,0.0,67.4
2026-07-24T20:17:54,5216,13.13,26.149,0,0.0,67.401
2026-07-24T20:17:54,5217,11.636,25.195,0,0.0,67.39
2026-07-24T20:17:54,5218,12.149,24.535,0,0.0,67.379
2026-07-24T20:17:55,5219,11.607,25.184,0,0.0,67.369
2026-07-24T20:17:55,5220,12.949,25.557,0,0.0,67.366
2026-07-24T20:17:55,5221,10.899,25.707,0,0.0,67.364
2026-07-24T20:17:55,5222,13.453,22.845,0,0.0,67.363
2026-07-24T20:17:55,5223,10.898,24.488,0,0.0,67.362
2026-07-24T20:17:55,5224,12.349,25.174,0,0.0,67.361
2026-07-24T20:17:55,5225,11.784,25.565,0,0.0,67.366
2026-07-24T20:17:55,5226,12.058,25.838,0,0.0,67.372
2026-07-24T20:17:55,5227,12.468,24.027,0,0.0,67.377
2026-07-24T20:17:55,5228,11.546,26.641,0,0.0,67.382
2026-07-24T20:17:55,5229,11.479,25.668,0,0.0,67.386
2026-07-24T20:17:55,5230,12.189,25.416,0,0.0,67.387
2026-07-24T20:17:56,5231,11.938,25.571,0,0.0,67.384
2026-07-24T20:17:56,5232,12.247,24.566,0,0.0,67.383
2026-07-24T20:17:56,5233,12.144,24.085,0,0.0,67.386
2026-07-24T20:17:56,5234,11.404,24.593,0,0.0,67.389
2026-07-24T20:17:56,5235,12.282,24.687,0,0.0,67.392
2026-07-24T20:17:56,5236,11.533,26.352,0,0.0,67.391
2026-07-24T20:17:56,5237,13.257,24.454,0,0.0,67.39
2026-07-24T20:17:56,5238,10.866,25.371,0,0.0,67.389
2026-07-24T20:17:56,5239,13.161,25.126,0,0.0,67.391
2026-07-24T20:17:56,5240,11.202,25.297,0,0.0,67.392
2026-07-24T20:17:56,5241,12.063,24.601,0,0.0,67.392
2026-07-24T20:17:56,5242,12.097,23.784,0,0.0,67.391
2026-07-24T20:17:57,5243,11.65,25.476,0,0.0,67.391
2026-07-24T20:17:57,5244,12.08,25.473,0,0.0,67.389
2026-07-24T20:17:57,5245,13.058,24.5,0,0.0,67.387
2026-07-24T20:17:57,5246,10.523,25.443,0,0.0,67.385
2026-07-24T20:17:57,5247,13.642,24.387,0,0.0,67.387
2026-07-24T20:17:57,5248,10.784,25.277,0,0.0,67.384
2026-07-24T20:17:57,5249,12.51,24.276,0,0.0,67.38
2026-07-24T20:17:57,5250,11.801,24.379,0,0.0,67.372
2026-07-24T20:17:57,5251,13.522,24.322,0,0.0,67.362
2026-07-24T20:17:57,5252,10.763,25.465,0,0.0,67.36
2026-07-24T20:17:57,5253,11.944,24.987,0,0.0,67.358
2026-07-24T20:17:57,5254,11.64,25.816,0,0.0,67.35
2026-07-24T20:17:58,5255,12.246,24.94,0,0.0,67.338
2026-07-24T20:17:58,5256,11.787,25.308,0,0.0,67.327
2026-07-24T20:17:58,5257,13.308,24.854,0,0.0,67.314
2026-07-24T20:17:58,5258,10.527,26.043,0,0.0,67.302
2026-07-24T20:17:58,5259,12.474,24.995,0,0.0,67.29
2026-07-24T20:17:58,5260,11.935,25.569,0,0.0,67.273
2026-07-24T20:17:58,5261,12.234,23.903,0,0.0,67.262
2026-07-24T20:17:58,5262,11.774,24.564,0,0.0,67.257
2026-07-24T20:17:58,5263,11.997,25.29,0,0.0,67.255
2026-07-24T20:17:58,5264,11.633,25.7,0,0.0,67.253
2026-07-24T20:17:58,5265,11.983,25.231,0,0.0,67.248
2026-07-24T20:17:58,5266,11.931,25.551,0,0.0,67.247
2026-07-24T20:17:59,5267,12.558,24.498,0,0.0,67.246
2026-07-24T20:17:59,5268,11.485,25.302,0,0.0,67.245
2026-07-24T20:17:59,5269,12.209,24.588,0,0.0,67.248
2026-07-24T20:17:59,5270,11.853,25.292,0,0.0,67.252
2026-07-24T20:17:59,5271,11.925,25.27,0,0.0,67.254
2026-07-24T20:17:59,5272,12.359,24.564,0,0.0,67.259
2026-07-24T20:17:59,5273,11.617,25.189,0,0.0,67.269
2026-07-24T20:17:59,5274,11.743,24.803,0,0.0,67.272
2026-07-24T20:17:59,5275,11.886,24.949,0,0.0,67.279
2026-07-24T20:17:59,5276,12.29,25.657,0,0.0,67.28
2026-07-24T20:17:59,5277,11.799,25.338,0,0.0,67.283
2026-07-24T20:17:59,5278,12.026,25.479,0,0.0,67.283
2026-07-24T20:18:00,5279,11.399,28.069,0,0.0,67.284
2026-07-24T20:18:00,5280,12.52,24.864,0,0.0,67.284
2026-07-24T20:18:00,5281,12.525,24.698,0,0.0,67.284
2026-07-24T20:18:00,5282,12.709,23.424,0,0.0,67.283
2026-07-24T20:18:00,5283,10.6,24.516,0,0.0,67.277
2026-07-24T20:18:00,5284,12.329,25.001,0,0.0,67.269
2026-07-24T20:18:00,5285,11.681,26.073,0,0.0,67.262
2026-07-24T20:18:00,5286,11.814,25.803,0,0.0,67.254
2026-07-24T20:18:00,5287,12.236,24.823,0,0.0,67.247
2026-07-24T20:18:00,5288,13.411,24.598,0,0.0,67.244
2026-07-24T20:18:00,5289,10.257,25.662,0,0.0,67.236
2026-07-24T20:18:00,5290,12.81,24.44,0,0.0,67.225
2026-07-24T20:18:01,5291,11.745,25.172,0,0.0,67.218
2026-07-24T20:18:01,5292,12.72,23.782,0,0.0,67.21
2026-07-24T20:18:01,5293,11.18,26.322,0,0.0,67.204
2026-07-24T20:18:01,5294,12.612,25.626,0,0.0,67.203
2026-07-24T20:18:01,5295,11.289,25.72,0,0.0,67.196
2026-07-24T20:18:01,5296,12.142,25.306,0,0.0,67.187
2026-07-24T20:18:01,5297,12.287,25.236,0,0.0,67.184
2026-07-24T20:18:01,5298,11.683,24.736,0,0.0,67.18
2026-07-24T20:18:01,5299,11.938,24.665,0,0.0,67.176
2026-07-24T20:18:01,5300,12.474,26.108,0,0.0,67.175
2026-07-24T20:18:01,5301,11.392,26.425,0,0.0,67.176
2026-07-24T20:18:02,5302,11.102,32.784,0,0.0,67.175
2026-07-24T20:18:02,5303,15.306,23.047,0,0.0,67.173
2026-07-24T20:18:02,5304,10.502,25.827,0,0.0,67.172
2026-07-24T20:18:02,5305,11.94,24.86,0,0.0,67.171
2026-07-24T20:18:02,5306,11.78,26.499,0,0.0,67.17
2026-07-24T20:18:02,5307,13.598,24.631,0,0.0,67.17
2026-07-24T20:18:02,5308,10.762,24.398,0,0.0,67.172
2026-07-24T20:18:02,5309,12.173,25.115,0,0.0,67.175
2026-07-24T20:18:02,5310,11.739,26.111,0,0.0,67.177
2026-07-24T20:18:02,5311,11.801,25.66,0,0.0,67.182
2026-07-24T20:18:02,5312,12.804,24.328,0,0.0,67.186
2026-07-24T20:18:02,5313,11.681,24.709,0,0.0,67.189
2026-07-24T20:18:03,5314,11.55,25.065,0,0.0,67.197
2026-07-24T20:18:03,5315,16.191,24.858,0,0.0,67.203
2026-07-24T20:18:03,5316,24.045,22.223,0,0.0,67.204
2026-07-24T20:18:03,5317,25.36,20.74,0,0.0,67.206
2026-07-24T20:18:03,5318,22.592,20.199,0,0.0,67.212
2026-07-24T20:18:03,5319,11.945,23.34,0,0.0,67.214
2026-07-24T20:18:03,5320,20.002,22.97,0,0.0,67.213
2026-07-24T20:18:03,5321,11.011,24.117,0,0.0,67.211
2026-07-24T20:18:03,5322,11.017,25.054,0,0.0,67.211
2026-07-24T20:18:03,5323,12.265,26.063,0,0.0,67.216
2026-07-24T20:18:03,5324,13.026,23.275,0,0.0,67.225
2026-07-24T20:18:03,5325,10.755,24.647,0,0.0,67.233
2026-07-24T20:18:03,5326,12.391,24.439,0,0.0,67.237
2026-07-24T20:18:03,5327,12.39,25.633,0,0.0,67.242
2026-07-24T20:18:04,5328,10.94,25.809,0,0.0,67.246
2026-07-24T20:18:04,5329,12.483,25.163,0,0.0,67.255
2026-07-24T20:18:04,5330,11.856,25.391,0,0.0,67.266
2026-07-24T20:18:04,5331,11.728,25.873,0,0.0,67.265
2026-07-24T20:18:04,5332,12.04,25.682,0,0.0,67.258
2026-07-24T20:18:04,5333,12.902,24.671,0,0.0,67.25
2026-07-24T20:18:04,5334,11.274,24.982,0,0.0,67.24
2026-07-24T20:18:04,5335,12.128,24.641,0,0.0,67.232
2026-07-24T20:18:04,5336,11.775,23.804,0,0.0,67.222
2026-07-24T20:18:04,5337,12.003,24.463,0,0.0,67.214
2026-07-24T20:18:04,5338,12.974,23.281,0,0.0,67.209
2026-07-24T20:18:04,5339,11.031,26.013,0,0.0,67.2
2026-07-24T20:18:05,5340,12.342,25.307,0,0.0,67.192
2026-07-24T20:18:05,5341,11.642,24.152,0,0.0,67.185
2026-07-24T20:18:05,5342,11.834,25.687,0,0.0,67.177
2026-07-24T20:18:05,5343,12.055,25.692,0,0.0,67.164
2026-07-24T20:18:05,5344,13.728,23.266,0,0.0,67.154
2026-07-24T20:18:05,5345,10.397,25.04,0,0.0,67.144
2026-07-24T20:18:05,5346,12.143,25.605,0,0.0,67.14
2026-07-24T20:18:05,5347,11.921,26.179,0,0.0,67.138
2026-07-24T20:18:05,5348,12.002,24.862,0,0.0,67.152
2026-07-24T20:18:05,5349,12.771,24.238,0,0.0,67.168
2026-07-24T20:18:05,5350,11.077,24.928,0,0.0,67.185
2026-07-24T20:18:05,5351,12.225,24.581,0,0.0,67.191
2026-07-24T20:18:06,5352,13.679,23.792,0,0.0,67.193
2026-07-24T20:18:06,5353,10.211,24.505,0,0.0,67.21
2026-07-24T20:18:06,5354,13.677,23.472,0,0.0,67.226
2026-07-24T20:18:06,5355,10.913,25.138,0,0.0,67.24
2026-07-24T20:18:06,5356,12.149,24.871,0,0.0,67.258
2026-07-24T20:18:06,5357,11.706,25.787,0,0.0,67.271
2026-07-24T20:18:06,5358,13.317,25.059,0,0.0,67.271
2026-07-24T20:18:06,5359,10.784,25.319,0,0.0,67.264
2026-07-24T20:18:06,5360,12.279,24.949,0,0.0,67.258
2026-07-24T20:18:06,5361,11.706,25.048,0,0.0,67.256
2026-07-24T20:18:06,5362,12.121,24.732,0,0.0,67.257
2026-07-24T20:18:06,5363,11.913,25.096,0,0.0,67.253
2026-07-24T20:18:07,5364,13.411,24.058,0,0.0,67.248
2026-07-24T20:18:07,5365,10.59,25.865,0,0.0,67.242
2026-07-24T20:18:07,5366,12.388,24.341,0,0.0,67.236
2026-07-24T20:18:07,5367,11.757,25.087,0,0.0,67.233
2026-07-24T20:18:07,5368,12.086,25.503,0,0.0,67.228
2026-07-24T20:18:07,5369,12.374,24.048,0,0.0,67.224
2026-07-24T20:18:07,5370,11.419,25.402,0,0.0,67.213
2026-07-24T20:18:07,5371,12.664,24.796,0,0.0,67.205
2026-07-24T20:18:07,5372,11.007,24.931,0,0.0,67.2
2026-07-24T20:18:07,5373,12.418,25.229,0,0.0,67.193
2026-07-24T20:18:07,5374,12.662,24.748,0,0.0,67.19
2026-07-24T20:18:07,5375,11.111,24.94,0,0.0,67.183
2026-07-24T20:18:08,5376,12.241,24.786,0,0.0,67.174
2026-07-24T20:18:08,5377,11.819,25.344,0,0.0,67.168
2026-07-24T20:18:08,5378,12.103,24.85,0,0.0,67.16
2026-07-24T20:18:08,5379,12.005,24.353,0,0.0,67.154
2026-07-24T20:18:08,5380,11.956,24.719,0,0.0,67.155
2026-07-24T20:18:08,5381,11.54,25.487,0,0.0,67.155
2026-07-24T20:18:08,5382,12.319,25.25,0,0.0,67.155
2026-07-24T20:18:08,5383,12.946,25.956,0,0.0,67.152
2026-07-24T20:18:08,5384,10.668,28.548,0,0.0,67.152
2026-07-24T20:18:08,5385,12.344,25.62,0,0.0,67.15
2026-07-24T20:18:08,5386,11.87,25.459,0,0.0,67.147
2026-07-24T20:18:08,5387,12.212,24.226,0,0.0,67.146
2026-07-24T20:18:09,5388,12.154,25.878,0,0.0,67.143
2026-07-24T20:18:09,5389,12.527,24.679,0,0.0,67.135
2026-07-24T20:18:09,5390,10.913,24.817,0,0.0,67.132
2026-07-24T20:18:09,5391,12.346,24.775,0,0.0,67.132
2026-07-24T20:18:09,5392,11.894,25.603,0,0.0,67.131
2026-07-24T20:18:09,5393,12.072,24.702,0,0.0,67.135
2026-07-24T20:18:09,5394,12.698,24.232,0,0.0,67.136
2026-07-24T20:18:09,5395,11.552,25.592,0,0.0,67.134
2026-07-24T20:18:09,5396,11.033,26.066,0,0.0,67.133
2026-07-24T20:18:09,5397,12.538,24.721,0,0.0,67.135
2026-07-24T20:18:09,5398,11.848,24.551,0,0.0,67.132
2026-07-24T20:18:09,5399,13.185,23.596,0,0.0,67.135
2026-07-24T20:18:10,5400,10.806,24.755,0,0.0,67.139
2026-07-24T20:18:10,5401,12.677,25.347,0,0.0,67.133
2026-07-24T20:18:10,5402,11.202,25.965,0,0.0,67.142
2026-07-24T20:18:10,5403,12.63,24.263,0,0.0,67.151
2026-07-24T20:18:10,5404,11.715,25.52,0,0.0,67.166
2026-07-24T20:18:10,5405,12.229,23.979,0,0.0,67.191
2026-07-24T20:18:10,5406,11.096,25.463,0,0.0,67.218
2026-07-24T20:18:10,5407,13.052,24.898,0,0.0,67.243
2026-07-24T20:18:10,5408,11.505,25.668,0,0.0,67.27
2026-07-24T20:18:10,5409,12.099,25.217,0,0.0,67.28
2026-07-24T20:18:10,5410,11.769,25.287,0,0.0,67.293
2026-07-24T20:18:10,5411,11.933,25.281,0,0.0,67.313
2026-07-24T20:18:11,5412,11.935,25.634,0,0.0,67.326
2026-07-24T20:18:11,5413,11.912,25.069,0,0.0,67.337
2026-07-24T20:18:11,5414,12.847,24.852,0,0.0,67.347
2026-07-24T20:18:11,5415,11.131,24.697,0,0.0,67.358
2026-07-24T20:18:11,5416,12.195,25.254,0,0.0,67.37
2026-07-24T20:18:11,5417,11.851,26.399,0,0.0,67.383
2026-07-24T20:18:11,5418,12.048,25.62,0,0.0,67.395
2026-07-24T20:18:11,5419,11.993,24.504,0,0.0,67.408
2026-07-24T20:18:11,5420,15.058,25.145,0,0.0,67.419
2026-07-24T20:18:11,5421,24.586,21.873,0,0.0,67.423
2026-07-24T20:18:11,5422,25.365,20.974,0,0.0,67.427
2026-07-24T20:18:11,5423,24.704,20.961,0,0.0,67.43
2026-07-24T20:18:11,5424,22.481,20.918,0,0.0,67.427
2026-07-24T20:18:11,5425,24.579,20.511,0,0.0,67.423
2026-07-24T20:18:11,5426,22.928,20.872,0,0.0,67.424
2026-07-24T20:18:11,5427,24.497,20.868,0,0.0,67.428
2026-07-24T20:18:12,5428,23.912,21.162,0,0.0,67.433
2026-07-24T20:18:12,5429,24.257,20.577,0,0.0,67.436
2026-07-24T20:18:12,5430,23.779,20.15,0,0.0,67.438
2026-07-24T20:18:12,5431,23.818,20.188,0,0.0,67.444
2026-07-24T20:18:12,5432,25.412,20.767,0,0.0,67.448
2026-07-24T20:18:12,5433,21.454,22.085,0,0.0,67.452
2026-07-24T20:18:12,5434,12.7,22.53,0,0.0,67.455
2026-07-24T20:18:12,5435,22.153,21.584,0,0.0,67.458
2026-07-24T20:18:12,5436,24.431,20.577,0,0.0,67.462
2026-07-24T20:18:12,5437,23.664,20.791,0,0.0,67.465
2026-07-24T20:18:12,5438,23.427,20.582,0,0.0,67.467
2026-07-24T20:18:12,5439,24.581,20.733,0,0.0,67.471
2026-07-24T20:18:12,5440,23.227,20.895,0,0.0,67.474
2026-07-24T20:18:12,5441,23.948,20.402,0,0.0,67.476
2026-07-24T20:18:12,5442,24.1,20.778,0,0.0,67.472
2026-07-24T20:18:12,5443,25.525,20.75,0,0.0,67.468
2026-07-24T20:18:12,5444,23.55,20.736,0,0.0,67.461
2026-07-24T20:18:12,5445,22.535,20.946,0,0.0,67.454
2026-07-24T20:18:12,5446,12.49,22.642,0,0.0,67.438
2026-07-24T20:18:12,5447,21.577,21.386,0,0.0,67.426
2026-07-24T20:18:12,5448,25.671,21.63,0,0.0,67.416
2026-07-24T20:18:12,5449,23.108,20.506,0,0.0,67.408
2026-07-24T20:18:13,5450,25.238,19.757,0,0.0,67.4
2026-07-24T20:18:13,5451,21.801,21.172,0,0.0,67.391
2026-07-24T20:18:13,5452,25.429,20.79,0,0.0,67.379
2026-07-24T20:18:13,5453,24.169,20.187,0,0.0,67.371
2026-07-24T20:18:13,5454,23.177,20.96,0,0.0,67.362
2026-07-24T20:18:13,5455,24.612,21.97,0,0.0,67.353
2026-07-24T20:18:13,5456,23.563,20.72,0,0.0,67.344
2026-07-24T20:18:13,5457,24.528,20.641,0,0.0,67.336
2026-07-24T20:18:13,5458,22.975,20.657,0,0.0,67.329
2026-07-24T20:18:13,5459,24.962,20.049,0,0.0,67.326
2026-07-24T20:18:13,5460,22.606,20.503,0,0.0,67.32
2026-07-24T20:18:13,5461,24.988,20.87,0,0.0,67.317
2026-07-24T20:18:13,5462,22.686,21.028,0,0.0,67.316
2026-07-24T20:18:13,5463,25.147,20.636,0,0.0,67.31
2026-07-24T20:18:13,5464,23.202,20.364,0,0.0,67.306
2026-07-24T20:18:13,5465,23.509,21.078,0,0.0,67.301
2026-07-24T20:18:13,5466,24.917,20.108,0,0.0,67.299
2026-07-24T20:18:13,5467,24.596,20.984,0,0.0,67.297
2026-07-24T20:18:13,5468,22.387,21.12,0,0.0,67.295
2026-07-24T20:18:13,5469,11.283,30.73,0,0.0,67.29
2026-07-24T20:18:13,5470,11.513,24.447,0,0.0,67.283
2026-07-24T20:18:14,5471,10.722,24.757,0,0.0,67.281
2026-07-24T20:18:14,5472,12.373,24.645,0,0.0,67.28
2026-07-24T20:18:14,5473,11.145,25.519,0,0.0,67.275
2026-07-24T20:18:14,5474,12.198,25.42,0,0.0,67.265
2026-07-24T20:18:14,5475,15.934,24.295,0,0.0,67.261
2026-07-24T20:18:14,5476,25.554,23.279,0,0.0,67.264
2026-07-24T20:18:14,5477,21.292,22.14,0,0.0,67.263
2026-07-24T20:18:14,5478,24.728,21.966,0,0.0,67.265
2026-07-24T20:18:14,5479,23.863,21.874,0,0.0,67.265
2026-07-24T20:18:14,5480,23.79,22.193,0,0.0,67.263
2026-07-24T20:18:14,5481,23.098,22.226,0,0.0,67.259
2026-07-24T20:18:14,5482,24.923,20.818,0,0.0,67.255
2026-07-24T20:18:14,5483,22.875,21.836,0,0.0,67.253
2026-07-24T20:18:14,5484,24.599,22.703,0,0.0,67.25
2026-07-24T20:18:14,5485,25.137,23.237,0,0.0,67.249
2026-07-24T20:18:14,5486,21.798,22.172,0,0.0,67.248
2026-07-24T20:18:14,5487,25.372,21.601,0,0.0,67.247
2026-07-24T20:18:14,5488,23.725,21.632,0,0.0,67.245
2026-07-24T20:18:14,5489,23.88,22.658,0,0.0,67.246
2026-07-24T20:18:14,5490,24.216,21.51,0,0.0,67.246
2026-07-24T20:18:15,5491,23.892,20.954,0,0.0,67.247
2026-07-24T20:18:15,5492,23.336,21.649,0,0.0,67.249
2026-07-24T20:18:15,5493,24.275,21.37,0,0.0,67.251
2026-07-24T20:18:15,5494,23.741,22.081,0,0.0,67.252
2026-07-24T20:18:15,5495,24.097,21.345,0,0.0,67.251
2026-07-24T20:18:15,5496,23.764,21.77,0,0.0,67.254
2026-07-24T20:18:15,5497,24.985,22.298,0,0.0,67.255
2026-07-24T20:18:15,5498,22.222,21.622,0,0.0,67.255
2026-07-24T20:18:15,5499,24.087,21.969,0,0.0,67.254
2026-07-24T20:18:15,5500,24.692,21.915,0,0.0,67.253
2026-07-24T20:18:15,5501,23.58,22.15,0,0.0,67.254
2026-07-24T20:18:15,5502,23.765,22.294,0,0.0,67.255
2026-07-24T20:18:15,5503,23.673,22.678,0,0.0,67.26
2026-07-24T20:18:15,5504,24.886,21.321,0,0.0,67.262
2026-07-24T20:18:15,5505,23.111,21.606,0,0.0,67.262
2026-07-24T20:18:15,5506,23.662,22.304,0,0.0,67.263
2026-07-24T20:18:15,5507,24.463,21.717,0,0.0,67.263
2026-07-24T20:18:15,5508,23.939,21.294,0,0.0,67.263
2026-07-24T20:18:15,5509,26.12,22.903,0,0.0,67.263
2026-07-24T20:18:15,5510,22.584,21.322,0,0.0,67.263
2026-07-24T20:18:15,5511,23.035,21.725,0,0.0,67.264
2026-07-24T20:18:15,5512,24.471,21.861,0,0.0,67.267
2026-07-24T20:18:15,5513,22.373,22.272,0,0.0,67.266
2026-07-24T20:18:15,5514,24.811,22.631,0,0.0,67.267
2026-07-24T20:18:16,5515,10.867,24.877,0,0.0,67.269
2026-07-24T20:18:16,5516,10.242,25.476,0,0.0,67.283
2026-07-24T20:18:16,5517,13.436,23.356,0,0.0,67.297
2026-07-24T20:18:16,5518,11.864,25.801,0,0.0,67.303
2026-07-24T20:18:16,5519,11.205,25.853,0,0.0,67.306
2026-07-24T20:18:16,5520,12.057,25.789,0,0.0,67.303
2026-07-24T20:18:16,5521,11.886,24.491,0,0.0,67.304
2026-07-24T20:18:16,5522,12.169,24.423,0,0.0,67.315
2026-07-24T20:18:16,5523,11.684,24.603,0,0.0,67.329
2026-07-24T20:18:16,5524,13.965,24.243,0,0.0,67.351
2026-07-24T20:18:16,5525,10.31,25.55,0,0.0,67.37
2026-07-24T20:18:17,5526,12.155,25.322,0,0.0,67.382
2026-07-24T20:18:17,5527,12.202,24.174,0,0.0,67.379
2026-07-24T20:18:17,5528,11.756,24.94,0,0.0,67.373
2026-07-24T20:18:17,5529,12.779,24.219,0,0.0,67.366
2026-07-24T20:18:17,5530,11.447,25.638,0,0.0,67.358
2026-07-24T20:18:17,5531,11.407,25.807,0,0.0,67.353
2026-07-24T20:18:17,5532,12.224,25.4,0,0.0,67.346
2026-07-24T20:18:17,5533,12.109,25.0,0,0.0,67.342
2026-07-24T20:18:17,5534,12.113,24.242,0,0.0,67.339
2026-07-24T20:18:17,5535,11.678,25.699,0,0.0,67.333
2026-07-24T20:18:17,5536,12.588,24.822,0,0.0,67.329
2026-07-24T20:18:17,5537,11.194,25.487,0,0.0,67.323
2026-07-24T20:18:18,5538,12.202,24.794,0,0.0,67.317
2026-07-24T20:18:18,5539,13.204,23.508,0,0.0,67.311
2026-07-24T20:18:18,5540,10.774,25.548,0,0.0,67.304
2026-07-24T20:18:18,5541,12.237,24.609,0,0.0,67.303
2026-07-24T20:18:18,5542,11.729,26.059,0,0.0,67.299
2026-07-24T20:18:18,5543,12.013,25.878,0,0.0,67.295
2026-07-24T20:18:18,5544,13.139,23.916,0,0.0,67.288
2026-07-24T20:18:18,5545,10.872,24.449,0,0.0,67.28
2026-07-24T20:18:18,5546,12.273,24.64,0,0.0,67.281
2026-07-24T20:18:18,5547,11.944,24.742,0,0.0,67.286
2026-07-24T20:18:18,5548,11.674,26.058,0,0.0,67.293
2026-07-24T20:18:18,5549,13.585,24.327,0,0.0,67.305
2026-07-24T20:18:19,5550,10.608,25.425,0,0.0,67.325
2026-07-24T20:18:19,5551,12.306,24.608,0,0.0,67.338
2026-07-24T20:18:19,5552,11.606,26.402,0,0.0,67.345
2026-07-24T20:18:19,5553,12.389,24.805,0,0.0,67.349
2026-07-24T20:18:19,5554,11.932,24.855,0,0.0,67.352
2026-07-24T20:18:19,5555,13.541,23.926,0,0.0,67.354
2026-07-24T20:18:19,5556,11.603,24.903,0,0.0,67.359
2026-07-24T20:18:19,5557,10.777,25.648,0,0.0,67.365
2026-07-24T20:18:19,5558,11.837,26.262,0,0.0,67.369
2026-07-24T20:18:19,5559,12.396,24.912,0,0.0,67.391
2026-07-24T20:18:19,5560,11.907,24.651,0,0.0,67.428
2026-07-24T20:18:19,5561,13.084,24.566,0,0.0,67.473
2026-07-24T20:18:20,5562,10.556,24.649,0,0.0,67.507
2026-07-24T20:18:20,5563,12.43,24.929,0,0.0,67.54
2026-07-24T20:18:20,5564,13.129,23.911,0,0.0,67.574
2026-07-24T20:18:20,5565,10.701,25.266,0,0.0,67.604
2026-07-24T20:18:20,5566,12.183,25.218,0,0.0,67.631
2026-07-24T20:18:20,5567,12.418,25.662,0,0.0,67.664
2026-07-24T20:18:20,5568,11.117,26.602,0,0.0,67.705
2026-07-24T20:18:20,5569,13.021,25.299,0,0.0,67.741
2026-07-24T20:18:20,5570,11.206,26.137,0,0.0,67.765
2026-07-24T20:18:20,5571,12.141,24.953,0,0.0,67.792
2026-07-24T20:18:20,5572,11.963,24.968,0,0.0,67.803
2026-07-24T20:18:20,5573,12.123,25.682,0,0.0,67.793
2026-07-24T20:18:21,5574,12.309,24.321,0,0.0,67.763
2026-07-24T20:18:21,5575,11.582,24.494,0,0.0,67.73
2026-07-24T20:18:21,5576,11.8,25.337,0,0.0,67.701
2026-07-24T20:18:21,5577,12.066,25.445,0,0.0,67.657
2026-07-24T20:18:21,5578,12.051,25.295,0,0.0,67.614
2026-07-24T20:18:21,5579,11.961,24.792,0,0.0,67.575
2026-07-24T20:18:21,5580,11.884,25.055,0,0.0,67.52
2026-07-24T20:18:21,5581,11.724,25.169,0,0.0,67.436
2026-07-24T20:18:21,5582,12.205,24.945,0,0.0,67.344
2026-07-24T20:18:21,5583,11.982,25.411,0,0.0,67.274
2026-07-24T20:18:21,5584,11.917,24.854,0,0.0,67.224
2026-07-24T20:18:21,5585,15.744,24.007,0,0.0,67.197
2026-07-24T20:18:21,5586,23.49,22.874,0,0.0,67.187
2026-07-24T20:18:22,5587,22.667,21.414,0,0.0,67.178
2026-07-24T20:18:22,5588,26.255,20.117,0,0.0,67.161
2026-07-24T20:18:22,5589,23.349,19.956,0,0.0,67.155
2026-07-24T20:18:22,5590,24.92,19.983,0,0.0,67.148
2026-07-24T20:18:22,5591,22.837,19.89,0,0.0,67.14
2026-07-24T20:18:22,5592,23.279,21.204,0,0.0,67.127
2026-07-24T20:18:22,5593,25.117,21.195,0,0.0,67.112
2026-07-24T20:18:22,5594,23.189,20.835,0,0.0,67.096
2026-07-24T20:18:22,5595,25.055,20.505,0,0.0,67.076
2026-07-24T20:18:22,5596,22.596,20.354,0,0.0,67.046
2026-07-24T20:18:22,5597,24.868,20.072,0,0.0,67.013
2026-07-24T20:18:22,5598,24.245,19.75,0,0.0,66.974
2026-07-24T20:18:22,5599,23.866,20.595,0,0.0,66.921
2026-07-24T20:18:22,5600,22.883,20.78,0,0.0,66.858
2026-07-24T20:18:22,5601,24.137,20.493,0,0.0,66.778
2026-07-24T20:18:22,5602,23.858,20.518,0,0.0,66.695
2026-07-24T20:18:22,5603,24.681,20.496,0,0.0,66.621
2026-07-24T20:18:22,5604,22.852,20.859,0,0.0,66.556
2026-07-24T20:18:22,5605,24.821,20.446,0,0.0,66.51
2026-07-24T20:18:22,5606,23.823,20.069,0,0.0,66.475
2026-07-24T20:18:22,5607,24.165,20.553,0,0.0,66.452
2026-07-24T20:18:22,5608,23.629,20.047,0,0.0,66.434
2026-07-24T20:18:22,5609,23.77,20.898,0,0.0,66.419
2026-07-24T20:18:22,5610,24.147,20.667,0,0.0,66.409
2026-07-24T20:18:23,5611,27.196,20.412,0,0.0,66.402
2026-07-24T20:18:23,5612,19.946,20.676,0,0.0,66.401
2026-07-24T20:18:23,5613,25.716,20.805,0,0.0,66.405
2026-07-24T20:18:23,5614,22.471,23.501,0,0.0,66.412
2026-07-24T20:18:23,5615,24.828,22.29,0,0.0,66.422
2026-07-24T20:18:23,5616,23.716,21.626,0,0.0,66.43
2026-07-24T20:18:23,5617,23.956,21.636,0,0.0,66.436
2026-07-24T20:18:23,5618,24.283,21.323,0,0.0,66.445
2026-07-24T20:18:23,5619,23.8,21.569,0,0.0,66.455
2026-07-24T20:18:23,5620,23.782,21.551,0,0.0,66.464
2026-07-24T20:18:23,5621,23.796,21.51,0,0.0,66.486
2026-07-24T20:18:23,5622,23.41,22.293,0,0.0,66.507
2026-07-24T20:18:23,5623,25.106,22.153,0,0.0,66.523
2026-07-24T20:18:23,5624,24.343,22.081,0,0.0,66.541
2026-07-24T20:18:23,5625,22.388,21.717,0,0.0,66.554
2026-07-24T20:18:23,5626,25.253,20.913,0,0.0,66.57
2026-07-24T20:18:23,5627,22.504,21.718,0,0.0,66.588
2026-07-24T20:18:23,5628,25.259,21.059,0,0.0,66.598
2026-07-24T20:18:23,5629,23.504,21.023,0,0.0,66.626
2026-07-24T20:18:23,5630,23.117,21.959,0,0.0,66.656
2026-07-24T20:18:23,5631,24.428,22.05,0,0.0,66.693
2026-07-24T20:18:23,5632,23.586,22.167,0,0.0,66.723
2026-07-24T20:18:23,5633,24.503,21.815,0,0.0,66.751
2026-07-24T20:18:23,5634,23.849,22.237,0,0.0,66.772
2026-07-24T20:18:24,5635,23.905,22.315,0,0.0,66.769
2026-07-24T20:18:24,5636,24.3,22.579,0,0.0,66.755
2026-07-24T20:18:24,5637,23.046,22.32,0,0.0,66.757
2026-07-24T20:18:24,5638,24.489,22.142,0,0.0,66.757
2026-07-24T20:18:24,5639,23.601,21.855,0,0.0,66.765
2026-07-24T20:18:24,5640,23.701,22.298,0,0.0,66.779
2026-07-24T20:18:24,5641,24.152,21.843,0,0.0,66.796
2026-07-24T20:18:24,5642,23.847,21.758,0,0.0,66.836
2026-07-24T20:18:24,5643,23.81,22.389,0,0.0,66.874
2026-07-24T20:18:24,5644,23.895,22.142,0,0.0,66.908
2026-07-24T20:18:24,5645,24.304,21.46,0,0.0,66.933
2026-07-24T20:18:24,5646,23.555,21.53,0,0.0,66.941
2026-07-24T20:18:24,5647,24.331,21.654,0,0.0,66.951
2026-07-24T20:18:24,5648,26.227,21.635,0,0.0,66.953
2026-07-24T20:18:24,5649,20.871,22.331,0,0.0,66.943
2026-07-24T20:18:24,5650,24.932,21.552,0,0.0,66.933
2026-07-24T20:18:24,5651,24.408,21.1,0,0.0,66.923
2026-07-24T20:18:24,5652,22.672,22.151,0,0.0,66.887
2026-07-24T20:18:24,5653,24.884,21.636,0,0.0,66.605
2026-07-24T20:18:24,5654,23.251,21.548,0,0.0,66.171
2026-07-24T20:18:24,5655,24.459,21.555,0,0.0,66.057
2026-07-24T20:18:24,5656,24.203,20.977,0,0.0,65.948
2026-07-24T20:18:24,5657,23.7,21.255,0,0.0,65.78
2026-07-24T20:18:24,5658,23.891,21.966,0,0.0,65.631
2026-07-24T20:18:25,5659,24.272,21.391,0,0.0,65.482
2026-07-24T20:18:25,5660,23.815,22.398,0,0.0,65.489
2026-07-24T20:18:25,5661,25.725,21.335,0,0.0,65.559
2026-07-24T20:18:25,5662,21.147,21.594,0,0.0,65.549
2026-07-24T20:18:25,5663,25.426,21.349,0,0.0,65.532
2026-07-24T20:18:25,5664,23.659,21.376,0,0.0,65.521
2026-07-24T20:18:25,5665,24.002,21.329,0,0.0,65.489
2026-07-24T20:18:25,5666,23.863,22.02,0,0.0,65.448
2026-07-24T20:18:25,5667,23.559,22.069,0,0.0,65.396
2026-07-24T20:18:25,5668,24.465,21.966,0,0.0,65.336
2026-07-24T20:18:25,5669,23.888,21.665,0,0.0,65.277
2026-07-24T20:18:25,5670,24.233,21.613,0,0.0,65.227
2026-07-24T20:18:25,5671,23.97,21.353,0,0.0,65.179
2026-07-24T20:18:25,5672,22.499,23.194,0,0.0,65.135
2026-07-24T20:18:25,5673,26.665,21.696,0,0.0,65.094
2026-07-24T20:18:25,5674,22.175,21.863,0,0.0,65.051
2026-07-24T20:18:25,5675,24.556,21.706,0,0.0,65.01
2026-07-24T20:18:25,5676,23.738,21.501,0,0.0,64.962
2026-07-24T20:18:25,5677,23.714,22.006,0,0.0,64.904
2026-07-24T20:18:25,5678,24.2,21.912,0,0.0,64.828
2026-07-24T20:18:25,5679,23.839,21.771,0,0.0,64.739
2026-07-24T20:18:25,5680,23.645,21.652,0,0.0,64.639
2026-07-24T20:18:25,5681,24.311,21.54,0,0.0,64.517
2026-07-24T20:18:25,5682,23.411,21.979,0,0.0,64.379
2026-07-24T20:18:26,5683,23.974,22.386,0,0.0,64.193
2026-07-24T20:18:26,5684,24.786,21.024,0,0.0,63.592
2026-07-24T20:18:26,5685,24.195,21.857,0,0.0,62.819
2026-07-24T20:18:26,5686,22.742,22.194,0,0.0,62.262
2026-07-24T20:18:26,5687,24.193,22.195,0,0.0,61.693
2026-07-24T20:18:26,5688,23.523,21.955,0,0.0,61.132
2026-07-24T20:18:26,5689,24.658,21.297,0,0.0,60.647
2026-07-24T20:18:26,5690,23.716,21.741,0,0.0,60.893
2026-07-24T20:18:26,5691,23.9,21.446,0,0.0,62.946
2026-07-24T20:18:26,5692,23.018,22.501,1,0.384,65.876
2026-07-24T20:18:26,5693,24.637,22.669,0,0.0,66.478
2026-07-24T20:18:26,5694,24.012,21.449,0,0.0,64.475
2026-07-24T20:18:26,5695,23.794,21.945,0,0.0,62.714
2026-07-24T20:18:26,5696,24.144,22.442,0,0.0,61.321
2026-07-24T20:18:26,5697,25.436,22.259,1,0.4198,60.114
2026-07-24T20:18:26,5698,22.473,22.39,1,0.5581,59.332
2026-07-24T20:18:26,5699,23.337,21.788,1,0.7732,58.673
2026-07-24T20:18:26,5700,23.662,22.221,1,0.4324,58.089
2026-07-24T20:18:26,5701,25.248,21.333,0,0.0,57.585
2026-07-24T20:18:26,5702,22.192,22.234,0,0.0,57.231
2026-07-24T20:18:26,5703,24.711,21.756,1,0.4736,57.14
2026-07-24T20:18:26,5704,24.406,21.701,0,0.0,57.365
2026-07-24T20:18:26,5705,23.866,21.961,1,0.5627,57.842
2026-07-24T20:18:27,5706,24.559,21.036,0,0.0,58.275
2026-07-24T20:18:27,5707,22.66,21.515,1,0.4272,58.543
2026-07-24T20:18:27,5708,24.389,22.09,0,0.0,58.765
2026-07-24T20:18:27,5709,23.793,22.425,0,0.0,58.886
2026-07-24T20:18:27,5710,25.157,22.397,0,0.0,59.006
2026-07-24T20:18:27,5711,22.39,21.743,0,0.0,59.029
2026-07-24T20:18:27,5712,24.616,21.598,0,0.0,59.202
2026-07-24T20:18:27,5713,24.339,21.063,0,0.0,58.784
2026-07-24T20:18:27,5714,23.123,21.83,0,0.0,58.089
2026-07-24T20:18:27,5715,23.939,22.313,1,0.5323,57.539
2026-07-24T20:18:27,5716,24.209,21.741,1,0.6453,57.345
2026-07-24T20:18:27,5717,23.494,21.921,1,0.6052,57.332
2026-07-24T20:18:27,5718,24.688,21.652,1,0.5347,57.365
2026-07-24T20:18:27,5719,23.827,21.611,0,0.0,57.363
2026-07-24T20:18:27,5720,23.505,22.583,0,0.0,57.35
2026-07-24T20:18:27,5721,23.742,22.281,0,0.0,57.348
2026-07-24T20:18:27,5722,25.695,21.834,1,0.4441,57.38
2026-07-24T20:18:27,5723,21.92,21.631,0,0.0,57.457
2026-07-24T20:18:27,5724,24.598,22.264,1,0.4063,57.509
2026-07-24T20:18:27,5725,24.317,20.959,2,0.4603,57.487
2026-07-24T20:18:27,5726,24.761,21.544,2,0.512,57.458
2026-07-24T20:18:27,5727,23.021,20.793,2,0.4298,57.377
2026-07-24T20:18:27,5728,25.001,20.48,2,0.467,57.287
2026-07-24T20:18:27,5729,22.941,20.488,2,0.4586,57.24
2026-07-24T20:18:28,5730,24.531,20.852,2,0.4972,57.24
2026-07-24T20:18:28,5731,23.183,21.048,2,0.4796,57.219
2026-07-24T20:18:28,5732,24.25,20.744,1,0.6455,57.202
2026-07-24T20:18:28,5733,24.392,20.199,1,0.6423,57.196
2026-07-24T20:18:28,5734,26.143,20.515,2,0.4085,57.237
2026-07-24T20:18:28,5735,21.561,20.661,1,0.4415,57.28
2026-07-24T20:18:28,5736,23.898,20.934,1,0.4165,57.309
2026-07-24T20:18:28,5737,24.15,20.024,2,0.4221,57.291
2026-07-24T20:18:28,5738,23.237,21.092,1,0.5197,57.194
2026-07-24T20:18:28,5739,24.508,20.469,2,0.4702,57.102
2026-07-24T20:18:28,5740,23.463,20.529,2,0.5428,57.022
2026-07-24T20:18:28,5741,24.012,21.097,2,0.5253,56.944
2026-07-24T20:18:28,5742,24.203,20.829,2,0.5896,56.906
2026-07-24T20:18:28,5743,23.739,20.693,2,0.5828,56.891
2026-07-24T20:18:28,5744,23.463,20.639,2,0.5677,56.859
2026-07-24T20:18:28,5745,24.125,20.752,2,0.5823,56.831
2026-07-24T20:18:28,5746,24.274,20.837,2,0.5441,56.815
2026-07-24T20:18:28,5747,24.943,21.039,2,0.5483,56.804
2026-07-24T20:18:28,5748,24.462,20.934,2,0.5243,56.785
2026-07-24T20:18:28,5749,21.45,21.162,2,0.5672,56.818
2026-07-24T20:18:28,5750,24.932,20.345,2,0.554,56.895
2026-07-24T20:18:28,5751,23.909,20.656,2,0.552,56.95
2026-07-24T20:18:28,5752,23.891,20.657,2,0.5959,56.997
2026-07-24T20:18:28,5753,24.062,20.504,2,0.5038,57.033
2026-07-24T20:18:29,5754,23.466,20.988,2,0.5545,57.073
2026-07-24T20:18:29,5755,24.29,20.983,2,0.5672,57.112
2026-07-24T20:18:29,5756,24.21,20.763,2,0.5889,57.151
2026-07-24T20:18:29,5757,22.941,21.277,2,0.5387,57.247
2026-07-24T20:18:29,5758,25.412,20.635,2,0.5557,57.397
2026-07-24T20:18:29,5759,24.07,20.563,3,0.4898,57.572
2026-07-24T20:18:29,5760,22.757,20.638,2,0.5333,57.617
2026-07-24T20:18:29,5761,25.128,20.506,2,0.5204,57.611
2026-07-24T20:18:29,5762,22.451,21.141,2,0.5806,57.506
2026-07-24T20:18:29,5763,25.17,21.057,3,0.5411,57.37
2026-07-24T20:18:29,5764,23.195,20.677,2,0.6261,57.394
2026-07-24T20:18:29,5765,24.747,21.264,1,0.5473,57.756
2026-07-24T20:18:29,5766,23.633,20.47,1,0.4462,58.311
2026-07-24T20:18:29,5767,23.287,20.847,1,0.4635,58.752
2026-07-24T20:18:29,5768,24.044,21.116,1,0.3717,58.614
2026-07-24T20:18:29,5769,24.105,20.822,0,0.0,58.429
2026-07-24T20:18:29,5770,23.197,21.23,0,0.0,58.209
2026-07-24T20:18:29,5771,9.882,23.444,1,0.3989,58.283
2026-07-24T20:18:29,5772,11.726,24.242,0,0.0,58.315
2026-07-24T20:18:29,5773,12.047,25.344,1,0.3525,58.172
2026-07-24T20:18:30,5774,12.497,23.488,1,0.3618,58.057
2026-07-24T20:18:30,5775,11.409,24.469,1,0.4798,58.046
2026-07-24T20:18:30,5776,11.821,25.666,2,0.5188,58.048
2026-07-24T20:18:30,5777,12.191,25.002,2,0.4445,58.034
2026-07-24T20:18:30,5778,11.759,25.635,3,0.4067,58.048
2026-07-24T20:18:30,5779,12.173,24.351,3,0.533,58.08
2026-07-24T20:18:30,5780,11.947,24.612,2,0.5765,58.143
2026-07-24T20:18:30,5781,11.658,24.892,3,0.4901,58.137
2026-07-24T20:18:30,5782,12.125,24.663,2,0.5365,58.139
2026-07-24T20:18:30,5783,12.792,25.494,3,0.5047,58.112
2026-07-24T20:18:30,5784,11.059,24.839,2,0.5887,58.086
2026-07-24T20:18:30,5785,12.513,25.718,2,0.518,58.116
2026-07-24T20:18:31,5786,11.768,24.613,3,0.4846,58.125
2026-07-24T20:18:31,5787,11.786,23.867,1,0.533,58.274
2026-07-24T20:18:31,5788,11.931,24.586,1,0.7716,59.471
2026-07-24T20:18:31,5789,13.348,25.285,2,0.5294,60.066
2026-07-24T20:18:31,5790,10.532,25.659,0,0.0,59.972
2026-07-24T20:18:31,5791,12.219,25.549,1,0.3542,60.093
2026-07-24T20:18:31,5792,12.264,24.134,1,0.4826,60.377
2026-07-24T20:18:31,5793,11.545,25.134,1,0.3746,61.104
2026-07-24T20:18:31,5794,12.591,25.238,2,0.4114,63.008
2026-07-24T20:18:31,5795,12.28,24.342,1,0.6763,67.433
2026-07-24T20:18:31,5796,10.869,26.331,1,0.6712,67.278
2026-07-24T20:18:31,5797,13.298,24.285,1,0.6461,67.097
2026-07-24T20:18:32,5798,10.917,25.095,1,0.6736,65.854
2026-07-24T20:18:32,5799,13.581,23.805,1,0.6803,66.935
2026-07-24T20:18:32,5800,10.892,25.292,1,0.4832,68.392
2026-07-24T20:18:32,5801,11.99,25.395,1,0.4472,68.383
2026-07-24T20:18:32,5802,15.977,22.609,1,0.7648,68.605
2026-07-24T20:18:32,5803,14.218,23.477,1,0.7378,69.34
2026-07-24T20:18:32,5804,14.65,23.397,2,0.5133,70.879
2026-07-24T20:18:32,5805,15.434,23.041,1,0.4856,72.313
2026-07-24T20:18:32,5806,14.465,24.461,1,0.447,72.796
2026-07-24T20:18:32,5807,15.256,22.513,1,0.4542,73.608
2026-07-24T20:18:32,5808,14.617,22.968,1,0.3555,74.065
2026-07-24T20:18:32,5809,17.211,23.266,1,0.3977,73.675
2026-07-24T20:18:32,5810,12.446,24.017,1,0.413,73.528
2026-07-24T20:18:32,5811,17.074,22.116,1,0.3533,72.957
2026-07-24T20:18:33,5812,14.534,23.456,0,0.0,72.713
2026-07-24T20:18:33,5813,14.308,23.739,0,0.0,74.017
2026-07-24T20:18:33,5814,15.815,22.882,0,0.0,75.81
2026-07-24T20:18:33,5815,14.853,23.631,0,0.0,77.963
2026-07-24T20:18:33,5816,14.057,23.275,0,0.0,78.69
2026-07-24T20:18:33,5817,16.406,23.016,1,0.3517,75.972
2026-07-24T20:18:33,5818,14.293,23.75,1,0.4346,73.819
2026-07-24T20:18:33,5819,14.405,23.431,0,0.0,73.363
2026-07-24T20:18:33,5820,15.514,23.651,0,0.0,74.19
2026-07-24T20:18:33,5821,15.024,23.232,0,0.0,75.147
2026-07-24T20:18:33,5822,14.159,24.139,0,0.0,75.699
2026-07-24T20:18:33,5823,15.721,22.838,1,0.3984,75.484
2026-07-24T20:18:33,5824,14.987,22.848,1,0.4147,75.201
2026-07-24T20:18:33,5825,15.374,23.625,1,0.4438,75.241
2026-07-24T20:18:33,5826,13.442,24.784,1,0.4271,75.168
2026-07-24T20:18:34,5827,16.236,23.423,0,0.0,74.846
2026-07-24T20:18:34,5828,14.557,23.055,1,0.4395,74.494
2026-07-24T20:18:34,5829,14.881,22.56,0,0.0,74.158
2026-07-24T20:18:34,5830,15.268,23.151,0,0.0,73.984
2026-07-24T20:18:34,5831,14.597,22.271,1,0.5337,73.792
2026-07-24T20:18:34,5832,15.866,23.591,1,0.3734,73.527
2026-07-24T20:18:34,5833,13.717,23.15,1,0.4369,73.372
2026-07-24T20:18:34,5834,15.812,22.72,2,0.5112,73.367
2026-07-24T20:18:34,5835,14.108,23.954,1,0.6961,73.312
2026-07-24T20:18:34,5836,16.125,22.076,1,0.5236,73.313
2026-07-24T20:18:34,5837,14.156,22.913,1,0.4519,73.442
2026-07-24T20:18:34,5838,15.385,23.314,1,0.4693,73.641
2026-07-24T20:18:34,5839,14.805,23.501,1,0.4661,73.821
2026-07-24T20:18:34,5840,15.0,25.095,1,0.5201,74.016
2026-07-24T20:18:34,5841,13.506,24.159,0,0.0,74.206
2026-07-24T20:18:35,5842,15.883,24.13,1,0.4684,74.354
2026-07-24T20:18:35,5843,14.724,22.716,1,0.4415,74.463
2026-07-24T20:18:35,5844,16.335,22.323,1,0.3947,74.53
2026-07-24T20:18:35,5845,14.419,22.971,1,0.3615,74.533
2026-07-24T20:18:35,5846,14.38,23.75,1,0.3674,74.563
2026-07-24T20:18:35,5847,15.766,23.168,1,0.4101,74.587
2026-07-24T20:18:35,5848,15.403,22.615,0,0.0,74.593
2026-07-24T20:18:35,5849,13.658,23.536,1,0.3566,74.61
2026-07-24T20:18:35,5850,15.667,23.174,1,0.3684,74.625
2026-07-24T20:18:35,5851,15.399,22.095,0,0.0,74.695
2026-07-24T20:18:35,5852,14.039,23.809,1,0.413,74.822
2026-07-24T20:18:35,5853,15.666,22.381,1,0.3941,75.037
2026-07-24T20:18:35,5854,14.733,22.919,1,0.4886,75.113
2026-07-24T20:18:35,5855,14.493,23.368,1,0.5236,75.214
2026-07-24T20:18:35,5856,16.089,22.772,1,0.6392,75.294
2026-07-24T20:18:36,5857,14.098,23.076,1,0.4461,75.291
2026-07-24T20:18:36,5858,15.061,22.827,2,0.5321,75.267
2026-07-24T20:18:36,5859,14.617,23.773,2,0.3941,75.2
2026-07-24T20:18:36,5860,15.518,22.717,2,0.4407,75.118
2026-07-24T20:18:36,5861,14.396,23.181,1,0.4541,75.102
2026-07-24T20:18:36,5862,15.493,22.562,2,0.4366,75.142
2026-07-24T20:18:36,5863,15.877,24.209,1,0.4719,75.168
2026-07-24T20:18:36,5864,12.294,25.861,1,0.4446,75.198
2026-07-24T20:18:36,5865,17.653,22.906,3,0.4383,75.309
2026-07-24T20:18:36,5866,14.726,22.958,2,0.5197,75.312
2026-07-24T20:18:36,5867,14.707,22.64,2,0.529,75.355
2026-07-24T20:18:36,5868,15.108,23.205,2,0.449,75.306
2026-07-24T20:18:36,5869,14.636,23.999,1,0.4523,75.218
2026-07-24T20:18:36,5870,13.781,24.094,2,0.4714,75.166
2026-07-24T20:18:36,5871,17.682,22.562,1,0.5222,75.048
2026-07-24T20:18:37,5872,14.499,22.55,1,0.6036,74.947
2026-07-24T20:18:37,5873,14.49,23.161,1,0.6588,74.836
2026-07-24T20:18:37,5874,14.805,23.087,1,0.6874,74.723
2026-07-24T20:18:37,5875,15.095,22.778,1,0.6815,74.639
2026-07-24T20:18:37,5876,14.706,22.156,1,0.5896,74.571
2026-07-24T20:18:37,5877,15.229,22.906,1,0.626,74.513
2026-07-24T20:18:37,5878,14.575,24.823,1,0.4058,74.449
2026-07-24T20:18:37,5879,15.597,22.766,1,0.5538,74.395
2026-07-24T20:18:37,5880,13.802,23.786,1,0.4751,74.291
2026-07-24T20:18:37,5881,17.098,23.164,1,0.3839,74.157
2026-07-24T20:18:37,5882,13.178,23.726,1,0.389,74.039
2026-07-24T20:18:37,5883,16.754,21.936,1,0.5605,73.998
2026-07-24T20:18:37,5884,14.335,23.305,2,0.511,73.882
2026-07-24T20:18:37,5885,14.502,23.238,1,0.5207,73.778
2026-07-24T20:18:37,5886,16.59,22.643,1,0.6072,73.671
2026-07-24T20:18:38,5887,13.801,23.534,2,0.4874,73.418
2026-07-24T20:18:38,5888,14.553,23.615,2,0.4359,73.282
2026-07-24T20:18:38,5889,15.918,22.255,1,0.4348,73.248
2026-07-24T20:18:38,5890,14.665,22.396,1,0.3885,73.173
2026-07-24T20:18:38,5891,14.485,23.308,1,0.3682,73.099
2026-07-24T20:18:38,5892,16.523,22.992,2,0.538,73.095
2026-07-24T20:18:38,5893,13.597,23.193,2,0.4515,72.946
2026-07-24T20:18:38,5894,15.527,24.659,0,0.0,72.723
2026-07-24T20:18:38,5895,13.174,24.785,1,0.4785,72.516
2026-07-24T20:18:38,5896,16.496,22.763,0,0.0,72.344
2026-07-24T20:18:38,5897,13.778,23.904,1,0.3559,72.124
2026-07-24T20:18:38,5898,16.23,22.836,0,0.0,71.995
2026-07-24T20:18:38,5899,15.391,22.597,1,0.425,71.91
2026-07-24T20:18:38,5900,14.465,23.555,3,0.4397,72.001
2026-07-24T20:18:38,5901,15.03,22.828,2,0.3908,71.948
2026-07-24T20:18:39,5902,15.725,22.731,1,0.4281,71.879
2026-07-24T20:18:39,5903,13.787,23.32,1,0.4651,71.754
2026-07-24T20:18:39,5904,15.096,23.855,2,0.4397,71.665
2026-07-24T20:18:39,5905,15.597,23.362,2,0.4,71.666
2026-07-24T20:18:39,5906,14.082,24.001,1,0.3773,71.611
2026-07-24T20:18:39,5907,16.004,22.607,2,0.3876,71.509
2026-07-24T20:18:39,5908,14.439,23.09,3,0.4584,71.44
2026-07-24T20:18:39,5909,14.545,24.459,3,0.4424,71.292
2026-07-24T20:18:39,5910,14.98,23.528,2,0.3763,71.218
2026-07-24T20:18:39,5911,15.2,23.818,2,0.3821,71.247
2026-07-24T20:18:39,5912,15.228,23.19,3,0.3981,71.248
2026-07-24T20:18:39,5913,14.476,23.261,2,0.4177,71.258
2026-07-24T20:18:39,5914,15.675,23.989,2,0.4437,71.326
2026-07-24T20:18:39,5915,13.915,23.06,2,0.4817,71.358
2026-07-24T20:18:39,5916,15.443,22.923,2,0.4921,71.317
2026-07-24T20:18:40,5917,16.681,23.512,2,0.5098,71.351
2026-07-24T20:18:40,5918,12.08,24.857,1,0.5406,71.356
2026-07-24T20:18:40,5919,17.442,23.599,2,0.4825,71.361
2026-07-24T20:18:40,5920,14.355,24.15,3,0.4777,71.362
2026-07-24T20:18:40,5921,14.272,24.101,3,0.4554,71.299
2026-07-24T20:18:40,5922,15.939,22.372,2,0.4525,71.28
2026-07-24T20:18:40,5923,15.316,23.237,3,0.4544,71.305
2026-07-24T20:18:40,5924,14.486,23.129,2,0.438,71.396
2026-07-24T20:18:40,5925,16.603,23.232,1,0.5176,71.433
2026-07-24T20:18:40,5926,13.652,23.795,1,0.5451,71.38
2026-07-24T20:18:40,5927,14.937,23.433,1,0.5654,71.391
2026-07-24T20:18:40,5928,14.876,23.664,1,0.5327,71.366
2026-07-24T20:18:40,5929,15.51,22.782,2,0.472,71.255
2026-07-24T20:18:40,5930,14.256,23.841,2,0.4486,71.088
2026-07-24T20:18:41,5931,15.383,23.21,1,0.5999,70.86
2026-07-24T20:18:41,5932,15.021,23.391,1,0.5689,70.545
2026-07-24T20:18:41,5933,14.869,23.338,1,0.5311,70.015
2026-07-24T20:18:41,5934,14.266,24.134,3,0.5038,69.656
2026-07-24T20:18:41,5935,15.488,24.099,2,0.5727,69.423
2026-07-24T20:18:41,5936,14.293,24.071,3,0.5426,69.294
2026-07-24T20:18:41,5937,16.194,22.377,3,0.5368,69.256
2026-07-24T20:18:41,5938,14.453,23.767,3,0.5421,69.418
2026-07-24T20:18:41,5939,13.863,24.561,2,0.5416,69.811
2026-07-24T20:18:41,5940,16.654,23.29,4,0.4758,70.215
2026-07-24T20:18:41,5941,14.598,23.123,3,0.4769,70.506
2026-07-24T20:18:41,5942,14.465,23.465,2,0.4217,70.751
2026-07-24T20:18:41,5943,15.592,23.342,2,0.4521,71.392
2026-07-24T20:18:41,5944,14.981,22.789,2,0.4713,71.739
2026-07-24T20:18:41,5945,14.473,23.038,1,0.6477,72.154
2026-07-24T20:18:42,5946,15.248,23.402,1,0.5249,72.229
2026-07-24T20:18:42,5947,14.632,24.021,2,0.4189,72.328
2026-07-24T20:18:42,5948,15.305,24.006,1,0.4402,72.0
2026-07-24T20:18:42,5949,13.503,23.971,1,0.687,71.758
2026-07-24T20:18:42,5950,16.168,23.095,1,0.7043,71.468
2026-07-24T20:18:42,5951,14.724,23.305,1,0.646,71.149
2026-07-24T20:18:42,5952,15.84,23.095,2,0.4773,70.798
2026-07-24T20:18:42,5953,14.352,23.997,2,0.434,70.496
2026-07-24T20:18:42,5954,14.606,23.311,2,0.4191,70.21
2026-07-24T20:18:42,5955,15.592,23.129,2,0.4338,69.874
2026-07-24T20:18:42,5956,15.217,22.661,2,0.4075,69.459
2026-07-24T20:18:42,5957,14.027,24.002,2,0.4276,69.008
2026-07-24T20:18:42,5958,15.879,22.598,2,0.4972,68.544
2026-07-24T20:18:42,5959,14.49,23.485,2,0.3568,68.099
2026-07-24T20:18:42,5960,14.596,23.263,0,0.0,67.904
2026-07-24T20:18:43,5961,15.469,22.539,1,0.355,68.054
2026-07-24T20:18:43,5962,14.612,23.456,0,0.0,68.453
2026-07-24T20:18:43,5963,14.891,23.189,0,0.0,69.086
2026-07-24T20:18:43,5964,15.974,22.233,0,0.0,70.054
2026-07-24T20:18:43,5965,14.115,23.343,2,0.4304,71.406
2026-07-24T20:18:43,5966,14.874,23.087,1,0.404,72.563
2026-07-24T20:18:43,5967,14.632,24.179,1,0.4127,73.315
2026-07-24T20:18:43,5968,15.971,22.121,0,0.0,74.009
2026-07-24T20:18:43,5969,13.688,23.91,0,0.0,74.507
2026-07-24T20:18:43,5970,16.044,23.036,1,0.4036,74.956
2026-07-24T20:18:43,5971,16.401,23.217,0,0.0,75.675
2026-07-24T20:18:43,5972,12.207,24.89,0,0.0,76.919
2026-07-24T20:18:43,5973,16.658,29.294,0,0.0,78.838
2026-07-24T20:18:43,5974,15.862,29.924,1,0.3952,80.975
2026-07-24T20:18:43,5975,16.767,22.092,0,0.0,83.407
2026-07-24T20:18:44,5976,13.324,24.22,0,0.0,85.67
2026-07-24T20:18:44,5977,14.402,24.77,0,0.0,87.499
2026-07-24T20:18:44,5978,14.126,24.865,1,0.402,87.49
2026-07-24T20:18:44,5979,17.252,23.674,1,0.6088,87.415
2026-07-24T20:18:44,5980,14.284,24.219,1,0.6277,88.594
2026-07-24T20:18:44,5981,13.015,24.784,1,0.3741,90.189
2026-07-24T20:18:44,5982,15.986,23.877,1,0.541,90.624
2026-07-24T20:18:44,5983,14.695,24.24,1,0.3887,89.492
2026-07-24T20:18:44,5984,15.312,23.512,0,0.0,87.926
2026-07-24T20:18:44,5985,15.541,22.363,2,0.6724,86.632
2026-07-24T20:18:44,5986,14.716,23.667,3,0.5174,85.987
2026-07-24T20:18:44,5987,15.346,23.184,2,0.4189,85.675
2026-07-24T20:18:44,5988,14.042,23.784,2,0.4935,85.475
2026-07-24T20:18:44,5989,15.777,22.696,2,0.5865,85.37
2026-07-24T20:18:44,5990,14.008,23.749,1,0.8508,85.147
2026-07-24T20:18:45,5991,14.895,26.237,2,0.5943,85.068
2026-07-24T20:18:45,5992,16.135,23.093,1,0.6109,84.919
2026-07-24T20:18:45,5993,13.884,23.388,2,0.5864,84.647
2026-07-24T20:18:45,5994,17.638,22.573,1,0.4991,84.069
2026-07-24T20:18:45,5995,13.056,24.014,1,0.4311,83.229
2026-07-24T20:18:45,5996,15.872,23.327,1,0.4673,82.043
2026-07-24T20:18:45,5997,14.933,23.629,1,0.3946,80.39
2026-07-24T20:18:45,5998,14.91,22.557,1,0.3954,76.875
2026-07-24T20:18:45,5999,14.241,23.77,1,0.433,72.246
2026-07-24T20:18:45,6000,15.079,23.712,1,0.5455,67.619
2026-07-24T20:18:45,6001,15.265,23.344,1,0.3522,65.78
2026-07-24T20:18:45,6002,15.015,23.976,2,0.4255,65.395
2026-07-24T20:18:45,6003,14.266,23.807,1,0.4426,65.845
2026-07-24T20:18:45,6004,15.556,23.523,1,0.5406,66.387
2026-07-24T20:18:45,6005,14.488,24.099,2,0.4867,66.108
2026-07-24T20:18:46,6006,15.188,23.906,1,0.6313,65.944
2026-07-24T20:18:46,6007,15.167,23.172,1,0.4622,66.022
2026-07-24T20:18:46,6008,14.067,24.141,2,0.3899,65.888
2026-07-24T20:18:46,6009,15.809,23.277,2,0.4003,65.679
2026-07-24T20:18:46,6010,15.12,23.346,1,0.4913,65.412
2026-07-24T20:18:46,6011,14.294,23.492,0,0.0,65.093
2026-07-24T20:18:46,6012,15.523,23.452,0,0.0,65.068
2026-07-24T20:18:46,6013,15.064,22.936,1,0.4526,65.153
2026-07-24T20:18:46,6014,14.284,24.272,1,0.3686,65.087
2026-07-24T20:18:46,6015,15.173,23.854,2,0.4616,64.972
2026-07-24T20:18:46,6016,14.743,23.63,2,0.5061,64.791
2026-07-24T20:18:46,6017,15.495,23.643,1,0.6056,64.585
2026-07-24T20:18:46,6018,15.189,23.979,1,0.4174,64.482
2026-07-24T20:18:46,6019,14.248,23.796,1,0.4989,64.401
2026-07-24T20:18:46,6020,14.741,23.176,1,0.5099,64.217
2026-07-24T20:18:47,6021,15.17,23.373,1,0.4216,64.261
2026-07-24T20:18:47,6022,14.649,23.708,1,0.5962,64.405
2026-07-24T20:18:47,6023,15.522,23.408,1,0.4378,64.252
2026-07-24T20:18:47,6024,14.062,24.441,2,0.4258,63.538
2026-07-24T20:18:47,6025,17.413,23.514,0,0.0,63.181
2026-07-24T20:18:47,6026,12.328,24.941,0,0.0,63.102
2026-07-24T20:18:47,6027,16.505,24.246,1,0.3535,63.026
2026-07-24T20:18:47,6028,15.772,21.952,1,0.355,62.867
2026-07-24T20:18:47,6029,13.812,23.732,0,0.0,62.779
2026-07-24T20:18:47,6030,15.395,23.939,1,0.3793,62.778
2026-07-24T20:18:47,6031,15.164,23.668,1,0.39,62.65
2026-07-24T20:18:47,6032,14.394,23.901,0,0.0,62.638
2026-07-24T20:18:47,6033,15.817,23.68,1,0.3683,62.621
2026-07-24T20:18:47,6034,14.706,23.438,1,0.3515,62.633
2026-07-24T20:18:47,6035,14.404,24.471,0,0.0,62.748
2026-07-24T20:18:48,6036,16.406,22.728,1,0.4136,62.978
2026-07-24T20:18:48,6037,14.085,24.14,1,0.4482,63.193
2026-07-24T20:18:48,6038,14.485,23.334,1,0.4189,63.587
2026-07-24T20:18:48,6039,15.409,23.778,2,0.5307,63.595
2026-07-24T20:18:48,6040,14.718,24.188,2,0.6278,62.753
2026-07-24T20:18:48,6041,14.914,23.667,1,0.7303,61.458
2026-07-24T20:18:48,6042,15.56,23.07,1,0.9053,59.984
2026-07-24T20:18:48,6043,14.536,24.143,2,0.6907,58.882
2026-07-24T20:18:48,6044,14.267,23.639,1,0.8595,58.073
2026-07-24T20:18:48,6045,15.261,22.928,2,0.6069,56.612
2026-07-24T20:18:48,6046,15.354,22.93,1,0.6655,55.081
2026-07-24T20:18:48,6047,14.23,24.089,1,0.5314,53.363
2026-07-24T20:18:48,6048,17.722,23.0,2,0.6984,54.851
2026-07-24T20:18:48,6049,12.482,24.605,2,0.6615,56.206
2026-07-24T20:18:48,6050,16.603,23.449,0,0.0,57.321
2026-07-24T20:18:49,6051,14.305,23.699,1,0.5224,57.661
2026-07-24T20:18:49,6052,15.526,23.12,1,0.5855,56.995
2026-07-24T20:18:49,6053,13.972,23.536,1,0.4426,56.511
2026-07-24T20:18:49,6054,15.727,22.857,2,0.4838,56.614
2026-07-24T20:18:49,6055,15.075,22.486,1,0.496,56.705
2026-07-24T20:18:49,6056,14.82,24.567,1,0.7643,56.859
2026-07-24T20:18:49,6057,13.609,24.074,1,0.7264,57.105
2026-07-24T20:18:49,6058,15.435,24.12,1,0.5799,57.398
2026-07-24T20:18:49,6059,15.467,23.128,2,0.4667,57.625
2026-07-24T20:18:49,6060,15.238,23.029,1,0.5405,57.818
2026-07-24T20:18:49,6061,14.933,23.698,1,0.55,57.906
2026-07-24T20:18:49,6062,14.88,23.326,2,0.4942,57.981
2026-07-24T20:18:49,6063,14.328,23.861,1,0.6504,58.052
2026-07-24T20:18:49,6064,16.86,22.865,1,0.5763,58.171
2026-07-24T20:18:49,6065,13.1,23.932,1,0.5416,58.325
2026-07-24T20:18:50,6066,15.734,23.844,1,0.4524,58.568
2026-07-24T20:18:50,6067,15.237,23.411,1,0.5779,58.766
2026-07-24T20:18:50,6068,14.073,24.219,1,0.6276,58.846
2026-07-24T20:18:50,6069,15.741,23.243,1,0.6337,58.869
2026-07-24T20:18:50,6070,14.83,23.329,1,0.6046,58.871
2026-07-24T20:18:50,6071,15.55,24.251,1,0.5152,58.909
2026-07-24T20:18:50,6072,13.331,24.882,1,0.5228,59.002
2026-07-24T20:18:50,6073,16.327,23.431,1,0.5045,59.028
2026-07-24T20:18:50,6074,14.666,22.924,2,0.4673,59.101
2026-07-24T20:18:50,6075,15.152,23.378,2,0.4857,59.057
2026-07-24T20:18:50,6076,14.712,24.565,2,0.4726,58.976
2026-07-24T20:18:50,6077,15.238,22.905,2,0.4506,59.001
2026-07-24T20:18:50,6078,14.617,23.043,0,0.0,59.065
2026-07-24T20:18:50,6079,15.692,24.126,1,0.5635,59.259
2026-07-24T20:18:50,6080,13.764,23.487,1,0.4883,59.418
2026-07-24T20:18:51,6081,15.657,23.583,1,0.5911,59.501
2026-07-24T20:18:51,6082,15.015,24.041,1,0.5386,59.503
2026-07-24T20:18:51,6083,14.703,23.43,1,0.5848,59.344
2026-07-24T20:18:51,6084,14.696,23.777,1,0.6212,59.209
2026-07-24T20:18:51,6085,15.782,23.037,1,0.6424,59.086
2026-07-24T20:18:51,6086,13.526,24.637,2,0.475,59.069
2026-07-24T20:18:51,6087,16.845,23.069,3,0.4586,59.101
2026-07-24T20:18:51,6088,14.524,23.681,2,0.513,59.082
2026-07-24T20:18:51,6089,14.576,23.074,2,0.5134,59.184
2026-07-24T20:18:51,6090,14.872,23.886,1,0.5726,59.219
2026-07-24T20:18:51,6091,15.318,23.754,1,0.6377,59.285
2026-07-24T20:18:51,6092,14.679,24.293,1,0.5035,59.544
2026-07-24T20:18:51,6093,14.678,24.364,1,0.3632,59.957
2026-07-24T20:18:51,6094,15.863,23.913,0,0.0,60.39
2026-07-24T20:18:51,6095,13.922,23.408,0,0.0,60.354
2026-07-24T20:18:52,6096,15.623,22.739,1,0.6605,60.257
2026-07-24T20:18:52,6097,14.889,23.198,1,0.6822,60.033
2026-07-24T20:18:52,6098,14.527,23.522,1,0.4045,59.71
2026-07-24T20:18:52,6099,15.43,23.8,1,0.5428,59.426
2026-07-24T20:18:52,6100,15.027,23.132,1,0.51,59.212
2026-07-24T20:18:52,6101,14.229,23.613,0,0.0,58.966
2026-07-24T20:18:52,6102,17.084,24.129,0,0.0,58.653
2026-07-24T20:18:52,6103,12.455,25.538,1,0.4466,58.195
2026-07-24T20:18:52,6104,15.425,23.765,1,0.4035,57.655
2026-07-24T20:18:52,6105,15.332,24.064,1,0.5176,57.026
2026-07-24T20:18:52,6106,16.399,22.094,1,0.3974,56.49
2026-07-24T20:18:52,6107,13.672,23.584,1,0.6793,55.957
2026-07-24T20:18:52,6108,15.9,22.859,1,0.5909,55.611
2026-07-24T20:18:52,6109,14.867,23.196,1,0.5587,55.518
2026-07-24T20:18:52,6110,15.097,23.801,1,0.3955,55.82
2026-07-24T20:18:53,6111,14.034,23.947,1,0.407,56.302
2026-07-24T20:18:53,6112,15.66,23.785,0,0.0,56.944
2026-07-24T20:18:53,6113,14.474,23.449,1,0.7599,57.863
2026-07-24T20:18:53,6114,15.105,23.927,1,0.8247,59.061
2026-07-24T20:18:53,6115,14.877,23.535,1,0.7268,60.146
2026-07-24T20:18:53,6116,14.823,23.746,2,0.6621,60.701
2026-07-24T20:18:53,6117,14.851,23.96,1,0.4431,60.63
2026-07-24T20:18:53,6118,15.947,22.666,1,0.5882,59.36
2026-07-24T20:18:53,6119,13.588,24.076,0,0.0,58.529
2026-07-24T20:18:53,6120,16.659,22.462,0,0.0,57.572
2026-07-24T20:18:53,6121,14.01,24.509,0,0.0,57.27
2026-07-24T20:18:53,6122,14.976,24.127,0,0.0,58.037
2026-07-24T20:18:53,6123,15.267,23.477,0,0.0,58.834
2026-07-24T20:18:53,6124,14.689,23.232,0,0.0,59.478
2026-07-24T20:18:54,6125,16.197,23.071,0,0.0,59.753
2026-07-24T20:18:54,6126,13.315,23.451,0,0.0,59.452
2026-07-24T20:18:54,6127,16.402,22.749,0,0.0,59.434
2026-07-24T20:18:54,6128,13.376,24.808,0,0.0,59.443
2026-07-24T20:18:54,6129,16.173,23.45,0,0.0,59.465
2026-07-24T20:18:54,6130,18.432,23.022,0,0.0,59.465
2026-07-24T20:18:54,6131,10.822,27.419,0,0.0,59.496
2026-07-24T20:18:54,6132,18.455,23.793,0,0.0,59.59
2026-07-24T20:18:54,6133,15.662,23.183,0,0.0,59.735
2026-07-24T20:18:54,6134,13.004,24.276,0,0.0,60.01
2026-07-24T20:18:54,6135,17.07,22.646,0,0.0,60.307
2026-07-24T20:18:54,6136,14.555,22.67,0,0.0,60.445
2026-07-24T20:18:54,6137,14.305,23.864,0,0.0,60.587
2026-07-24T20:18:54,6138,16.138,22.644,0,0.0,60.69
2026-07-24T20:18:54,6139,14.106,23.419,0,0.0,60.774
2026-07-24T20:18:55,6140,15.118,23.386,0,0.0,60.853
2026-07-24T20:18:55,6141,15.501,22.705,0,0.0,60.916
2026-07-24T20:18:55,6142,14.639,22.384,0,0.0,60.937
2026-07-24T20:18:55,6143,14.422,22.969,0,0.0,60.914
2026-07-24T20:18:55,6144,15.095,23.397,0,0.0,60.856
2026-07-24T20:18:55,6145,15.225,23.639,0,0.0,60.798
2026-07-24T20:18:55,6146,14.414,23.232,0,0.0,60.76
2026-07-24T20:18:55,6147,15.543,22.608,0,0.0,60.753
2026-07-24T20:18:55,6148,14.785,23.791,0,0.0,60.805
2026-07-24T20:18:55,6149,15.24,23.018,0,0.0,60.893
2026-07-24T20:18:55,6150,14.099,24.159,0,0.0,61.001
2026-07-24T20:18:55,6151,16.046,22.331,0,0.0,61.237
2026-07-24T20:18:55,6152,13.602,24.108,0,0.0,61.523
2026-07-24T20:18:55,6153,16.114,23.421,0,0.0,62.347
2026-07-24T20:18:55,6154,14.49,23.861,0,0.0,63.229
2026-07-24T20:18:56,6155,14.929,23.814,0,0.0,63.674
2026-07-24T20:18:56,6156,16.802,23.371,0,0.0,63.946
2026-07-24T20:18:56,6157,12.575,24.207,0,0.0,64.162
2026-07-24T20:18:56,6158,16.507,23.662,0,0.0,64.336
2026-07-24T20:18:56,6159,14.412,23.56,0,0.0,64.51
2026-07-24T20:18:56,6160,15.938,22.749,0,0.0,64.634
2026-07-24T20:18:56,6161,13.829,24.17,0,0.0,64.812
2026-07-24T20:18:56,6162,16.39,22.561,0,0.0,64.953
2026-07-24T20:18:56,6163,14.46,22.963,0,0.0,65.05
2026-07-24T20:18:56,6164,15.297,23.034,0,0.0,65.061
2026-07-24T20:18:56,6165,13.184,25.023,0,0.0,65.112
2026-07-24T20:18:56,6166,16.422,23.408,0,0.0,65.176
2026-07-24T20:18:56,6167,14.888,22.579,0,0.0,65.27
2026-07-24T20:18:56,6168,14.779,23.316,0,0.0,65.404
2026-07-24T20:18:56,6169,15.199,23.543,0,0.0,65.527
2026-07-24T20:18:57,6170,14.787,23.055,0,0.0,65.64
2026-07-24T20:18:57,6171,15.037,22.83,0,0.0,65.769
2026-07-24T20:18:57,6172,15.221,23.639,0,0.0,65.991
2026-07-24T20:18:57,6173,13.716,25.279,0,0.0,66.143
2026-07-24T20:18:57,6174,16.67,22.702,0,0.0,66.367
2026-07-24T20:18:57,6175,14.404,22.9,0,0.0,66.552
2026-07-24T20:18:57,6176,14.293,23.765,0,0.0,66.722
2026-07-24T20:18:57,6177,16.173,22.561,0,0.0,66.765
2026-07-24T20:18:57,6178,14.3,23.526,0,0.0,66.858
2026-07-24T20:18:57,6179,16.149,22.717,0,0.0,66.942
2026-07-24T20:18:57,6180,13.795,23.473,0,0.0,67.02
2026-07-24T20:18:57,6181,15.142,23.347,0,0.0,67.114
2026-07-24T20:18:57,6182,14.311,23.904,0,0.0,67.245
2026-07-24T20:18:57,6183,15.873,23.102,0,0.0,67.414
2026-07-24T20:18:57,6184,14.721,23.526,0,0.0,67.451
2026-07-24T20:18:58,6185,14.952,22.293,0,0.0,67.39
2026-07-24T20:18:58,6186,14.584,22.945,0,0.0,67.384
2026-07-24T20:18:58,6187,16.208,22.535,0,0.0,67.371
2026-07-24T20:18:58,6188,13.081,23.15,0,0.0,67.349
2026-07-24T20:18:58,6189,16.811,23.214,0,0.0,67.347
2026-07-24T20:18:58,6190,14.543,22.8,0,0.0,67.331
2026-07-24T20:18:58,6191,14.245,23.765,0,0.0,67.322
2026-07-24T20:18:58,6192,15.89,23.251,0,0.0,67.295
2026-07-24T20:18:58,6193,14.219,23.926,0,0.0,67.276
2026-07-24T20:18:58,6194,15.117,23.563,0,0.0,67.255
2026-07-24T20:18:58,6195,15.674,23.07,0,0.0,67.223
2026-07-24T20:18:58,6196,14.058,24.111,0,0.0,67.218
2026-07-24T20:18:58,6197,15.011,23.924,0,0.0,67.2
2026-07-24T20:18:58,6198,15.408,22.556,0,0.0,67.191
2026-07-24T20:18:58,6199,14.617,23.6,0,0.0,67.206
2026-07-24T20:18:59,6200,16.639,24.719,0,0.0,67.245
2026-07-24T20:18:59,6201,14.562,24.93,0,0.0,67.317
2026-07-24T20:18:59,6202,14.224,24.01,0,0.0,67.435
2026-07-24T20:18:59,6203,15.018,23.276,0,0.0,67.51
2026-07-24T20:18:59,6204,14.642,23.491,0,0.0,67.538
2026-07-24T20:18:59,6205,14.725,23.751,0,0.0,67.502
2026-07-24T20:18:59,6206,14.564,23.923,0,0.0,67.48
2026-07-24T20:18:59,6207,15.577,23.357,0,0.0,67.513
2026-07-24T20:18:59,6208,15.07,22.797,0,0.0,67.586
2026-07-24T20:18:59,6209,14.214,23.016,0,0.0,67.611
2026-07-24T20:18:59,6210,16.702,23.338,0,0.0,67.557
2026-07-24T20:18:59,6211,12.98,25.318,0,0.0,67.471
2026-07-24T20:18:59,6212,16.929,23.031,0,0.0,67.399
2026-07-24T20:18:59,6213,13.256,23.63,0,0.0,67.298
2026-07-24T20:18:59,6214,16.577,22.785,0,0.0,67.15
2026-07-24T20:19:00,6215,14.557,23.485,0,0.0,66.981
2026-07-24T20:19:00,6216,15.222,22.265,0,0.0,66.881
2026-07-24T20:19:00,6217,14.243,23.764,0,0.0,66.811
2026-07-24T20:19:00,6218,16.049,22.755,0,0.0,66.793
2026-07-24T20:19:00,6219,13.701,23.811,0,0.0,66.859
2026-07-24T20:19:00,6220,16.243,22.729,0,0.0,67.002
2026-07-24T20:19:00,6221,14.003,23.78,0,0.0,67.061
2026-07-24T20:19:00,6222,15.612,23.122,0,0.0,67.004
2026-07-24T20:19:00,6223,14.611,23.146,0,0.0,66.795
2026-07-24T20:19:00,6224,14.737,23.256,0,0.0,66.539
2026-07-24T20:19:00,6225,15.328,23.011,0,0.0,66.38
2026-07-24T20:19:00,6226,15.044,23.696,0,0.0,66.337
2026-07-24T20:19:00,6227,14.771,23.433,0,0.0,66.274
2026-07-24T20:19:00,6228,14.588,23.238,0,0.0,66.215
2026-07-24T20:19:00,6229,15.033,23.836,0,0.0,66.124
2026-07-24T20:19:01,6230,14.948,23.52,0,0.0,66.044
2026-07-24T20:19:01,6231,15.287,22.569,0,0.0,65.976
2026-07-24T20:19:01,6232,14.441,24.05,0,0.0,65.963
2026-07-24T20:19:01,6233,16.571,23.575,0,0.0,65.965
2026-07-24T20:19:01,6234,13.165,24.158,0,0.0,66.001
2026-07-24T20:19:01,6235,15.85,23.7,0,0.0,66.092
2026-07-24T20:19:01,6236,14.316,23.673,0,0.0,66.248
2026-07-24T20:19:01,6237,16.385,21.947,0,0.0,66.376
2026-07-24T20:19:01,6238,14.146,23.557,0,0.0,66.603
2026-07-24T20:19:01,6239,14.757,23.188,0,0.0,66.748
2026-07-24T20:19:01,6240,14.829,24.112,0,0.0,66.886
2026-07-24T20:19:01,6241,16.065,24.029,0,0.0,66.955
2026-07-24T20:19:01,6242,13.033,24.439,0,0.0,67.001
2026-07-24T20:19:01,6243,17.13,22.716,0,0.0,67.033
2026-07-24T20:19:01,6244,14.121,24.389,0,0.0,67.108
2026-07-24T20:19:02,6245,16.037,22.975,0,0.0,67.167
2026-07-24T20:19:02,6246,14.503,23.405,0,0.0,67.234
2026-07-24T20:19:02,6247,14.73,24.558,0,0.0,67.297
2026-07-24T20:19:02,6248,14.069,24.629,0,0.0,67.367
2026-07-24T20:19:02,6249,16.413,23.302,0,0.0,67.418
2026-07-24T20:19:02,6250,14.448,22.863,0,0.0,67.49
2026-07-24T20:19:02,6251,14.434,23.754,0,0.0,67.575
2026-07-24T20:19:02,6252,15.917,23.163,0,0.0,67.639
2026-07-24T20:19:02,6253,14.434,24.562,0,0.0,67.683
2026-07-24T20:19:02,6254,14.662,23.635,0,0.0,67.73
2026-07-24T20:19:02,6255,15.151,24.529,0,0.0,67.758
2026-07-24T20:19:02,6256,15.445,24.129,0,0.0,67.788
2026-07-24T20:19:02,6257,14.963,23.086,0,0.0,67.791
2026-07-24T20:19:02,6258,13.922,23.434,0,0.0,67.801
2026-07-24T20:19:02,6259,15.897,22.944,0,0.0,67.814
2026-07-24T20:19:03,6260,13.804,24.626,0,0.0,67.798
2026-07-24T20:19:03,6261,16.376,22.789,0,0.0,67.784
2026-07-24T20:19:03,6262,14.376,23.984,0,0.0,67.801
2026-07-24T20:19:03,6263,14.946,22.762,0,0.0,67.756
2026-07-24T20:19:03,6264,15.892,24.425,0,0.0,67.741
2026-07-24T20:19:03,6265,13.274,25.085,0,0.0,67.711
2026-07-24T20:19:03,6266,15.506,23.692,0,0.0,67.666
2026-07-24T20:19:03,6267,14.876,23.883,0,0.0,67.637
2026-07-24T20:19:03,6268,16.113,22.754,0,0.0,67.593
2026-07-24T20:19:03,6269,13.574,24.948,0,0.0,67.545
2026-07-24T20:19:03,6270,16.661,22.248,0,0.0,67.506
2026-07-24T20:19:03,6271,14.09,23.202,0,0.0,67.449
2026-07-24T20:19:03,6272,15.813,23.095,0,0.0,67.4
2026-07-24T20:19:03,6273,13.352,24.065,0,0.0,67.336
2026-07-24T20:19:03,6274,16.285,23.529,0,0.0,67.268
2026-07-24T20:19:04,6275,14.642,23.091,0,0.0,67.197
2026-07-24T20:19:04,6276,15.188,22.667,0,0.0,67.115
2026-07-24T20:19:04,6277,14.869,23.303,0,0.0,67.045
2026-07-24T20:19:04,6278,14.563,23.061,0,0.0,66.979
2026-07-24T20:19:04,6279,15.317,23.916,0,0.0,66.912
2026-07-24T20:19:04,6280,14.856,24.256,0,0.0,66.879
2026-07-24T20:19:04,6281,14.586,23.048,0,0.0,66.846
2026-07-24T20:19:04,6282,15.725,22.547,0,0.0,66.824
2026-07-24T20:19:04,6283,14.314,23.441,0,0.0,66.823
2026-07-24T20:19:04,6284,15.179,23.077,0,0.0,66.815
2026-07-24T20:19:04,6285,14.685,23.287,0,0.0,66.81
2026-07-24T20:19:04,6286,15.031,23.837,0,0.0,66.815
2026-07-24T20:19:04,6287,16.364,22.756,0,0.0,66.828
2026-07-24T20:19:04,6288,12.946,24.711,0,0.0,66.85
2026-07-24T20:19:05,6289,14.885,24.975,0,0.0,66.872
2026-07-24T20:19:05,6290,15.337,23.752,0,0.0,66.906
2026-07-24T20:19:05,6291,15.698,22.834,0,0.0,66.943
2026-07-24T20:19:05,6292,15.196,22.898,0,0.0,66.978
2026-07-24T20:19:05,6293,14.604,22.948,0,0.0,67.043
2026-07-24T20:19:05,6294,15.16,23.508,0,0.0,67.088
2026-07-24T20:19:05,6295,15.504,23.386,0,0.0,67.168
2026-07-24T20:19:05,6296,13.29,23.428,0,0.0,67.233
2026-07-24T20:19:05,6297,16.982,21.842,0,0.0,67.304
2026-07-24T20:19:05,6298,14.304,22.903,0,0.0,67.371
2026-07-24T20:19:05,6299,14.487,23.626,0,0.0,67.457
2026-07-24T20:19:05,6300,15.588,22.297,0,0.0,67.557
2026-07-24T20:19:05,6301,15.205,22.614,0,0.0,67.611
2026-07-24T20:19:05,6302,13.148,24.918,0,0.0,67.673
2026-07-24T20:19:05,6303,18.319,23.541,0,0.0,67.756
2026-07-24T20:19:06,6304,13.162,23.436,0,0.0,67.816
2026-07-24T20:19:06,6305,15.838,22.354,0,0.0,67.868
2026-07-24T20:19:06,6306,14.71,22.331,0,0.0,67.944
2026-07-24T20:19:06,6307,14.712,24.604,0,0.0,68.013
2026-07-24T20:19:06,6308,14.93,23.516,0,0.0,68.075
2026-07-24T20:19:06,6309,14.782,23.825,0,0.0,68.135
2026-07-24T20:19:06,6310,16.326,22.601,0,0.0,68.174
2026-07-24T20:19:06,6311,12.997,25.161,0,0.0,68.208
2026-07-24T20:19:06,6312,16.905,23.617,0,0.0,68.222
2026-07-24T20:19:06,6313,14.446,23.196,0,0.0,68.226
2026-07-24T20:19:06,6314,14.373,23.778,0,0.0,68.201
2026-07-24T20:19:06,6315,15.73,23.2,0,0.0,68.15
2026-07-24T20:19:06,6316,14.716,22.945,0,0.0,68.087
2026-07-24T20:19:06,6317,14.601,23.647,0,0.0,67.97
2026-07-24T20:19:06,6318,16.64,25.058,0,0.0,67.855
2026-07-24T20:19:07,6319,12.752,24.965,0,0.0,67.694
2026-07-24T20:19:07,6320,16.202,23.659,0,0.0,67.552
2026-07-24T20:19:07,6321,14.728,23.673,0,0.0,67.417
2026-07-24T20:19:07,6322,15.514,23.314,0,0.0,67.253
2026-07-24T20:19:07,6323,14.593,23.214,0,0.0,67.121
2026-07-24T20:19:07,6324,14.961,22.874,0,0.0,67.04
2026-07-24T20:19:07,6325,14.957,23.214,0,0.0,66.971
2026-07-24T20:19:07,6326,15.437,23.355,0,0.0,66.937
2026-07-24T20:19:07,6327,14.102,23.789,0,0.0,66.899
2026-07-24T20:19:07,6328,15.549,23.419,0,0.0,66.865
2026-07-24T20:19:07,6329,14.372,23.667,0,0.0,66.809
2026-07-24T20:19:07,6330,15.689,22.595,0,0.0,66.713
2026-07-24T20:19:07,6331,14.311,23.947,0,0.0,66.553
2026-07-24T20:19:07,6332,15.095,23.345,0,0.0,66.387
2026-07-24T20:19:07,6333,14.817,24.031,0,0.0,66.268
2026-07-24T20:19:08,6334,15.609,23.897,0,0.0,66.196
2026-07-24T20:19:08,6335,14.133,24.534,0,0.0,66.186
2026-07-24T20:19:08,6336,15.266,23.724,0,0.0,66.195
2026-07-24T20:19:08,6337,15.17,23.763,0,0.0,66.197
2026-07-24T20:19:08,6338,14.603,22.642,0,0.0,66.192
2026-07-24T20:19:08,6339,14.826,23.968,0,0.0,66.182
2026-07-24T20:19:08,6340,15.472,22.73,0,0.0,66.125
2026-07-24T20:19:08,6341,15.895,24.105,0,0.0,66.082
2026-07-24T20:19:08,6342,12.887,24.109,0,0.0,66.015
2026-07-24T20:19:08,6343,16.709,22.551,0,0.0,66.018
2026-07-24T20:19:08,6344,13.957,24.1,0,0.0,66.058
2026-07-24T20:19:08,6345,15.925,23.169,0,0.0,66.104
2026-07-24T20:19:08,6346,14.701,23.128,0,0.0,66.212
2026-07-24T20:19:08,6347,14.524,23.165,0,0.0,66.278
2026-07-24T20:19:08,6348,15.413,22.801,0,0.0,66.401
2026-07-24T20:19:09,6349,15.408,22.896,0,0.0,66.524
2026-07-24T20:19:09,6350,13.058,24.71,0,0.0,66.652
2026-07-24T20:19:09,6351,17.416,22.435,0,0.0,66.802
2026-07-24T20:19:09,6352,14.148,24.673,0,0.0,66.949
2026-07-24T20:19:09,6353,15.008,23.315,0,0.0,67.068
2026-07-24T20:19:09,6354,14.8,23.423,0,0.0,67.114
2026-07-24T20:19:09,6355,15.087,22.683,0,0.0,67.157
2026-07-24T20:19:09,6356,14.224,24.846,0,0.0,67.157
2026-07-24T20:19:09,6357,16.309,23.157,0,0.0,67.162
2026-07-24T20:19:09,6358,14.124,24.294,0,0.0,67.175
2026-07-24T20:19:09,6359,14.999,23.879,0,0.0,67.257
2026-07-24T20:19:09,6360,15.231,23.121,0,0.0,67.411
2026-07-24T20:19:09,6361,14.741,23.418,0,0.0,67.6
2026-07-24T20:19:09,6362,15.076,23.355,0,0.0,67.555
2026-07-24T20:19:09,6363,14.951,22.576,0,0.0,67.403
2026-07-24T20:19:10,6364,15.774,23.416,0,0.0,67.336
2026-07-24T20:19:10,6365,12.778,25.369,0,0.0,67.31
2026-07-24T20:19:10,6366,16.489,23.952,0,0.0,67.213
2026-07-24T20:19:10,6367,15.121,23.611,0,0.0,67.091
2026-07-24T20:19:10,6368,14.643,23.599,0,0.0,66.96
2026-07-24T20:19:10,6369,15.752,23.138,0,0.0,66.819
2026-07-24T20:19:10,6370,14.376,23.69,0,0.0,66.527
2026-07-24T20:19:10,6371,14.591,23.694,0,0.0,65.236
2026-07-24T20:19:10,6372,16.536,24.872,0,0.0,64.745
2026-07-24T20:19:10,6373,12.87,24.834,0,0.0,64.469
2026-07-24T20:19:10,6374,15.774,24.14,0,0.0,64.319
2026-07-24T20:19:10,6375,15.204,23.317,0,0.0,64.2
2026-07-24T20:19:10,6376,15.222,23.258,0,0.0,64.166
2026-07-24T20:19:10,6377,14.687,22.903,0,0.0,64.148
2026-07-24T20:19:10,6378,14.929,23.237,0,0.0,64.14
2026-07-24T20:19:11,6379,14.968,23.94,0,0.0,64.15
2026-07-24T20:19:11,6380,15.393,23.662,0,0.0,64.18
2026-07-24T20:19:11,6381,14.015,24.436,0,0.0,64.221
2026-07-24T20:19:11,6382,15.969,23.566,0,0.0,64.302
2026-07-24T20:19:11,6383,13.834,24.486,0,0.0,64.382
2026-07-24T20:19:11,6384,16.729,21.992,0,0.0,64.46
2026-07-24T20:19:11,6385,14.276,23.38,0,0.0,64.544
2026-07-24T20:19:11,6386,14.426,23.581,0,0.0,64.624
2026-07-24T20:19:11,6387,15.865,23.29,0,0.0,64.672
2026-07-24T20:19:11,6388,14.762,22.563,0,0.0,64.668
2026-07-24T20:19:11,6389,14.282,23.838,0,0.0,64.641
2026-07-24T20:19:11,6390,15.469,23.404,0,0.0,64.6
2026-07-24T20:19:11,6391,15.837,23.053,0,0.0,64.524
2026-07-24T20:19:11,6392,12.379,25.411,0,0.0,64.439
2026-07-24T20:19:11,6393,17.813,23.133,0,0.0,64.317
2026-07-24T20:19:12,6394,14.523,23.348,0,0.0,64.208
2026-07-24T20:19:12,6395,15.484,24.355,0,0.0,64.027
2026-07-24T20:19:12,6396,12.921,26.007,0,0.0,63.829
2026-07-24T20:19:12,6397,16.098,23.957,0,0.0,63.149
2026-07-24T20:19:12,6398,14.99,24.465,0,0.0,62.33
2026-07-24T20:19:12,6399,16.219,22.842,0,0.0,61.872
2026-07-24T20:19:12,6400,14.176,24.351,0,0.0,61.422
2026-07-24T20:19:12,6401,15.212,23.456,0,0.0,60.706
2026-07-24T20:19:12,6402,14.636,22.941,0,0.0,60.413
2026-07-24T20:19:12,6403,15.542,24.19,0,0.0,58.113
2026-07-24T20:19:12,6404,13.904,23.739,0,0.0,56.601
2026-07-24T20:19:12,6405,16.254,22.765,0,0.0,55.005
2026-07-24T20:19:12,6406,14.439,22.874,0,0.0,53.03
2026-07-24T20:19:12,6407,14.613,23.593,0,0.0,51.334
2026-07-24T20:19:12,6408,15.608,22.715,0,0.0,50.121
2026-07-24T20:19:13,6409,10.4,25.363,0,0.0,47.244
2026-07-24T20:19:13,6410,13.424,24.949,0,0.0,48.975
2026-07-24T20:19:13,6411,10.452,25.815,0,0.0,49.865
2026-07-24T20:19:13,6412,12.808,25.6,2,0.467,50.979
2026-07-24T20:19:13,6413,11.588,26.53,1,0.6234,51.915
2026-07-24T20:19:13,6414,12.047,25.958,1,0.686,51.449
2026-07-24T20:19:13,6415,12.156,24.734,2,0.4401,46.189
2026-07-24T20:19:13,6416,10.748,29.291,1,0.7764,42.153
2026-07-24T20:19:13,6417,8.516,27.904,1,0.7354,43.042
2026-07-24T20:19:13,6418,8.438,28.466,1,0.6462,44.89
2026-07-24T20:19:14,6419,8.572,28.251,1,0.6734,46.094
2026-07-24T20:19:14,6420,25.397,23.114,1,0.6283,46.13
2026-07-24T20:19:14,6421,12.009,23.561,1,0.5471,46.505
2026-07-24T20:19:14,6422,20.453,22.494,1,0.5912,47.515
2026-07-24T20:19:14,6423,11.412,25.532,1,0.6351,48.721
2026-07-24T20:19:14,6424,20.839,21.365,1,0.6784,49.741
2026-07-24T20:19:14,6425,12.277,24.162,1,0.7574,50.909
2026-07-24T20:19:14,6426,18.797,21.538,1,0.7119,52.265
2026-07-24T20:19:14,6427,12.623,24.494,1,0.7703,54.0
2026-07-24T20:19:14,6428,18.315,22.395,1,0.7129,55.199
2026-07-24T20:19:14,6429,12.615,24.301,1,0.7279,56.728
2026-07-24T20:19:14,6430,19.671,22.319,1,0.7387,57.992
2026-07-24T20:19:14,6431,11.82,24.884,1,0.6957,59.367
2026-07-24T20:19:14,6432,18.585,22.917,1,0.6663,60.997
2026-07-24T20:19:14,6433,17.932,21.856,1,0.6856,63.306
2026-07-24T20:19:14,6434,15.07,26.241,1,0.6992,62.972
2026-07-24T20:19:15,6435,21.566,20.884,1,0.674,62.216
2026-07-24T20:19:15,6436,18.589,22.894,1,0.7101,61.296
2026-07-24T20:19:15,6437,20.356,22.03,1,0.6879,60.097
2026-07-24T20:19:15,6438,19.29,22.355,1,0.6408,59.619
2026-07-24T20:19:15,6439,20.312,21.814,1,0.5719,59.58
2026-07-24T20:19:15,6440,21.425,22.104,1,0.4288,60.386
2026-07-24T20:19:15,6441,17.856,22.61,1,0.4165,61.902
2026-07-24T20:19:15,6442,21.935,21.446,2,0.5035,64.394
2026-07-24T20:19:15,6443,19.074,21.414,2,0.4905,67.508
2026-07-24T20:19:15,6444,20.44,21.154,1,0.7233,70.091
2026-07-24T20:19:15,6445,19.879,21.521,1,0.8025,71.399
2026-07-24T20:19:15,6446,24.839,21.786,2,0.6389,70.516
2026-07-24T20:19:15,6447,24.457,21.173,1,0.725,70.54
2026-07-24T20:19:15,6448,12.022,24.125,3,0.5541,70.081
2026-07-24T20:19:15,6449,21.89,21.936,1,0.8048,66.262
2026-07-24T20:19:15,6450,13.643,24.36,1,0.7345,66.408
2026-07-24T20:19:15,6451,13.489,25.071,1,0.519,69.856
2026-07-24T20:19:15,6452,13.207,24.883,0,0.0,75.255
2026-07-24T20:19:16,6453,16.168,23.063,2,0.4233,78.807
2026-07-24T20:19:16,6454,15.61,22.992,2,0.4636,80.996
2026-07-24T20:19:16,6455,14.174,23.525,0,0.0,79.702
2026-07-24T20:19:16,6456,15.738,24.392,1,0.5355,77.916
2026-07-24T20:19:16,6457,14.164,24.008,0,0.0,76.503
2026-07-24T20:19:16,6458,15.603,23.636,0,0.0,74.076
2026-07-24T20:19:16,6459,14.678,22.669,0,0.0,72.197
2026-07-24T20:19:16,6460,14.733,23.47,1,0.4513,75.411
2026-07-24T20:19:16,6461,15.424,22.563,1,0.4963,81.234
2026-07-24T20:19:16,6462,14.342,23.657,0,0.0,85.522
2026-07-24T20:19:16,6463,15.762,22.056,1,0.3955,87.539
2026-07-24T20:19:16,6464,14.943,24.301,1,0.4348,89.082
2026-07-24T20:19:16,6465,13.77,25.571,1,0.3826,89.69
2026-07-24T20:19:16,6466,14.959,23.473,4,0.5268,90.752
2026-07-24T20:19:16,6467,15.821,23.649,5,0.469,91.234
2026-07-24T20:19:17,6468,17.223,23.324,4,0.5257,92.658
2026-07-24T20:19:17,6469,16.127,23.958,4,0.5858,94.791
2026-07-24T20:19:17,6470,12.153,31.047,1,0.6805,98.821
2026-07-24T20:19:17,6471,15.549,26.216,2,0.6516,100.681
2026-07-24T20:19:17,6472,14.507,23.84,3,0.6487,102.086
2026-07-24T20:19:17,6473,13.566,24.462,3,0.6345,103.598
2026-07-24T20:19:17,6474,16.835,22.894,4,0.6768,103.21
2026-07-24T20:19:17,6475,14.292,23.143,4,0.6748,102.155
2026-07-24T20:19:17,6476,15.719,22.957,5,0.6001,99.702
2026-07-24T20:19:17,6477,14.163,23.283,4,0.6921,98.743
2026-07-24T20:19:17,6478,15.419,24.323,7,0.5381,98.496
2026-07-24T20:19:17,6479,14.589,23.988,5,0.5653,97.466
2026-07-24T20:19:17,6480,15.887,23.094,6,0.4921,98.596
2026-07-24T20:19:17,6481,13.759,24.638,3,0.6248,97.858
2026-07-24T20:19:17,6482,15.902,22.783,4,0.5397,95.092
2026-07-24T20:19:18,6483,14.225,23.831,5,0.4916,92.885
2026-07-24T20:19:18,6484,16.248,22.865,3,0.5864,91.384
2026-07-24T20:19:18,6485,13.403,24.31,5,0.5076,89.468
2026-07-24T20:19:18,6486,15.962,24.384,5,0.561,86.631
2026-07-24T20:19:18,6487,16.265,22.962,4,0.56,85.545
2026-07-24T20:19:18,6488,13.013,24.361,6,0.5176,84.234
2026-07-24T20:19:18,6489,14.502,24.926,3,0.6263,83.621
2026-07-24T20:19:18,6490,16.551,23.689,4,0.5591,83.679
2026-07-24T20:19:18,6491,15.089,23.707,5,0.5251,82.526
2026-07-24T20:19:18,6492,14.422,23.16,3,0.5353,82.254
2026-07-24T20:19:18,6493,15.166,22.561,3,0.5054,84.413
2026-07-24T20:19:18,6494,14.874,22.493,2,0.4904,85.535
2026-07-24T20:19:18,6495,16.062,23.293,2,0.5667,85.486
2026-07-24T20:19:18,6496,12.725,24.543,4,0.5349,84.688
2026-07-24T20:19:18,6497,16.338,23.919,2,0.6243,84.129
2026-07-24T20:19:19,6498,15.398,23.836,3,0.5958,83.799
2026-07-24T20:19:19,6499,14.441,24.206,4,0.5477,83.782
2026-07-24T20:19:19,6500,15.499,22.879,3,0.6673,84.05
2026-07-24T20:19:19,6501,14.252,23.845,4,0.5037,84.356
2026-07-24T20:19:19,6502,15.678,22.78,6,0.4942,84.402
2026-07-24T20:19:19,6503,14.518,23.661,5,0.6117,84.229
2026-07-24T20:19:19,6504,14.962,23.561,4,0.6274,83.724
2026-07-24T20:19:19,6505,16.708,23.077,5,0.5851,82.881
2026-07-24T20:19:19,6506,13.15,25.036,4,0.6257,82.549
2026-07-24T20:19:19,6507,15.079,23.265,4,0.6501,82.177
2026-07-24T20:19:19,6508,15.438,22.93,4,0.6726,81.757
2026-07-24T20:19:19,6509,14.602,22.886,4,0.6706,81.884
2026-07-24T20:19:19,6510,16.325,23.645,5,0.6555,82.049
2026-07-24T20:19:19,6511,13.444,24.606,4,0.6083,81.763
2026-07-24T20:19:19,6512,14.681,24.736,5,0.5941,81.153
2026-07-24T20:19:20,6513,22.458,23.412,5,0.6077,80.982
2026-07-24T20:19:20,6514,19.253,24.369,5,0.6581,81.173
2026-07-24T20:19:20,6515,14.175,24.444,5,0.6344,81.254
2026-07-24T20:19:20,6516,14.458,24.452,5,0.6338,81.061
2026-07-24T20:19:20,6517,16.834,22.696,6,0.5932,81.336
2026-07-24T20:19:20,6518,14.704,23.767,5,0.6491,81.802
2026-07-24T20:19:20,6519,14.42,24.54,5,0.6308,81.829
2026-07-24T20:19:20,6520,15.194,23.222,6,0.5891,81.619
2026-07-24T20:19:20,6521,15.083,23.867,5,0.6572,81.242
2026-07-24T20:19:20,6522,14.621,22.964,6,0.6243,80.846
2026-07-24T20:19:20,6523,14.634,24.086,4,0.728,80.854
2026-07-24T20:19:20,6524,15.332,24.577,6,0.6166,81.053
2026-07-24T20:19:20,6525,14.661,24.392,5,0.6731,81.43
2026-07-24T20:19:20,6526,16.769,24.036,4,0.6886,82.063
2026-07-24T20:19:20,6527,13.005,24.435,6,0.5783,82.424
2026-07-24T20:19:21,6528,16.097,23.517,4,0.6896,82.764
2026-07-24T20:19:21,6529,14.589,23.091,4,0.6499,83.15
2026-07-24T20:19:21,6530,15.38,22.677,5,0.5855,83.289
2026-07-24T20:19:21,6531,14.653,23.428,4,0.6894,83.098
2026-07-24T20:19:21,6532,14.632,23.03,5,0.652,82.851
2026-07-24T20:19:21,6533,15.658,22.782,4,0.7098,82.573
2026-07-24T20:19:21,6534,15.267,22.819,4,0.6772,82.282
2026-07-24T20:19:21,6535,13.793,22.895,4,0.7144,82.058
2026-07-24T20:19:21,6536,15.608,23.539,5,0.6682,81.923
2026-07-24T20:19:21,6537,14.481,23.539,5,0.6983,81.965
2026-07-24T20:19:21,6538,14.699,24.274,5,0.6936,82.017
2026-07-24T20:19:21,6539,15.857,22.827,5,0.6884,82.049
2026-07-24T20:19:21,6540,14.142,23.858,5,0.6835,82.114
2026-07-24T20:19:21,6541,20.039,19.882,4,0.732,82.183
2026-07-24T20:19:21,6542,12.565,21.793,4,0.7318,82.316
2026-07-24T20:19:22,6543,14.335,23.25,4,0.7314,82.603
2026-07-24T20:19:22,6544,14.602,23.553,4,0.7342,82.646
2026-07-24T20:19:22,6545,15.696,23.628,4,0.7328,82.57
2026-07-24T20:19:22,6546,14.399,23.888,5,0.6608,82.632
2026-07-24T20:19:22,6547,14.67,23.913,5,0.6368,82.644
2026-07-24T20:19:22,6548,15.491,24.239,5,0.6583,82.523
2026-07-24T20:19:22,6549,15.119,24.015,5,0.6049,82.452
2026-07-24T20:19:22,6550,14.213,24.047,4,0.7086,82.698
2026-07-24T20:19:22,6551,15.679,23.817,4,0.7101,82.691
2026-07-24T20:19:22,6552,14.314,24.06,4,0.722,82.612
2026-07-24T20:19:22,6553,15.106,23.397,5,0.667,82.833
2026-07-24T20:19:22,6554,15.647,22.696,5,0.6617,82.758
2026-07-24T20:19:22,6555,14.324,23.986,4,0.6853,82.616
2026-07-24T20:19:22,6556,14.944,23.07,4,0.7135,82.824
2026-07-24T20:19:22,6557,17.12,23.8,4,0.7256,82.806
2026-07-24T20:19:23,6558,11.994,24.939,4,0.6681,82.637
2026-07-24T20:19:23,6559,15.929,23.987,4,0.7026,82.685
2026-07-24T20:19:23,6560,15.889,23.537,5,0.6703,82.814
2026-07-24T20:19:23,6561,14.769,23.611,5,0.6543,82.712
2026-07-24T20:19:23,6562,14.557,23.28,4,0.7292,82.63
2026-07-24T20:19:23,6563,15.545,23.46,4,0.6821,82.71
2026-07-24T20:19:23,6564,14.427,24.15,4,0.7296,82.723
2026-07-24T20:19:23,6565,15.749,23.326,4,0.7233,82.728
2026-07-24T20:19:23,6566,14.549,22.98,4,0.6898,82.682
2026-07-24T20:19:23,6567,14.675,23.666,4,0.6988,82.555
2026-07-24T20:19:23,6568,14.467,24.504,4,0.7084,82.32
2026-07-24T20:19:23,6569,15.722,23.784,5,0.653,82.23
2026-07-24T20:19:23,6570,14.631,23.418,4,0.6635,82.035
2026-07-24T20:19:23,6571,15.044,24.27,5,0.6268,82.096
2026-07-24T20:19:23,6572,15.359,22.905,4,0.6057,82.304
2026-07-24T20:19:24,6573,14.602,23.23,4,0.5729,82.477
2026-07-24T20:19:24,6574,14.573,23.153,3,0.5752,82.494
2026-07-24T20:19:24,6575,15.808,22.142,1,0.4418,82.461
2026-07-24T20:19:24,6576,13.863,25.343,1,0.5206,82.666
2026-07-24T20:19:24,6577,14.768,23.939,1,0.794,83.673
2026-07-24T20:19:24,6578,16.195,23.077,1,0.8285,83.124
2026-07-24T20:19:24,6579,14.507,23.54,1,0.7577,78.657
2026-07-24T20:19:24,6580,16.032,23.72,1,0.7543,71.459
2026-07-24T20:19:24,6581,13.653,23.837,1,0.5518,67.515
2026-07-24T20:19:24,6582,15.17,23.79,1,0.4263,64.491
2026-07-24T20:19:24,6583,14.841,23.054,0,0.0,63.465
2026-07-24T20:19:24,6584,15.217,24.135,0,0.0,63.185
2026-07-24T20:19:24,6585,14.708,23.088,0,0.0,67.255
2026-07-24T20:19:24,6586,14.662,23.897,0,0.0,58.588
2026-07-24T20:19:24,6587,15.605,23.337,0,0.0,52.729
2026-07-24T20:19:25,6588,15.055,24.9,0,0.0,51.631
2026-07-24T20:19:25,6589,11.256,24.812,0,0.0,52.703
2026-07-24T20:19:25,6590,13.153,24.095,0,0.0,58.706
2026-07-24T20:19:25,6591,10.84,25.473,1,0.7868,59.246
2026-07-24T20:19:25,6592,12.326,25.354,1,0.4725,59.093
2026-07-24T20:19:25,6593,12.204,24.178,1,0.3646,61.799
2026-07-24T20:19:25,6594,12.445,25.257,1,0.6175,61.28
2026-07-24T20:19:25,6595,11.034,26.32,1,0.3918,60.07
2026-07-24T20:19:25,6596,12.359,24.446,1,0.7377,62.761
2026-07-24T20:19:25,6597,11.703,26.515,1,0.3579,63.776
2026-07-24T20:19:25,6598,12.038,26.116,0,0.0,65.346
2026-07-24T20:19:25,6599,11.845,25.618,0,0.0,64.456
2026-07-24T20:19:26,6600,13.03,24.281,0,0.0,61.493
2026-07-24T20:19:26,6601,14.907,25.881,0,0.0,60.122
2026-07-24T20:19:26,6602,21.841,24.353,1,0.3701,60.066
2026-07-24T20:19:26,6603,24.551,23.318,1,0.6441,60.073
2026-07-24T20:19:26,6604,25.481,22.179,1,0.3689,60.257
2026-07-24T20:19:26,6605,27.203,21.224,1,0.5277,60.262
2026-07-24T20:19:26,6606,19.327,20.271,1,0.8334,60.817
2026-07-24T20:19:26,6607,24.988,20.696,0,0.0,61.029
2026-07-24T20:19:26,6608,24.64,20.659,0,0.0,61.36
2026-07-24T20:19:26,6609,24.964,20.178,0,0.0,61.584
2026-07-24T20:19:26,6610,23.07,19.834,0,0.0,61.044
2026-07-24T20:19:26,6611,24.237,20.201,1,0.4826,60.421
2026-07-24T20:19:26,6612,26.741,21.052,0,0.0,59.49
2026-07-24T20:19:26,6613,21.574,20.777,0,0.0,58.625
2026-07-24T20:19:26,6614,24.085,20.414,0,0.0,57.923
2026-07-24T20:19:26,6615,23.03,21.273,0,0.0,57.024
2026-07-24T20:19:26,6616,25.178,22.384,0,0.0,56.564
2026-07-24T20:19:26,6617,22.155,22.52,0,0.0,56.811
2026-07-24T20:19:26,6618,24.742,22.022,0,0.0,57.43
2026-07-24T20:19:26,6619,23.084,21.754,0,0.0,58.357
2026-07-24T20:19:26,6620,24.847,21.345,1,0.5438,59.245
2026-07-24T20:19:26,6621,22.994,22.287,1,0.7063,59.655
2026-07-24T20:19:26,6622,24.677,21.789,1,0.3646,59.57
2026-07-24T20:19:27,6623,23.199,21.866,1,0.397,59.387
2026-07-24T20:19:27,6624,24.327,22.835,1,0.36,59.532
2026-07-24T20:19:27,6625,24.732,22.445,0,0.0,60.327
2026-07-24T20:19:27,6626,22.401,22.967,0,0.0,61.322
2026-07-24T20:19:27,6627,24.934,22.73,1,0.5184,62.272
2026-07-24T20:19:27,6628,23.553,21.869,1,0.3854,63.404
2026-07-24T20:19:27,6629,24.982,21.275,1,0.4862,64.869
2026-07-24T20:19:27,6630,22.923,21.476,1,0.3917,66.082
2026-07-24T20:19:27,6631,24.527,21.908,0,0.0,68.792
2026-07-24T20:19:27,6632,11.359,24.117,0,0.0,74.0
2026-07-24T20:19:27,6633,16.445,23.335,0,0.0,73.437
2026-07-24T20:19:27,6634,16.537,22.968,0,0.0,66.002
2026-07-24T20:19:27,6635,15.291,23.365,0,0.0,59.452
2026-07-24T20:19:27,6636,14.3,23.175,0,0.0,54.315
2026-07-24T20:19:27,6637,14.576,23.896,0,0.0,52.223
2026-07-24T20:19:27,6638,14.911,23.846,0,0.0,51.159
2026-07-24T20:19:27,6639,15.326,22.997,1,0.4917,52.135
2026-07-24T20:19:27,6640,14.879,22.696,2,0.4067,53.598
2026-07-24T20:19:28,6641,14.3,24.119,1,0.4967,56.789
2026-07-24T20:19:28,6642,16.371,24.116,1,0.4594,59.804
2026-07-24T20:19:28,6643,13.346,23.551,1,0.4488,62.152
2026-07-24T20:19:28,6644,16.06,24.203,1,0.5388,63.611
2026-07-24T20:19:28,6645,14.971,23.509,1,0.5894,64.997
2026-07-24T20:19:28,6646,14.564,23.322,1,0.5449,65.996
2026-07-24T20:19:28,6647,14.801,24.342,1,0.5939,66.603
2026-07-24T20:19:28,6648,15.705,22.701,1,0.559,67.022
2026-07-24T20:19:28,6649,14.941,22.897,1,0.6347,67.325
2026-07-24T20:19:28,6650,15.032,24.062,1,0.4133,67.113
2026-07-24T20:19:28,6651,14.005,23.055,0,0.0,66.514
2026-07-24T20:19:28,6652,15.142,23.744,1,0.3995,65.051
2026-07-24T20:19:28,6653,15.007,23.278,0,0.0,64.507
2026-07-24T20:19:28,6654,15.327,22.952,1,0.3649,60.519
2026-07-24T20:19:28,6655,14.464,23.523,1,0.5041,57.583
2026-07-24T20:19:29,6656,15.079,23.479,1,0.3899,56.244
2026-07-24T20:19:29,6657,15.177,23.374,1,0.553,55.792
2026-07-24T20:19:29,6658,15.329,23.232,1,0.597,56.15
2026-07-24T20:19:29,6659,13.765,23.478,0,0.0,56.262
2026-07-24T20:19:29,6660,15.823,23.588,0,0.0,56.218
2026-07-24T20:19:29,6661,14.775,23.586,0,0.0,56.703
2026-07-24T20:19:29,6662,14.495,23.949,0,0.0,57.49
2026-07-24T20:19:29,6663,15.646,23.448,0,0.0,58.125
2026-07-24T20:19:29,6664,14.641,23.419,0,0.0,58.591
2026-07-24T20:19:29,6665,14.345,25.93,0,0.0,59.141
2026-07-24T20:19:29,6666,17.31,23.32,0,0.0,59.657
2026-07-24T20:19:29,6667,12.957,25.821,0,0.0,60.045
2026-07-24T20:19:29,6668,16.871,22.959,0,0.0,60.449
2026-07-24T20:19:29,6669,14.112,24.072,0,0.0,60.879
2026-07-24T20:19:29,6670,14.563,23.616,0,0.0,61.069
2026-07-24T20:19:30,6671,15.694,22.593,0,0.0,61.093
2026-07-24T20:19:30,6672,14.838,23.091,0,0.0,60.992
2026-07-24T20:19:30,6673,15.348,23.714,0,0.0,60.923
2026-07-24T20:19:30,6674,12.6,25.098,0,0.0,60.947
2026-07-24T20:19:30,6675,17.672,23.442,0,0.0,60.986
2026-07-24T20:19:30,6676,14.445,23.697,0,0.0,60.906
2026-07-24T20:19:30,6677,14.997,23.584,0,0.0,60.831
2026-07-24T20:19:30,6678,15.349,22.918,0,0.0,60.717
2026-07-24T20:19:30,6679,14.516,23.519,0,0.0,60.652
2026-07-24T20:19:30,6680,14.758,23.805,0,0.0,60.452
2026-07-24T20:19:30,6681,17.265,22.503,0,0.0,60.209
2026-07-24T20:19:30,6682,12.298,24.557,0,0.0,59.793
2026-07-24T20:19:30,6683,16.816,23.211,0,0.0,58.957
2026-07-24T20:19:30,6684,15.202,22.445,0,0.0,57.806
2026-07-24T20:19:30,6685,14.272,23.915,0,0.0,57.099
2026-07-24T20:19:31,6686,14.734,23.018,0,0.0,56.55
2026-07-24T20:19:31,6687,15.865,22.084,0,0.0,55.931
2026-07-24T20:19:31,6688,13.949,23.261,0,0.0,55.486
2026-07-24T20:19:31,6689,10.959,24.431,0,0.0,53.409
2026-07-24T20:19:31,6690,12.728,24.251,0,0.0,54.229
2026-07-24T20:19:31,6691,10.823,25.17,0,0.0,54.44
2026-07-24T20:19:31,6692,12.885,25.399,0,0.0,54.647
2026-07-24T20:19:31,6693,11.544,25.588,0,0.0,55.01
2026-07-24T20:19:31,6694,11.821,25.184,0,0.0,55.26
2026-07-24T20:19:31,6695,13.354,24.253,0,0.0,55.559
2026-07-24T20:19:31,6696,10.555,25.432,0,0.0,55.8
2026-07-24T20:19:31,6697,13.26,24.703,0,0.0,55.976
2026-07-24T20:19:32,6698,11.072,25.626,0,0.0,56.074
2026-07-24T20:19:32,6699,12.344,25.233,0,0.0,56.084
2026-07-24T20:19:32,6700,12.096,24.21,0,0.0,56.042
2026-07-24T20:19:32,6701,12.935,25.602,0,0.0,55.942
2026-07-24T20:19:32,6702,10.423,25.992,0,0.0,55.92
2026-07-24T20:19:32,6703,12.601,24.823,0,0.0,55.951
2026-07-24T20:19:32,6704,11.924,25.504,0,0.0,55.946
2026-07-24T20:19:32,6705,12.811,24.216,0,0.0,55.937
2026-07-24T20:19:32,6706,10.7,25.787,0,0.0,55.794
2026-07-24T20:19:32,6707,14.328,24.384,0,0.0,55.466
2026-07-24T20:19:32,6708,10.588,25.533,0,0.0,55.06
2026-07-24T20:19:32,6709,12.026,26.46,0,0.0,54.745
2026-07-24T20:19:33,6710,12.902,24.074,0,0.0,54.24
2026-07-24T20:19:33,6711,10.845,25.032,0,0.0,53.984
2026-07-24T20:19:33,6712,12.851,24.758,0,0.0,53.332
2026-07-24T20:19:33,6713,12.148,26.482,0,0.0,52.667
2026-07-24T20:19:33,6714,10.834,26.498,0,0.0,52.029
2026-07-24T20:19:33,6715,13.723,23.655,0,0.0,52.13
2026-07-24T20:19:33,6716,10.576,25.939,0,0.0,54.198
2026-07-24T20:19:33,6717,13.805,23.979,0,0.0,58.287
2026-07-24T20:19:33,6718,10.864,26.221,0,0.0,62.93
2026-07-24T20:19:33,6719,12.397,26.142,0,0.0,66.935
2026-07-24T20:19:33,6720,15.359,23.421,1,0.4231,68.813
2026-07-24T20:19:33,6721,13.937,23.613,1,0.4855,70.856
2026-07-24T20:19:33,6722,15.878,22.585,1,0.504,73.04
2026-07-24T20:19:34,6723,14.821,23.856,1,0.3701,75.574
2026-07-24T20:19:34,6724,15.092,22.741,0,0.0,77.626
2026-07-24T20:19:34,6725,14.018,23.957,0,0.0,78.862
2026-07-24T20:19:34,6726,16.031,23.68,0,0.0,79.631
2026-07-24T20:19:34,6727,15.248,23.601,0,0.0,79.588
2026-07-24T20:19:34,6728,12.916,24.917,0,0.0,79.803
2026-07-24T20:19:34,6729,16.505,23.45,0,0.0,80.228
2026-07-24T20:19:34,6730,15.265,22.866,1,0.3877,80.828
2026-07-24T20:19:34,6731,14.408,24.046,1,0.4022,81.939
2026-07-24T20:19:34,6732,15.533,23.705,1,0.4579,83.731
2026-07-24T20:19:34,6733,14.541,23.134,0,0.0,85.965
2026-07-24T20:19:34,6734,14.914,22.936,0,0.0,88.204
2026-07-24T20:19:34,6735,15.619,23.775,0,0.0,90.796
2026-07-24T20:19:34,6736,14.354,24.153,0,0.0,93.823
2026-07-24T20:19:35,6737,14.428,24.787,0,0.0,96.942
2026-07-24T20:19:35,6738,16.036,23.323,1,0.5734,100.039
2026-07-24T20:19:35,6739,14.047,24.611,1,0.6418,102.947
2026-07-24T20:19:35,6740,15.803,22.876,1,0.76,105.945
2026-07-24T20:19:35,6741,14.892,23.357,1,0.7768,109.95
2026-07-24T20:19:35,6742,14.54,24.936,1,0.7441,113.741
2026-07-24T20:19:35,6743,14.934,23.577,1,0.7696,117.612
2026-07-24T20:19:35,6744,15.623,22.746,1,0.7673,121.338
2026-07-24T20:19:35,6745,14.576,22.714,1,0.7648,125.129
2026-07-24T20:19:35,6746,13.459,28.429,1,0.7322,128.262
2026-07-24T20:19:35,6747,16.303,23.869,1,0.6191,130.579
2026-07-24T20:19:35,6748,15.271,23.651,1,0.6741,133.015
2026-07-24T20:19:35,6749,14.832,22.593,1,0.7247,136.462
2026-07-24T20:19:35,6750,16.754,24.689,1,0.7373,141.184
2026-07-24T20:19:35,6751,12.386,25.539,2,0.6351,143.979
2026-07-24T20:19:36,6752,16.773,23.377,2,0.6153,143.158
2026-07-24T20:19:36,6753,15.862,22.591,2,0.6465,141.987
2026-07-24T20:19:36,6754,14.583,22.517,2,0.6432,140.763
2026-07-24T20:19:36,6755,14.341,24.114,2,0.6547,139.539
2026-07-24T20:19:36,6756,15.713,23.824,2,0.6739,138.335
2026-07-24T20:19:36,6757,14.44,23.754,2,0.6571,137.222
2026-07-24T20:19:36,6758,16.905,23.765,2,0.6623,136.234
2026-07-24T20:19:36,6759,12.397,25.779,2,0.6984,135.392
2026-07-24T20:19:36,6760,17.846,22.295,2,0.7038,134.706
2026-07-24T20:19:36,6761,13.75,23.524,2,0.7014,134.126
2026-07-24T20:19:36,6762,16.255,23.104,2,0.7041,133.652
2026-07-24T20:19:36,6763,14.264,24.161,2,0.6877,133.268
2026-07-24T20:19:36,6764,15.621,22.759,2,0.6951,132.95
2026-07-24T20:19:36,6765,15.174,22.811,2,0.6864,132.679
2026-07-24T20:19:36,6766,14.789,24.364,2,0.6823,132.469
2026-07-24T20:19:37,6767,14.201,24.022,2,0.6724,132.302
2026-07-24T20:19:37,6768,16.062,22.959,2,0.7078,132.158
2026-07-24T20:19:37,6769,14.382,23.571,2,0.7037,132.035
2026-07-24T20:19:37,6770,14.981,23.554,2,0.6979,131.926
2026-07-24T20:19:37,6771,15.55,23.496,2,0.6946,131.836
2026-07-24T20:19:37,6772,14.554,23.387,2,0.6934,131.752
2026-07-24T20:19:37,6773,14.982,24.126,2,0.6929,131.684
2026-07-24T20:19:37,6774,15.612,23.278,2,0.6822,131.62
2026-07-24T20:19:37,6775,14.294,24.382,2,0.6835,131.559
2026-07-24T20:19:37,6776,15.384,23.62,2,0.6722,131.515
2026-07-24T20:19:37,6777,15.953,22.351,2,0.6627,131.511
2026-07-24T20:19:37,6778,13.717,23.636,2,0.6634,130.934
2026-07-24T20:19:37,6779,15.915,23.55,2,0.6862,128.769
2026-07-24T20:19:37,6780,14.84,22.527,2,0.6904,126.963
2026-07-24T20:19:37,6781,16.141,23.776,2,0.6664,127.106
2026-07-24T20:19:38,6782,12.557,25.082,2,0.5587,127.963
2026-07-24T20:19:38,6783,16.599,23.289,1,0.6855,129.384
2026-07-24T20:19:38,6784,14.903,23.585,1,0.7065,131.017
2026-07-24T20:19:38,6785,15.251,23.138,1,0.7167,131.624
2026-07-24T20:19:38,6786,15.347,23.013,1,0.7246,129.811
2026-07-24T20:19:38,6787,14.593,23.059,1,0.7205,127.291
2026-07-24T20:19:38,6788,14.524,23.74,1,0.7142,125.344
2026-07-24T20:19:38,6789,16.978,23.545,2,0.7437,123.613
2026-07-24T20:19:38,6790,13.673,23.329,2,0.6966,122.034
2026-07-24T20:19:38,6791,15.293,22.962,2,0.674,119.885
2026-07-24T20:19:38,6792,15.429,22.651,2,0.6786,117.702
2026-07-24T20:19:38,6793,14.315,24.342,2,0.5808,116.045
2026-07-24T20:19:38,6794,15.071,24.249,2,0.7087,114.656
2026-07-24T20:19:38,6795,15.805,22.564,2,0.632,112.791
2026-07-24T20:19:38,6796,14.175,24.348,2,0.5604,110.761
2026-07-24T20:19:39,6797,15.545,23.547,1,0.7042,108.103
2026-07-24T20:19:39,6798,15.416,22.284,1,0.7196,104.533
2026-07-24T20:19:39,6799,14.574,23.139,2,0.659,101.231
2026-07-24T20:19:39,6800,13.432,24.421,2,0.5579,97.002
2026-07-24T20:19:39,6801,17.132,22.812,2,0.5758,93.23
2026-07-24T20:19:39,6802,14.487,22.778,2,0.6172,92.407
2026-07-24T20:19:39,6803,14.297,25.289,1,0.9148,95.42
2026-07-24T20:19:39,6804,16.355,23.081,1,0.9017,98.034
2026-07-24T20:19:39,6805,14.297,23.366,1,0.9031,100.171
2026-07-24T20:19:39,6806,14.681,23.963,2,0.696,102.362
2026-07-24T20:19:39,6807,15.859,22.367,2,0.761,105.298
2026-07-24T20:19:39,6808,14.546,23.109,2,0.715,108.908
2026-07-24T20:19:39,6809,14.483,23.094,2,0.743,111.679
2026-07-24T20:19:39,6810,15.5,23.356,2,0.8043,114.248
2026-07-24T20:19:39,6811,14.509,23.848,2,0.8385,116.105
2026-07-24T20:19:40,6812,14.935,25.129,2,0.8381,117.112
2026-07-24T20:19:40,6813,14.32,24.729,2,0.8397,117.341
2026-07-24T20:19:40,6814,15.406,23.012,2,0.8243,116.826
2026-07-24T20:19:40,6815,15.232,23.051,2,0.8367,116.326
2026-07-24T20:19:40,6816,15.446,22.746,2,0.8352,115.629
2026-07-24T20:19:40,6817,14.737,23.359,2,0.8338,114.97
2026-07-24T20:19:40,6818,14.006,24.379,2,0.8351,114.316
2026-07-24T20:19:40,6819,16.056,23.058,2,0.8374,113.582
2026-07-24T20:19:40,6820,15.072,23.992,2,0.8422,112.916
2026-07-24T20:19:40,6821,13.786,24.09,2,0.8262,112.268
2026-07-24T20:19:40,6822,15.986,23.367,2,0.8268,111.508
2026-07-24T20:19:40,6823,14.29,24.046,2,0.8172,111.209
2026-07-24T20:19:40,6824,15.516,23.16,2,0.8321,110.968
2026-07-24T20:19:40,6825,15.115,22.674,2,0.8302,110.811
2026-07-24T20:19:40,6826,14.38,22.994,2,0.8114,110.555
2026-07-24T20:19:41,6827,14.997,23.009,2,0.7949,110.104
2026-07-24T20:19:41,6828,16.09,22.552,2,0.8332,109.846
2026-07-24T20:19:41,6829,13.681,23.821,2,0.8276,109.659
2026-07-24T20:19:41,6830,15.275,23.164,2,0.8325,109.783
2026-07-24T20:19:41,6831,15.433,22.804,2,0.8396,110.067
2026-07-24T20:19:41,6832,14.317,23.054,2,0.8189,110.755
2026-07-24T20:19:41,6833,14.931,23.362,2,0.8143,111.671
2026-07-24T20:19:41,6834,15.344,23.265,2,0.7911,112.26
2026-07-24T20:19:41,6835,15.931,22.5,2,0.7986,112.468
2026-07-24T20:19:41,6836,12.812,23.782,2,0.7841,112.117
2026-07-24T20:19:41,6837,16.422,23.08,2,0.7872,111.926
2026-07-24T20:19:41,6838,14.308,24.073,2,0.8056,111.733
2026-07-24T20:19:41,6839,15.176,23.696,2,0.8379,110.813
2026-07-24T20:19:41,6840,15.235,23.911,2,0.8387,109.58
2026-07-24T20:19:41,6841,14.93,23.456,2,0.8348,108.569
2026-07-24T20:19:42,6842,14.524,23.651,2,0.8279,107.364
2026-07-24T20:19:42,6843,17.484,21.923,2,0.847,106.375
2026-07-24T20:19:42,6844,11.915,25.403,2,0.8336,105.735
2026-07-24T20:19:42,6845,17.556,22.759,2,0.8032,105.455
2026-07-24T20:19:42,6846,14.689,23.14,2,0.7832,105.481
2026-07-24T20:19:42,6847,14.667,23.329,2,0.7754,104.591
2026-07-24T20:19:42,6848,15.075,22.447,2,0.7979,102.851
2026-07-24T20:19:42,6849,15.112,23.401,2,0.8069,100.365
2026-07-24T20:19:42,6850,14.72,23.742,2,0.8143,98.602
2026-07-24T20:19:42,6851,14.916,24.06,2,0.8071,97.587
2026-07-24T20:19:42,6852,15.35,22.759,2,0.8183,96.828
2026-07-24T20:19:42,6853,14.423,22.774,2,0.8139,96.269
2026-07-24T20:19:42,6854,14.838,23.068,2,0.8294,96.166
2026-07-24T20:19:42,6855,15.636,22.72,2,0.8375,96.202
2026-07-24T20:19:42,6856,14.477,23.615,2,0.8446,96.67
2026-07-24T20:19:43,6857,14.403,24.597,2,0.8347,97.001
2026-07-24T20:19:43,6858,16.71,22.495,2,0.8318,97.556
2026-07-24T20:19:43,6859,13.116,23.922,2,0.8396,98.9
2026-07-24T20:19:43,6860,14.609,23.958,2,0.8121,100.123
2026-07-24T20:19:43,6861,16.559,22.886,2,0.8385,100.723
2026-07-24T20:19:43,6862,14.733,23.243,2,0.662,100.727
2026-07-24T20:19:43,6863,14.517,23.897,1,0.7641,99.658
2026-07-24T20:19:43,6864,15.64,23.382,2,0.6233,97.75
2026-07-24T20:19:43,6865,14.826,23.198,1,0.765,95.562
2026-07-24T20:19:43,6866,15.225,24.081,2,0.7325,93.437
2026-07-24T20:19:43,6867,13.975,23.35,2,0.8164,91.552
2026-07-24T20:19:43,6868,15.153,23.731,2,0.7166,89.573
2026-07-24T20:19:43,6869,18.114,25.971,2,0.6458,87.14
2026-07-24T20:19:43,6870,13.349,27.866,3,0.4971,84.692
2026-07-24T20:19:43,6871,13.865,24.445,2,0.6834,82.695
2026-07-24T20:19:44,6872,16.577,24.551,3,0.6235,80.496
2026-07-24T20:19:44,6873,14.385,24.919,3,0.5435,79.304
2026-07-24T20:19:44,6874,15.17,22.861,3,0.6417,79.683
2026-07-24T20:19:44,6875,14.211,22.853,3,0.6427,80.901
2026-07-24T20:19:44,6876,15.569,22.52,3,0.6531,82.328
2026-07-24T20:19:44,6877,14.398,23.37,3,0.6244,83.839
2026-07-24T20:19:44,6878,14.442,24.148,3,0.5891,84.138
2026-07-24T20:19:44,6879,16.138,22.96,3,0.5858,78.391
2026-07-24T20:19:44,6880,14.055,22.908,2,0.6445,80.176
2026-07-24T20:19:44,6881,15.187,23.857,2,0.7017,82.448
2026-07-24T20:19:44,6882,15.459,23.293,3,0.5976,84.517
2026-07-24T20:19:44,6883,14.494,22.763,3,0.5665,87.153
2026-07-24T20:19:44,6884,14.489,23.786,3,0.5817,94.208
2026-07-24T20:19:44,6885,16.186,22.592,2,0.6796,99.443
2026-07-24T20:19:44,6886,14.299,23.475,2,0.7948,102.184
2026-07-24T20:19:45,6887,14.862,22.76,3,0.6383,105.443
2026-07-24T20:19:45,6888,15.846,22.028,3,0.658,108.539
2026-07-24T20:19:45,6889,15.234,23.443,2,0.8116,111.979
2026-07-24T20:19:45,6890,12.278,24.686,2,0.8427,116.266
2026-07-24T20:19:45,6891,17.714,23.109,2,0.8482,120.722
2026-07-24T20:19:45,6892,14.582,22.792,2,0.8574,124.687
2026-07-24T20:19:45,6893,14.943,22.705,2,0.849,127.826
2026-07-24T20:19:45,6894,15.528,22.507,2,0.84,130.159
2026-07-24T20:19:45,6895,14.4,22.206,2,0.8398,131.565
2026-07-24T20:19:45,6896,14.577,23.108,2,0.8467,132.21
2026-07-24T20:19:45,6897,16.687,21.592,2,0.8525,132.401
2026-07-24T20:19:45,6898,13.406,23.754,2,0.8421,131.657
2026-07-24T20:19:45,6899,15.097,23.716,2,0.8448,130.713
2026-07-24T20:19:45,6900,16.08,22.701,2,0.8043,129.99
2026-07-24T20:19:45,6901,15.23,22.976,2,0.7911,129.527
2026-07-24T20:19:46,6902,17.465,23.41,2,0.83,128.587
2026-07-24T20:19:46,6903,25.311,22.455,2,0.835,128.214
2026-07-24T20:19:46,6904,14.447,23.727,2,0.8393,127.188
2026-07-24T20:19:46,6905,14.899,24.007,2,0.8425,125.594
2026-07-24T20:19:46,6906,11.768,24.996,2,0.8498,123.958
2026-07-24T20:19:46,6907,16.641,23.546,2,0.8421,122.764
2026-07-24T20:19:46,6908,16.468,22.868,2,0.8436,121.405
2026-07-24T20:19:46,6909,13.892,23.208,2,0.8235,120.13
2026-07-24T20:19:46,6910,15.744,23.058,2,0.8311,118.999
2026-07-24T20:19:46,6911,14.344,23.688,2,0.8243,118.136
2026-07-24T20:19:46,6912,15.512,24.287,2,0.7872,117.503
2026-07-24T20:19:46,6913,15.326,23.056,2,0.7973,117.293
2026-07-24T20:19:46,6914,13.925,23.486,2,0.8348,117.359
2026-07-24T20:19:46,6915,15.566,22.474,2,0.8267,117.355
2026-07-24T20:19:46,6916,14.995,22.791,2,0.8185,117.244
2026-07-24T20:19:47,6917,14.417,24.2,2,0.8255,117.087
2026-07-24T20:19:47,6918,15.589,23.426,2,0.8267,117.133
2026-07-24T20:19:47,6919,14.677,22.881,2,0.8366,117.586
2026-07-24T20:19:47,6920,15.447,23.622,2,0.8205,118.451
2026-07-24T20:19:47,6921,14.085,24.287,2,0.8334,118.687
2026-07-24T20:19:47,6922,15.763,22.952,2,0.8366,118.712
2026-07-24T20:19:47,6923,14.133,23.096,2,0.8428,119.059
2026-07-24T20:19:47,6924,15.48,22.536,2,0.8368,119.265
2026-07-24T20:19:47,6925,17.157,22.966,2,0.8336,119.165
2026-07-24T20:19:47,6926,11.901,24.678,2,0.834,119.286
2026-07-24T20:19:47,6927,15.849,23.567,2,0.8136,118.959
2026-07-24T20:19:47,6928,17.285,23.047,2,0.8365,118.637
2026-07-24T20:19:47,6929,13.021,24.648,2,0.8197,119.121
2026-07-24T20:19:47,6930,14.663,23.966,2,0.816,119.452
2026-07-24T20:19:47,6931,15.711,23.051,2,0.8114,119.826
2026-07-24T20:19:48,6932,15.081,23.264,2,0.8219,120.38
2026-07-24T20:19:48,6933,15.22,22.683,2,0.8283,120.694
2026-07-24T20:19:48,6934,14.645,23.693,2,0.8634,120.625
2026-07-24T20:19:48,6935,15.548,22.622,2,0.8412,120.88
2026-07-24T20:19:48,6936,15.143,22.829,2,0.8169,121.208
2026-07-24T20:19:48,6937,13.65,23.86,2,0.821,121.274
2026-07-24T20:19:48,6938,16.007,22.79,2,0.7409,120.88
2026-07-24T20:19:48,6939,14.486,23.036,2,0.679,120.679
2026-07-24T20:19:48,6940,15.608,22.822,2,0.6465,120.248
2026-07-24T20:19:48,6941,14.312,22.57,1,0.9398,119.646
2026-07-24T20:19:48,6942,15.593,23.276,2,0.6587,119.618
2026-07-24T20:19:48,6943,14.038,23.906,1,0.9439,119.444
2026-07-24T20:19:48,6944,16.47,22.731,1,0.9396,119.08
2026-07-24T20:19:48,6945,13.521,23.161,1,0.9392,119.287
2026-07-24T20:19:48,6946,15.473,23.451,1,0.9371,119.082
2026-07-24T20:19:49,6947,15.53,22.547,1,0.9323,118.768
2026-07-24T20:19:49,6948,13.923,23.456,1,0.9315,118.842
2026-07-24T20:19:49,6949,16.308,22.124,1,0.9301,118.915
2026-07-24T20:19:49,6950,13.993,23.018,2,0.648,118.889
2026-07-24T20:19:49,6951,16.693,23.245,1,0.93,118.833
2026-07-24T20:19:49,6952,12.696,25.486,1,0.9314,119.061
2026-07-24T20:19:49,6953,16.718,22.974,1,0.9322,119.135
2026-07-24T20:19:49,6954,14.494,22.946,1,0.9309,119.11
2026-07-24T20:19:49,6955,15.484,22.618,1,0.9337,119.351
2026-07-24T20:19:49,6956,14.288,23.119,1,0.9346,119.395
2026-07-24T20:19:49,6957,15.109,22.503,1,0.933,119.384
2026-07-24T20:19:49,6958,14.785,23.383,1,0.9374,119.583
2026-07-24T20:19:49,6959,17.425,22.654,1,0.9386,119.674
2026-07-24T20:19:49,6960,11.773,24.086,1,0.9365,119.714
2026-07-24T20:19:49,6961,16.774,24.349,1,0.9379,119.848
2026-07-24T20:19:50,6962,14.391,23.877,1,0.936,119.955
2026-07-24T20:19:50,6963,14.859,23.175,1,0.9338,119.971
2026-07-24T20:19:50,6964,16.871,21.824,1,0.9326,120.042
2026-07-24T20:19:50,6965,13.776,23.444,1,0.9331,120.213
2026-07-24T20:19:50,6966,15.372,22.752,1,0.9347,120.269
2026-07-24T20:19:50,6967,16.14,22.142,1,0.9324,120.332
2026-07-24T20:19:50,6968,13.21,23.474,1,0.9312,120.448
2026-07-24T20:19:50,6969,16.415,22.807,1,0.9318,120.493
2026-07-24T20:19:50,6970,13.985,23.817,1,0.9312,120.644
2026-07-24T20:19:50,6971,15.409,23.247,2,0.807,121.183
2026-07-24T20:19:50,6972,14.946,22.252,2,0.8139,121.482
2026-07-24T20:19:50,6973,15.122,23.234,2,0.8363,121.695
2026-07-24T20:19:50,6974,16.07,22.795,2,0.8183,121.827
2026-07-24T20:19:50,6975,13.469,22.787,2,0.8051,121.601
2026-07-24T20:19:50,6976,15.96,21.956,2,0.7735,121.212
2026-07-24T20:19:51,6977,14.182,23.487,2,0.7421,121.239
2026-07-24T20:19:51,6978,15.267,23.62,2,0.7638,122.006
2026-07-24T20:19:51,6979,15.001,22.48,2,0.8119,123.072
2026-07-24T20:19:51,6980,14.637,22.685,2,0.7124,122.807
2026-07-24T20:19:51,6981,14.87,23.583,1,0.9136,123.037
2026-07-24T20:19:51,6982,17.03,22.423,2,0.6643,123.076
2026-07-24T20:19:51,6983,12.454,24.371,1,0.8905,123.846
2026-07-24T20:19:51,6984,15.801,23.067,1,0.9118,124.248
2026-07-24T20:19:51,6985,15.968,23.005,1,0.8935,124.896
2026-07-24T20:19:51,6986,13.902,24.525,1,0.8953,126.077
2026-07-24T20:19:51,6987,14.865,24.413,2,0.8202,125.075
2026-07-24T20:19:51,6988,15.899,23.487,2,0.7831,124.66
2026-07-24T20:19:51,6989,14.317,23.511,2,0.803,125.013
2026-07-24T20:19:51,6990,16.137,22.902,2,0.7515,125.048
2026-07-24T20:19:51,6991,13.642,23.275,2,0.8439,125.849
2026-07-24T20:19:52,6992,15.887,23.271,2,0.7882,126.014
2026-07-24T20:19:52,6993,14.847,22.335,2,0.8079,125.092
2026-07-24T20:19:52,6994,14.658,23.195,2,0.816,125.066
2026-07-24T20:19:52,6995,15.457,23.173,2,0.8222,125.086
2026-07-24T20:19:52,6996,14.058,23.016,2,0.8219,123.985
2026-07-24T20:19:52,6997,15.655,23.961,2,0.8673,123.008
2026-07-24T20:19:52,6998,14.79,22.805,2,0.8623,122.658
2026-07-24T20:19:52,6999,14.834,22.212,3,0.688,122.328
2026-07-24T20:19:52,7000,14.892,22.946,2,0.7225,125.072
2026-07-24T20:19:52,7001,14.872,23.454,2,0.7969,124.744
2026-07-24T20:19:52,7002,14.977,22.541,2,0.8504,122.74
2026-07-24T20:19:52,7003,15.129,22.321,2,0.7556,124.892
2026-07-24T20:19:52,7004,14.439,22.954,2,0.8084,124.736
2026-07-24T20:19:52,7005,17.645,22.782,2,0.8276,122.663
2026-07-24T20:19:52,7006,12.289,23.932,2,0.8182,124.143
2026-07-24T20:19:53,7007,19.546,21.843,2,0.7941,124.886
2026-07-24T20:19:53,7008,12.085,24.198,1,0.9178,124.632
2026-07-24T20:19:53,7009,16.91,22.747,1,0.9146,125.439
2026-07-24T20:19:53,7010,14.435,23.525,2,0.7734,125.919
2026-07-24T20:19:53,7011,15.241,22.363,2,0.8009,128.621
2026-07-24T20:19:53,7012,14.706,23.27,3,0.6711,129.326
2026-07-24T20:19:53,7013,15.776,22.842,2,0.8255,129.241
2026-07-24T20:19:53,7014,13.498,22.877,3,0.6906,128.525
2026-07-24T20:19:53,7015,16.216,22.646,2,0.8562,127.966
2026-07-24T20:19:53,7016,14.479,23.487,2,0.8489,128.19
2026-07-24T20:19:53,7017,14.919,22.877,2,0.8271,128.537
2026-07-24T20:19:53,7018,15.042,22.194,2,0.8366,127.644
2026-07-24T20:19:53,7019,14.489,23.22,2,0.8489,127.469
2026-07-24T20:19:53,7020,15.028,23.55,2,0.85,127.876
2026-07-24T20:19:53,7021,15.814,21.619,2,0.8491,127.884
2026-07-24T20:19:54,7022,13.964,23.346,2,0.8453,129.074
2026-07-24T20:19:54,7023,15.064,23.643,2,0.8247,130.322
2026-07-24T20:19:54,7024,15.332,22.735,2,0.8253,132.259
2026-07-24T20:19:54,7025,14.534,22.539,3,0.694,133.48
2026-07-24T20:19:54,7026,15.233,22.824,2,0.8477,129.992
2026-07-24T20:19:54,7027,14.456,23.656,2,0.8164,128.416
2026-07-24T20:19:54,7028,19.265,22.359,2,0.8499,128.761
2026-07-24T20:19:54,7029,10.987,26.262,2,0.8203,128.389
2026-07-24T20:19:54,7030,18.058,24.046,2,0.7028,130.045
2026-07-24T20:19:54,7031,14.502,22.494,2,0.7186,130.873
2026-07-24T20:19:54,7032,15.753,22.447,2,0.7975,131.471
2026-07-24T20:19:54,7033,13.898,24.593,3,0.697,132.735
2026-07-24T20:19:54,7034,16.093,22.769,2,0.7869,130.77
2026-07-24T20:19:54,7035,13.849,23.123,2,0.8144,129.456
2026-07-24T20:19:54,7036,17.442,23.066,2,0.8006,131.925
2026-07-24T20:19:55,7037,12.483,24.165,2,0.8164,130.76
2026-07-24T20:19:55,7038,16.974,22.834,2,0.7871,128.366
2026-07-24T20:19:55,7039,14.038,23.743,2,0.7387,129.743
2026-07-24T20:19:55,7040,15.52,23.391,2,0.7454,129.693
2026-07-24T20:19:55,7041,14.795,23.484,2,0.8365,127.703
2026-07-24T20:19:55,7042,14.837,23.495,3,0.6508,127.964
2026-07-24T20:19:55,7043,14.85,23.893,2,0.7631,128.993
2026-07-24T20:19:55,7044,15.795,22.591,2,0.8085,128.196
2026-07-24T20:19:55,7045,13.394,23.794,2,0.7825,127.874
2026-07-24T20:19:55,7046,16.674,22.357,2,0.7416,129.24
2026-07-24T20:19:55,7047,14.369,23.008,2,0.7682,129.243
2026-07-24T20:19:55,7048,15.794,22.797,2,0.8013,128.631
2026-07-24T20:19:55,7049,13.063,24.993,3,0.7001,129.417
2026-07-24T20:19:55,7050,16.9,23.147,3,0.6715,129.75
2026-07-24T20:19:55,7051,14.711,23.198,2,0.8441,129.285
2026-07-24T20:19:56,7052,15.057,22.9,2,0.8318,129.707
2026-07-24T20:19:56,7053,14.399,23.616,3,0.6883,130.24
2026-07-24T20:19:56,7054,14.97,23.969,2,0.8243,129.811
2026-07-24T20:19:56,7055,14.905,23.492,2,0.8221,129.8
2026-07-24T20:19:56,7056,15.021,23.434,2,0.8003,130.297
2026-07-24T20:19:56,7057,15.243,23.966,2,0.802,130.029
2026-07-24T20:19:56,7058,14.488,23.223,2,0.8129,129.822
2026-07-24T20:19:56,7059,16.462,23.638,2,0.8111,130.227
2026-07-24T20:19:56,7060,12.668,24.904,2,0.8191,130.144
2026-07-24T20:19:56,7061,16.477,22.525,2,0.7832,129.926
2026-07-24T20:19:56,7062,15.298,21.704,2,0.8246,130.233
2026-07-24T20:19:56,7063,14.322,23.373,2,0.83,130.279
2026-07-24T20:19:56,7064,15.208,23.671,2,0.8077,130.062
2026-07-24T20:19:56,7065,14.846,22.928,2,0.7811,130.157
2026-07-24T20:19:56,7066,15.081,22.839,2,0.8165,130.235
2026-07-24T20:19:57,7067,15.492,23.595,2,0.8215,130.022
2026-07-24T20:19:57,7068,13.418,23.993,2,0.8429,130.064
2026-07-24T20:19:57,7069,16.465,23.603,2,0.8263,130.142
2026-07-24T20:19:57,7070,14.579,22.771,2,0.8386,129.982
2026-07-24T20:19:57,7071,14.68,23.225,2,0.8362,129.966
2026-07-24T20:19:57,7072,15.293,23.536,2,0.8232,130.104
2026-07-24T20:19:57,7073,14.55,23.782,2,0.822,130.034
2026-07-24T20:19:57,7074,15.388,24.565,2,0.8263,129.977
2026-07-24T20:19:57,7075,14.655,23.394,2,0.8004,130.129
2026-07-24T20:19:57,7076,15.152,22.474,3,0.6603,130.124
2026-07-24T20:19:57,7077,15.106,22.841,2,0.7826,130.08
2026-07-24T20:19:57,7078,14.791,23.608,2,0.7858,130.16
2026-07-24T20:19:57,7079,14.555,23.658,2,0.7998,130.167
2026-07-24T20:19:57,7080,14.786,23.716,2,0.8095,130.122
2026-07-24T20:19:58,7081,15.674,22.946,2,0.7768,130.164
2026-07-24T20:19:58,7082,15.569,23.781,2,0.7801,130.195
2026-07-24T20:19:58,7083,13.354,23.776,2,0.7993,130.176
2026-07-24T20:19:58,7084,15.562,23.372,2,0.8038,130.232
2026-07-24T20:19:58,7085,18.488,24.587,3,0.6587,130.323
2026-07-24T20:19:58,7086,11.934,24.931,2,0.8159,130.364
2026-07-24T20:19:58,7087,15.458,24.176,2,0.8047,130.517
2026-07-24T20:19:58,7088,15.791,23.744,3,0.6663,130.696
2026-07-24T20:19:58,7089,14.32,23.554,3,0.6708,130.691
2026-07-24T20:19:58,7090,16.71,23.713,2,0.8234,130.762
2026-07-24T20:19:58,7091,12.634,25.099,2,0.8137,130.79
2026-07-24T20:19:58,7092,16.933,23.027,2,0.8259,130.453
2026-07-24T20:19:58,7093,16.291,24.032,2,0.824,130.339
2026-07-24T20:19:58,7094,17.175,21.506,2,0.7994,130.557
2026-07-24T20:19:58,7095,10.676,24.872,2,0.8028,130.559
2026-07-24T20:19:59,7096,18.298,22.792,3,0.6767,130.612
2026-07-24T20:19:59,7097,14.083,24.178,3,0.6671,131.023
2026-07-24T20:19:59,7098,15.841,23.219,3,0.6641,131.009
2026-07-24T20:19:59,7099,14.299,23.672,2,0.829,130.803
2026-07-24T20:19:59,7100,15.316,23.032,3,0.6689,131.005
2026-07-24T20:19:59,7101,14.649,23.33,3,0.6879,131.192
2026-07-24T20:19:59,7102,14.912,23.998,2,0.8082,131.25
2026-07-24T20:19:59,7103,15.627,22.506,3,0.6686,131.327
2026-07-24T20:19:59,7104,13.914,23.269,3,0.7048,131.487
2026-07-24T20:19:59,7105,16.028,23.771,3,0.6888,131.551
2026-07-24T20:19:59,7106,14.507,22.812,3,0.675,131.591
2026-07-24T20:19:59,7107,14.494,23.901,3,0.6792,131.79
2026-07-24T20:19:59,7108,15.58,23.602,3,0.6905,131.912
2026-07-24T20:19:59,7109,14.328,23.612,3,0.6839,131.989
2026-07-24T20:19:59,7110,15.205,23.548,3,0.6912,132.178
2026-07-24T20:20:00,7111,15.151,23.568,3,0.6658,132.304
2026-07-24T20:20:00,7112,14.418,23.982,2,0.8205,132.363
2026-07-24T20:20:00,7113,17.076,22.68,3,0.6689,132.466
2026-07-24T20:20:00,7114,12.543,24.424,3,0.6864,132.547
2026-07-24T21:33:42,1,1.388,718.447,0,0.0,0.503
2026-07-24T21:33:42,2,6.268,29.385,3,0.5466,118.232
2026-07-24T21:33:42,3,15.747,27.949,2,0.6446,119.307
2026-07-24T21:33:42,4,16.559,23.155,2,0.6776,120.348
2026-07-24T21:33:42,5,13.73,27.098,3,0.5954,121.791
2026-07-24T21:33:42,6,14.819,27.99,3,0.6028,122.572
2026-07-24T21:33:42,7,9.471,35.082,3,0.5973,123.445
2026-07-24T21:33:43,8,13.857,43.281,3,0.5702,123.889
2026-07-24T21:33:43,9,17.232,34.138,2,0.6547,124.218
2026-07-24T21:33:43,10,18.53,22.086,2,0.6293,124.526
2026-07-24T21:33:43,11,13.117,24.302,2,0.6453,124.83
2026-07-24T21:33:43,12,13.091,26.785,2,0.6438,125.1
2026-07-24T21:33:43,13,17.706,22.757,2,0.6336,125.348
2026-07-24T21:33:43,14,14.942,21.709,2,0.6212,125.528
2026-07-24T21:33:43,15,16.137,22.153,2,0.6394,125.778
2026-07-24T21:33:43,16,15.933,20.865,3,0.5892,126.354
2026-07-24T21:33:43,17,15.056,20.76,3,0.5714,126.679
2026-07-24T21:33:43,18,14.822,20.712,3,0.5736,126.962
2026-07-24T21:33:43,19,15.118,20.504,2,0.6956,127.548
2026-07-24T21:33:43,20,14.247,21.17,2,0.6776,128.073
2026-07-24T21:33:43,21,15.28,21.535,2,0.6868,128.738
2026-07-24T21:33:43,22,14.473,23.276,2,0.6665,129.104
2026-07-24T21:33:44,23,26.726,21.875,2,0.6835,129.32
2026-07-24T21:33:44,24,16.127,21.99,2,0.6623,129.454
2026-07-24T21:33:44,25,14.802,22.941,2,0.6525,129.727
2026-07-24T21:33:44,26,12.985,25.529,2,0.6256,130.158
2026-07-24T21:33:44,27,14.626,28.415,2,0.6595,130.534
2026-07-24T21:33:44,28,15.846,23.279,2,0.6242,130.785
2026-07-24T21:33:44,29,14.428,24.847,2,0.6188,131.388
2026-07-24T21:33:44,30,14.626,25.978,2,0.6058,131.841
2026-07-24T21:33:44,31,16.392,23.432,1,0.8306,132.189
2026-07-24T21:33:44,32,14.83,23.487,2,0.5787,132.371
2026-07-24T21:33:44,33,14.586,24.09,2,0.5974,132.331
2026-07-24T21:33:44,34,15.089,24.245,2,0.5739,132.228
2026-07-24T21:33:44,35,14.807,24.405,1,0.8161,131.907
2026-07-24T21:33:44,36,14.045,26.654,1,0.8403,131.469
2026-07-24T21:33:44,37,16.494,22.683,1,0.8308,130.952
2026-07-24T21:33:45,38,14.386,24.275,1,0.8274,130.276
2026-07-24T21:33:45,39,15.173,23.824,1,0.8343,130.065
2026-07-24T21:33:45,40,15.095,23.399,1,0.8445,129.881
2026-07-24T21:33:45,41,14.839,23.496,2,0.6165,129.461
2026-07-24T21:33:45,42,14.907,23.377,2,0.6398,129.055
2026-07-24T21:33:45,43,14.939,23.776,2,0.6793,128.695
2026-07-24T21:33:45,44,14.724,24.324,2,0.6513,128.542
2026-07-24T21:33:45,45,14.889,24.567,2,0.6498,128.365
2026-07-24T21:33:45,46,14.489,23.609,2,0.6731,128.072
2026-07-24T21:33:45,47,14.577,25.745,2,0.6533,127.786
2026-07-24T21:33:45,48,15.041,24.803,2,0.6455,127.677
2026-07-24T21:33:45,49,15.472,24.48,2,0.6358,127.489
2026-07-24T21:33:45,50,14.209,25.63,2,0.6538,127.353
2026-07-24T21:33:45,51,16.057,23.579,3,0.5632,127.268
2026-07-24T21:33:45,52,14.489,23.991,3,0.6098,127.097
2026-07-24T21:33:46,53,15.375,23.467,3,0.5476,126.898
2026-07-24T21:33:46,54,14.416,25.6,2,0.6062,126.771
2026-07-24T21:33:46,55,15.609,23.403,3,0.5479,126.804
2026-07-24T21:33:46,56,14.261,25.854,3,0.5493,126.6
2026-07-24T21:33:46,57,14.574,27.784,3,0.5491,126.419
2026-07-24T21:33:46,58,15.839,23.826,2,0.6559,126.581
2026-07-24T21:33:46,59,14.997,23.534,2,0.6329,126.685
2026-07-24T21:33:46,60,14.792,23.863,2,0.6695,127.038
2026-07-24T21:33:46,61,15.064,23.287,2,0.6351,127.662
2026-07-24T21:33:46,62,14.762,24.433,2,0.6744,127.854
2026-07-24T21:33:46,63,14.965,24.162,2,0.6244,128.092
2026-07-24T21:33:46,64,14.8,24.763,2,0.6371,128.631
2026-07-24T21:33:46,65,14.97,24.638,2,0.6447,128.744
2026-07-24T21:33:46,66,15.013,23.978,2,0.6471,128.907
2026-07-24T21:33:46,67,15.258,22.662,2,0.6522,129.297
2026-07-24T21:33:47,68,14.346,24.795,2,0.6532,129.978
2026-07-24T21:33:47,69,14.926,25.199,2,0.6748,130.176
2026-07-24T21:33:47,70,15.113,24.545,2,0.6212,130.053
2026-07-24T21:33:47,71,15.006,24.121,1,0.8646,129.942
2026-07-24T21:33:47,72,14.249,26.407,1,0.8713,129.86
2026-07-24T21:33:47,73,15.174,23.499,1,0.8807,129.792
2026-07-24T21:33:47,74,12.015,28.53,2,0.609,129.379
2026-07-24T21:33:47,75,15.71,26.683,1,0.861,128.943
2026-07-24T21:33:47,76,18.399,24.097,2,0.6107,128.604
2026-07-24T21:33:47,77,14.998,23.954,2,0.6117,128.393
2026-07-24T21:33:47,78,16.071,24.057,2,0.6313,128.198
2026-07-24T21:33:47,79,14.543,23.706,2,0.6466,127.929
2026-07-24T21:33:47,80,14.528,24.523,2,0.647,127.645
2026-07-24T21:33:47,81,14.759,24.787,2,0.6501,127.45
2026-07-24T21:33:47,82,15.296,23.681,2,0.6052,127.344
2026-07-24T21:33:48,83,16.786,21.83,2,0.6278,127.284
2026-07-24T21:33:48,84,14.8,22.175,3,0.5869,127.035
2026-07-24T21:33:48,85,14.629,23.336,2,0.6588,126.838
2026-07-24T21:33:48,86,13.376,25.783,2,0.6392,126.682
2026-07-24T21:33:48,87,12.037,30.3,2,0.6478,126.648
2026-07-24T21:33:48,88,19.506,24.615,2,0.6865,126.64
2026-07-24T21:33:48,89,15.241,26.013,2,0.6375,126.598
2026-07-24T21:33:48,90,16.519,23.144,3,0.553,126.551
2026-07-24T21:33:48,91,14.595,24.783,3,0.5378,126.541
2026-07-24T21:33:48,92,13.276,32.517,3,0.5206,126.537
2026-07-24T21:33:48,93,17.082,24.739,2,0.6007,126.545
2026-07-24T21:33:48,94,15.975,20.762,2,0.6003,126.54
2026-07-24T21:33:48,95,14.519,22.596,2,0.6062,126.535
2026-07-24T21:33:48,96,14.178,24.716,2,0.6162,126.282
2026-07-24T21:33:48,97,14.022,24.878,2,0.6192,125.863
2026-07-24T21:33:49,98,14.85,24.789,3,0.5607,125.512
2026-07-24T21:33:49,99,15.021,24.141,3,0.5747,125.979
2026-07-24T21:33:49,100,15.146,23.522,3,0.5558,127.169
2026-07-24T21:33:49,101,14.671,24.51,3,0.5317,128.568
2026-07-24T21:33:49,102,14.806,24.348,3,0.5711,127.836
2026-07-24T21:33:49,103,14.676,25.143,2,0.6873,127.101
2026-07-24T21:33:49,104,14.693,26.006,2,0.6655,127.356
2026-07-24T21:33:49,105,14.927,27.924,2,0.6464,128.114
2026-07-24T21:33:49,106,15.636,24.666,2,0.6425,128.955
2026-07-24T21:33:49,107,15.007,24.42,1,0.8665,129.562
2026-07-24T21:33:49,108,14.184,27.587,1,0.8727,129.771
2026-07-24T21:33:49,109,15.941,23.317,1,0.8545,130.285
2026-07-24T21:33:49,110,15.722,22.89,1,0.8649,130.807
2026-07-24T21:33:49,111,14.22,25.336,1,0.8686,130.984
2026-07-24T21:33:49,112,14.623,24.536,1,0.8639,131.103
2026-07-24T21:33:50,113,14.9,24.413,1,0.8587,131.077
2026-07-24T21:33:50,114,14.731,25.085,1,0.8583,130.77
2026-07-24T21:33:50,115,15.179,24.057,2,0.6041,130.574
2026-07-24T21:33:50,116,14.785,24.789,2,0.6348,130.555
2026-07-24T21:33:50,117,14.867,24.813,2,0.629,130.42
2026-07-24T21:33:50,118,15.357,23.508,2,0.6191,130.218
2026-07-24T21:33:50,119,14.539,25.051,1,0.8684,130.033
2026-07-24T21:33:50,120,14.132,28.643,2,0.614,129.942
2026-07-24T21:33:50,121,15.512,23.979,2,0.6388,129.883
2026-07-24T21:33:50,122,14.877,24.041,2,0.6708,129.783
2026-07-24T21:33:50,123,14.641,24.824,2,0.6055,129.54
2026-07-24T21:33:50,124,15.109,24.478,2,0.6515,129.349
2026-07-24T21:33:50,125,14.738,24.974,2,0.6624,129.336
2026-07-24T21:33:50,126,15.744,23.738,2,0.6515,129.419
2026-07-24T21:33:50,127,15.035,23.946,2,0.6424,129.504
2026-07-24T21:33:51,128,14.429,26.011,2,0.669,129.509
2026-07-24T21:33:51,129,15.189,24.304,2,0.643,129.486
2026-07-24T21:33:51,130,15.24,23.308,2,0.6182,129.495
2026-07-24T21:33:51,131,14.799,23.915,2,0.6333,129.507
2026-07-24T21:33:51,132,14.296,26.715,2,0.6997,129.5
2026-07-24T21:33:51,133,13.932,23.606,2,0.6975,129.451
2026-07-24T21:33:51,134,13.215,24.312,2,0.6715,129.419
2026-07-24T21:33:51,135,15.57,23.738,2,0.6632,129.468
2026-07-24T21:33:51,136,17.275,21.581,2,0.6633,129.575
2026-07-24T21:33:51,137,13.817,23.524,3,0.5516,129.709
2026-07-24T21:33:51,138,15.373,23.151,3,0.5765,129.888
2026-07-24T21:33:51,139,15.071,22.353,3,0.5922,130.286
2026-07-24T21:33:51,140,14.4,23.233,3,0.5915,130.758
2026-07-24T21:33:51,141,15.463,22.326,2,0.641,131.01
2026-07-24T21:33:51,142,15.02,22.562,2,0.6835,131.136
2026-07-24T21:33:52,143,14.491,23.659,2,0.6748,131.481
2026-07-24T21:33:52,144,15.21,23.198,2,0.6642,131.975
2026-07-24T21:33:52,145,16.215,22.14,2,0.6604,132.362
2026-07-24T21:33:52,146,13.018,23.374,1,0.8595,132.492
2026-07-24T21:33:52,147,16.036,22.718,2,0.6081,132.672
2026-07-24T21:33:52,148,14.955,22.8,2,0.6292,132.874
2026-07-24T21:33:52,149,14.543,23.743,2,0.6274,133.066
2026-07-24T21:33:52,150,15.192,23.156,2,0.6198,133.186
2026-07-24T21:33:52,151,16.385,22.212,2,0.648,133.059
2026-07-24T21:33:52,152,13.343,24.375,2,0.6301,132.935
2026-07-24T21:33:52,153,14.888,23.958,1,0.8825,132.846
2026-07-24T21:33:52,154,15.303,23.544,1,0.8805,132.802
2026-07-24T21:33:52,155,15.14,22.906,1,0.8731,132.732
2026-07-24T21:33:52,156,14.839,23.08,1,0.8611,132.404
2026-07-24T21:33:52,157,15.071,22.82,2,0.6271,132.135
2026-07-24T21:33:53,158,14.74,22.915,2,0.637,131.951
2026-07-24T21:33:53,159,14.936,23.213,2,0.6508,131.76
2026-07-24T21:33:53,160,16.374,22.281,2,0.6592,131.535
2026-07-24T21:33:53,161,12.646,23.588,2,0.6452,131.155
2026-07-24T21:33:53,162,16.912,22.754,2,0.6498,130.952
2026-07-24T21:33:53,163,14.799,22.735,2,0.6488,130.887
2026-07-24T21:33:53,164,14.558,22.608,2,0.6552,130.883
2026-07-24T21:33:53,165,14.903,23.469,2,0.6289,130.875
2026-07-24T21:33:53,166,15.265,22.499,2,0.655,130.745
2026-07-24T21:33:53,167,14.467,23.2,2,0.6475,130.646
2026-07-24T21:33:53,168,15.467,22.541,2,0.6361,130.624
2026-07-24T21:33:53,169,14.934,22.007,2,0.6532,130.639
2026-07-24T21:33:53,170,14.282,23.317,3,0.5773,130.59
2026-07-24T21:33:53,171,14.965,23.596,2,0.6625,130.486
2026-07-24T21:33:53,172,15.83,22.194,2,0.621,130.415
2026-07-24T21:33:54,173,13.731,23.389,3,0.5364,130.363
2026-07-24T21:33:54,174,15.705,22.984,3,0.5426,130.366
2026-07-24T21:33:54,175,16.933,22.531,3,0.5535,130.381
2026-07-24T21:33:54,176,12.236,24.615,2,0.6234,130.383
2026-07-24T21:33:54,177,15.398,22.817,2,0.6324,130.355
2026-07-24T21:33:54,178,17.785,21.976,2,0.648,130.335
2026-07-24T21:33:54,179,12.892,23.63,2,0.6626,130.319
2026-07-24T21:33:54,180,16.186,22.921,2,0.6641,130.295
2026-07-24T21:33:54,181,15.419,22.085,2,0.671,130.214
2026-07-24T21:33:54,182,13.494,23.115,3,0.5589,130.159
2026-07-24T21:33:54,183,17.559,22.764,2,0.6542,130.31
2026-07-24T21:33:54,184,13.964,22.036,3,0.5614,130.515
2026-07-24T21:33:54,185,14.635,22.85,3,0.5812,130.838
2026-07-24T21:33:54,186,14.51,23.809,3,0.5578,131.093
2026-07-24T21:33:55,187,15.962,21.892,3,0.5524,131.349
2026-07-24T21:33:55,188,13.831,23.802,3,0.575,131.612
2026-07-24T21:33:55,189,15.448,23.07,2,0.6623,131.702
2026-07-24T21:33:55,190,15.368,22.082,2,0.6423,131.964
2026-07-24T21:33:55,191,14.492,22.95,2,0.6566,132.39
2026-07-24T21:33:55,192,14.802,23.57,2,0.6207,132.69
2026-07-24T21:33:55,193,16.302,22.326,2,0.6264,132.795
2026-07-24T21:33:55,194,13.453,23.22,1,0.8711,132.894
2026-07-24T21:33:55,195,15.759,22.211,1,0.8643,133.002
2026-07-24T21:33:55,196,15.439,22.316,2,0.6179,133.017
2026-07-24T21:33:55,197,13.77,23.472,1,0.8611,133.012
2026-07-24T21:33:55,198,16.278,23.034,2,0.6071,132.93
2026-07-24T21:33:55,199,14.707,22.238,2,0.6105,132.689
2026-07-24T21:33:55,200,14.297,23.022,2,0.6201,132.347
2026-07-24T21:33:55,201,15.212,23.438,2,0.6198,132.115
2026-07-24T21:33:56,202,15.113,22.238,2,0.6351,131.979
2026-07-24T21:33:56,203,14.738,23.427,2,0.625,131.72
2026-07-24T21:33:56,204,14.71,23.424,2,0.6064,131.4
2026-07-24T21:33:56,205,15.716,22.541,2,0.6193,131.18
2026-07-24T21:33:56,206,14.318,24.374,3,0.5413,131.021
2026-07-24T21:33:56,207,14.034,24.481,2,0.6475,130.804
2026-07-24T21:33:56,208,16.242,22.758,2,0.6483,130.521
2026-07-24T21:33:56,209,14.125,23.516,2,0.6712,130.29
2026-07-24T21:33:56,210,14.76,23.723,2,0.6704,130.191
2026-07-24T21:33:56,211,16.848,22.652,2,0.6739,130.158
2026-07-24T21:33:56,212,13.66,23.199,2,0.6663,130.174
2026-07-24T21:33:56,213,15.544,22.383,2,0.6564,130.086
